<?xml version="1.0" encoding="UTF-8"?>
<!-- Informatica proprietary -->
<!DOCTYPE POWERMART SYSTEM "powrmart.dtd">
<POWERMART CREATION_DATE="03/20/2025 12:54:33" REPOSITORY_VERSION="189.98">
<REPOSITORY NAME="pc105_repo_dev2_3" VERSION="189" CODEPAGE="UTF-8" DATABASETYPE="Oracle">
<FOLDER NAME="CDM_DEV3_SFDC" GROUP="" OWNER="Administrator" SHARED="NOTSHARED" DESCRIPTION="" PERMISSIONS="rwx---r--" UUID="5404d1b7-cc63-4bb7-9210-a5b0d9e4e4dc">
    <SOURCE BUSINESSNAME ="" DATABASETYPE ="Microsoft SQL Server" DBDNAME ="CDM_SQL_PRE_LANDING_SRC" DESCRIPTION ="" NAME ="pre_land_sfdc_organization" OBJECTVERSION ="1" OWNERNAME ="" VERSIONNUMBER ="1">
        <SOURCEFIELD BUSINESSNAME ="" DATATYPE ="nvarchar" DESCRIPTION ="" FIELDNUMBER ="1" FIELDPROPERTY ="0" FIELDTYPE ="ELEMITEM" HIDDEN ="NO" KEYTYPE ="NOT A KEY" LENGTH ="0" LEVEL ="0" NAME ="Id" NULLABLE ="NULL" OCCURS ="0" OFFSET ="0" PHYSICALLENGTH ="18" PHYSICALOFFSET ="0" PICTURETEXT ="" PRECISION ="18" SCALE ="0" USAGE_FLAGS =""/>
        <SOURCEFIELD BUSINESSNAME ="" DATATYPE ="nvarchar" DESCRIPTION ="" FIELDNUMBER ="2" FIELDPROPERTY ="0" FIELDTYPE ="ELEMITEM" HIDDEN ="NO" KEYTYPE ="NOT A KEY" LENGTH ="0" LEVEL ="0" NAME ="ParentId" NULLABLE ="NULL" OCCURS ="0" OFFSET ="0" PHYSICALLENGTH ="18" PHYSICALOFFSET ="18" PICTURETEXT ="" PRECISION ="18" SCALE ="0" USAGE_FLAGS =""/>
        <SOURCEFIELD BUSINESSNAME ="" DATATYPE ="nvarchar" DESCRIPTION ="" FIELDNUMBER ="3" FIELDPROPERTY ="0" FIELDTYPE ="ELEMITEM" HIDDEN ="NO" KEYTYPE ="NOT A KEY" LENGTH ="0" LEVEL ="0" NAME ="Tier__c" NULLABLE ="NULL" OCCURS ="0" OFFSET ="0" PHYSICALLENGTH ="255" PHYSICALOFFSET ="36" PICTURETEXT ="" PRECISION ="255" SCALE ="0" USAGE_FLAGS =""/>
        <SOURCEFIELD BUSINESSNAME ="" DATATYPE ="nvarchar" DESCRIPTION ="" FIELDNUMBER ="4" FIELDPROPERTY ="0" FIELDTYPE ="ELEMITEM" HIDDEN ="NO" KEYTYPE ="NOT A KEY" LENGTH ="0" LEVEL ="0" NAME ="Status__c" NULLABLE ="NULL" OCCURS ="0" OFFSET ="0" PHYSICALLENGTH ="255" PHYSICALOFFSET ="291" PICTURETEXT ="" PRECISION ="255" SCALE ="0" USAGE_FLAGS =""/>
        <SOURCEFIELD BUSINESSNAME ="" DATATYPE ="nvarchar" DESCRIPTION ="" FIELDNUMBER ="5" FIELDPROPERTY ="0" FIELDTYPE ="ELEMITEM" HIDDEN ="NO" KEYTYPE ="NOT A KEY" LENGTH ="0" LEVEL ="0" NAME ="RecordTypeName" NULLABLE ="NULL" OCCURS ="0" OFFSET ="0" PHYSICALLENGTH ="80" PHYSICALOFFSET ="546" PICTURETEXT ="" PRECISION ="80" SCALE ="0" USAGE_FLAGS =""/>
        <SOURCEFIELD BUSINESSNAME ="" DATATYPE ="nvarchar" DESCRIPTION ="" FIELDNUMBER ="6" FIELDPROPERTY ="0" FIELDTYPE ="ELEMITEM" HIDDEN ="NO" KEYTYPE ="NOT A KEY" LENGTH ="0" LEVEL ="0" NAME ="CRD__c" NULLABLE ="NULL" OCCURS ="0" OFFSET ="0" PHYSICALLENGTH ="15" PHYSICALOFFSET ="626" PICTURETEXT ="" PRECISION ="15" SCALE ="0" USAGE_FLAGS =""/>
        <SOURCEFIELD BUSINESSNAME ="" DATATYPE ="nvarchar" DESCRIPTION ="" FIELDNUMBER ="7" FIELDPROPERTY ="0" FIELDTYPE ="ELEMITEM" HIDDEN ="NO" KEYTYPE ="NOT A KEY" LENGTH ="0" LEVEL ="0" NAME ="Registration_Type__c" NULLABLE ="NULL" OCCURS ="0" OFFSET ="0" PHYSICALLENGTH ="4000" PHYSICALOFFSET ="641" PICTURETEXT ="" PRECISION ="4000" SCALE ="0" USAGE_FLAGS =""/>
        <SOURCEFIELD BUSINESSNAME ="" DATATYPE ="nvarchar" DESCRIPTION ="" FIELDNUMBER ="8" FIELDPROPERTY ="0" FIELDTYPE ="ELEMITEM" HIDDEN ="NO" KEYTYPE ="NOT A KEY" LENGTH ="0" LEVEL ="0" NAME ="Primary_CG_Org_Owner__c" NULLABLE ="NULL" OCCURS ="0" OFFSET ="0" PHYSICALLENGTH ="18" PHYSICALOFFSET ="4641" PICTURETEXT ="" PRECISION ="18" SCALE ="0" USAGE_FLAGS =""/>
        <SOURCEFIELD BUSINESSNAME ="" DATATYPE ="nvarchar" DESCRIPTION ="" FIELDNUMBER ="9" FIELDPROPERTY ="0" FIELDTYPE ="ELEMITEM" HIDDEN ="NO" KEYTYPE ="NOT A KEY" LENGTH ="0" LEVEL ="0" NAME ="Primary_CG_Org_Owner__r_alias" NULLABLE ="NULL" OCCURS ="0" OFFSET ="0" PHYSICALLENGTH ="8" PHYSICALOFFSET ="4659" PICTURETEXT ="" PRECISION ="8" SCALE ="0" USAGE_FLAGS =""/>
        <SOURCEFIELD BUSINESSNAME ="" DATATYPE ="nvarchar" DESCRIPTION ="" FIELDNUMBER ="10" FIELDPROPERTY ="0" FIELDTYPE ="ELEMITEM" HIDDEN ="NO" KEYTYPE ="NOT A KEY" LENGTH ="0" LEVEL ="0" NAME ="Primary_CG_Org_Owner__r_Associate_ID__c" NULLABLE ="NULL" OCCURS ="0" OFFSET ="0" PHYSICALLENGTH ="15" PHYSICALOFFSET ="4667" PICTURETEXT ="" PRECISION ="15" SCALE ="0" USAGE_FLAGS =""/>
        <SOURCEFIELD BUSINESSNAME ="" DATATYPE ="nvarchar" DESCRIPTION ="" FIELDNUMBER ="11" FIELDPROPERTY ="0" FIELDTYPE ="ELEMITEM" HIDDEN ="NO" KEYTYPE ="NOT A KEY" LENGTH ="0" LEVEL ="0" NAME ="Primary_Channel__c" NULLABLE ="NULL" OCCURS ="0" OFFSET ="0" PHYSICALLENGTH ="255" PHYSICALOFFSET ="4682" PICTURETEXT ="" PRECISION ="255" SCALE ="0" USAGE_FLAGS =""/>
        <SOURCEFIELD BUSINESSNAME ="" DATATYPE ="nvarchar" DESCRIPTION ="" FIELDNUMBER ="12" FIELDPROPERTY ="0" FIELDTYPE ="ELEMITEM" HIDDEN ="NO" KEYTYPE ="NOT A KEY" LENGTH ="0" LEVEL ="0" NAME ="Type" NULLABLE ="NULL" OCCURS ="0" OFFSET ="0" PHYSICALLENGTH ="40" PHYSICALOFFSET ="4937" PICTURETEXT ="" PRECISION ="40" SCALE ="0" USAGE_FLAGS =""/>
        <SOURCEFIELD BUSINESSNAME ="" DATATYPE ="nvarchar" DESCRIPTION ="" FIELDNUMBER ="13" FIELDPROPERTY ="0" FIELDTYPE ="ELEMITEM" HIDDEN ="NO" KEYTYPE ="NOT A KEY" LENGTH ="0" LEVEL ="0" NAME ="Organization_Direct__c" NULLABLE ="NULL" OCCURS ="0" OFFSET ="0" PHYSICALLENGTH ="15" PHYSICALOFFSET ="4977" PICTURETEXT ="" PRECISION ="15" SCALE ="0" USAGE_FLAGS =""/>
        <SOURCEFIELD BUSINESSNAME ="" DATATYPE ="nvarchar" DESCRIPTION ="" FIELDNUMBER ="14" FIELDPROPERTY ="0" FIELDTYPE ="ELEMITEM" HIDDEN ="NO" KEYTYPE ="NOT A KEY" LENGTH ="0" LEVEL ="0" NAME ="Name" NULLABLE ="NULL" OCCURS ="0" OFFSET ="0" PHYSICALLENGTH ="255" PHYSICALOFFSET ="4992" PICTURETEXT ="" PRECISION ="255" SCALE ="0" USAGE_FLAGS =""/>
        <SOURCEFIELD BUSINESSNAME ="" DATATYPE ="nvarchar" DESCRIPTION ="" FIELDNUMBER ="15" FIELDPROPERTY ="0" FIELDTYPE ="ELEMITEM" HIDDEN ="NO" KEYTYPE ="NOT A KEY" LENGTH ="0" LEVEL ="0" NAME ="Marketing_Email_Restriction__c" NULLABLE ="NULL" OCCURS ="0" OFFSET ="0" PHYSICALLENGTH ="255" PHYSICALOFFSET ="5247" PICTURETEXT ="" PRECISION ="255" SCALE ="0" USAGE_FLAGS =""/>
        <SOURCEFIELD BUSINESSNAME ="" DATATYPE ="nvarchar" DESCRIPTION ="" FIELDNUMBER ="16" FIELDPROPERTY ="0" FIELDTYPE ="ELEMITEM" HIDDEN ="NO" KEYTYPE ="NOT A KEY" LENGTH ="0" LEVEL ="0" NAME ="Organization_ID__c" NULLABLE ="NULL" OCCURS ="0" OFFSET ="0" PHYSICALLENGTH ="15" PHYSICALOFFSET ="5502" PICTURETEXT ="" PRECISION ="15" SCALE ="0" USAGE_FLAGS =""/>
        <SOURCEFIELD BUSINESSNAME ="" DATATYPE ="nvarchar" DESCRIPTION ="" FIELDNUMBER ="17" FIELDPROPERTY ="0" FIELDTYPE ="ELEMITEM" HIDDEN ="NO" KEYTYPE ="NOT A KEY" LENGTH ="0" LEVEL ="0" NAME ="BillingStreet" NULLABLE ="NULL" OCCURS ="0" OFFSET ="0" PHYSICALLENGTH ="255" PHYSICALOFFSET ="5517" PICTURETEXT ="" PRECISION ="255" SCALE ="0" USAGE_FLAGS =""/>
        <SOURCEFIELD BUSINESSNAME ="" DATATYPE ="nvarchar" DESCRIPTION ="" FIELDNUMBER ="18" FIELDPROPERTY ="0" FIELDTYPE ="ELEMITEM" HIDDEN ="NO" KEYTYPE ="NOT A KEY" LENGTH ="0" LEVEL ="0" NAME ="BillingCity" NULLABLE ="NULL" OCCURS ="0" OFFSET ="0" PHYSICALLENGTH ="40" PHYSICALOFFSET ="5772" PICTURETEXT ="" PRECISION ="40" SCALE ="0" USAGE_FLAGS =""/>
        <SOURCEFIELD BUSINESSNAME ="" DATATYPE ="nvarchar" DESCRIPTION ="" FIELDNUMBER ="19" FIELDPROPERTY ="0" FIELDTYPE ="ELEMITEM" HIDDEN ="NO" KEYTYPE ="NOT A KEY" LENGTH ="0" LEVEL ="0" NAME ="BillingState" NULLABLE ="NULL" OCCURS ="0" OFFSET ="0" PHYSICALLENGTH ="80" PHYSICALOFFSET ="5812" PICTURETEXT ="" PRECISION ="80" SCALE ="0" USAGE_FLAGS =""/>
        <SOURCEFIELD BUSINESSNAME ="" DATATYPE ="nvarchar" DESCRIPTION ="" FIELDNUMBER ="20" FIELDPROPERTY ="0" FIELDTYPE ="ELEMITEM" HIDDEN ="NO" KEYTYPE ="NOT A KEY" LENGTH ="0" LEVEL ="0" NAME ="BillingPostalCode" NULLABLE ="NULL" OCCURS ="0" OFFSET ="0" PHYSICALLENGTH ="20" PHYSICALOFFSET ="5892" PICTURETEXT ="" PRECISION ="20" SCALE ="0" USAGE_FLAGS =""/>
        <SOURCEFIELD BUSINESSNAME ="" DATATYPE ="nvarchar" DESCRIPTION ="" FIELDNUMBER ="21" FIELDPROPERTY ="0" FIELDTYPE ="ELEMITEM" HIDDEN ="NO" KEYTYPE ="NOT A KEY" LENGTH ="0" LEVEL ="0" NAME ="BillingCountry" NULLABLE ="NULL" OCCURS ="0" OFFSET ="0" PHYSICALLENGTH ="80" PHYSICALOFFSET ="5912" PICTURETEXT ="" PRECISION ="80" SCALE ="0" USAGE_FLAGS =""/>
        <SOURCEFIELD BUSINESSNAME ="" DATATYPE ="nvarchar" DESCRIPTION ="" FIELDNUMBER ="22" FIELDPROPERTY ="0" FIELDTYPE ="ELEMITEM" HIDDEN ="NO" KEYTYPE ="NOT A KEY" LENGTH ="0" LEVEL ="0" NAME ="IsDeleted" NULLABLE ="NULL" OCCURS ="0" OFFSET ="0" PHYSICALLENGTH ="5" PHYSICALOFFSET ="5992" PICTURETEXT ="" PRECISION ="5" SCALE ="0" USAGE_FLAGS =""/>
        <SOURCEFIELD BUSINESSNAME ="" DATATYPE ="nvarchar" DESCRIPTION ="" FIELDNUMBER ="23" FIELDPROPERTY ="0" FIELDTYPE ="ELEMITEM" HIDDEN ="NO" KEYTYPE ="NOT A KEY" LENGTH ="0" LEVEL ="0" NAME ="CreatedByAlias" NULLABLE ="NULL" OCCURS ="0" OFFSET ="0" PHYSICALLENGTH ="8" PHYSICALOFFSET ="5997" PICTURETEXT ="" PRECISION ="8" SCALE ="0" USAGE_FLAGS =""/>
        <SOURCEFIELD BUSINESSNAME ="" DATATYPE ="nvarchar" DESCRIPTION ="" FIELDNUMBER ="24" FIELDPROPERTY ="0" FIELDTYPE ="ELEMITEM" HIDDEN ="NO" KEYTYPE ="NOT A KEY" LENGTH ="0" LEVEL ="0" NAME ="CreatedDate" NULLABLE ="NULL" OCCURS ="0" OFFSET ="0" PHYSICALLENGTH ="29" PHYSICALOFFSET ="6005" PICTURETEXT ="" PRECISION ="29" SCALE ="0" USAGE_FLAGS =""/>
        <SOURCEFIELD BUSINESSNAME ="" DATATYPE ="nvarchar" DESCRIPTION ="" FIELDNUMBER ="25" FIELDPROPERTY ="0" FIELDTYPE ="ELEMITEM" HIDDEN ="NO" KEYTYPE ="NOT A KEY" LENGTH ="0" LEVEL ="0" NAME ="LastModifiedByAlias" NULLABLE ="NULL" OCCURS ="0" OFFSET ="0" PHYSICALLENGTH ="8" PHYSICALOFFSET ="6034" PICTURETEXT ="" PRECISION ="8" SCALE ="0" USAGE_FLAGS =""/>
        <SOURCEFIELD BUSINESSNAME ="" DATATYPE ="nvarchar" DESCRIPTION ="" FIELDNUMBER ="26" FIELDPROPERTY ="0" FIELDTYPE ="ELEMITEM" HIDDEN ="NO" KEYTYPE ="NOT A KEY" LENGTH ="0" LEVEL ="0" NAME ="LastModifiedDate" NULLABLE ="NULL" OCCURS ="0" OFFSET ="0" PHYSICALLENGTH ="29" PHYSICALOFFSET ="6042" PICTURETEXT ="" PRECISION ="29" SCALE ="0" USAGE_FLAGS =""/>
        <SOURCEFIELD BUSINESSNAME ="" DATATYPE ="nvarchar" DESCRIPTION ="" FIELDNUMBER ="27" FIELDPROPERTY ="0" FIELDTYPE ="ELEMITEM" HIDDEN ="NO" KEYTYPE ="NOT A KEY" LENGTH ="0" LEVEL ="0" NAME ="GU_ID__c" NULLABLE ="NULL" OCCURS ="0" OFFSET ="0" PHYSICALLENGTH ="18" PHYSICALOFFSET ="6071" PICTURETEXT ="" PRECISION ="18" SCALE ="0" USAGE_FLAGS =""/>
        <SOURCEFIELD BUSINESSNAME ="" DATATYPE ="nvarchar" DESCRIPTION ="" FIELDNUMBER ="28" FIELDPROPERTY ="0" FIELDTYPE ="ELEMITEM" HIDDEN ="NO" KEYTYPE ="NOT A KEY" LENGTH ="0" LEVEL ="0" NAME ="Source_System_Name" NULLABLE ="NULL" OCCURS ="0" OFFSET ="0" PHYSICALLENGTH ="18" PHYSICALOFFSET ="6089" PICTURETEXT ="" PRECISION ="18" SCALE ="0" USAGE_FLAGS =""/>
        <SOURCEFIELD BUSINESSNAME ="" DATATYPE ="nvarchar" DESCRIPTION ="" FIELDNUMBER ="29" FIELDPROPERTY ="0" FIELDTYPE ="ELEMITEM" HIDDEN ="NO" KEYTYPE ="NOT A KEY" LENGTH ="0" LEVEL ="0" NAME ="Primary_Address_Type__c" NULLABLE ="NULL" OCCURS ="0" OFFSET ="0" PHYSICALLENGTH ="255" PHYSICALOFFSET ="6107" PICTURETEXT ="" PRECISION ="255" SCALE ="0" USAGE_FLAGS =""/>
        <SOURCEFIELD BUSINESSNAME ="" DATATYPE ="nvarchar" DESCRIPTION ="" FIELDNUMBER ="30" FIELDPROPERTY ="0" FIELDTYPE ="ELEMITEM" HIDDEN ="NO" KEYTYPE ="NOT A KEY" LENGTH ="0" LEVEL ="0" NAME ="Secondary_Address_Type__c" NULLABLE ="NULL" OCCURS ="0" OFFSET ="0" PHYSICALLENGTH ="255" PHYSICALOFFSET ="6362" PICTURETEXT ="" PRECISION ="255" SCALE ="0" USAGE_FLAGS =""/>
        <SOURCEFIELD BUSINESSNAME ="" DATATYPE ="nvarchar" DESCRIPTION ="" FIELDNUMBER ="31" FIELDPROPERTY ="0" FIELDTYPE ="ELEMITEM" HIDDEN ="NO" KEYTYPE ="NOT A KEY" LENGTH ="0" LEVEL ="0" NAME ="Location_Type__c" NULLABLE ="NULL" OCCURS ="0" OFFSET ="0" PHYSICALLENGTH ="255" PHYSICALOFFSET ="6617" PICTURETEXT ="" PRECISION ="255" SCALE ="0" USAGE_FLAGS =""/>
        <SOURCEFIELD BUSINESSNAME ="" DATATYPE ="nvarchar" DESCRIPTION ="" FIELDNUMBER ="32" FIELDPROPERTY ="0" FIELDTYPE ="ELEMITEM" HIDDEN ="NO" KEYTYPE ="NOT A KEY" LENGTH ="0" LEVEL ="0" NAME ="Legal_Name__c" NULLABLE ="NULL" OCCURS ="0" OFFSET ="0" PHYSICALLENGTH ="255" PHYSICALOFFSET ="6872" PICTURETEXT ="" PRECISION ="255" SCALE ="0" USAGE_FLAGS =""/>
        <SOURCEFIELD BUSINESSNAME ="" DATATYPE ="nvarchar" DESCRIPTION ="" FIELDNUMBER ="33" FIELDPROPERTY ="0" FIELDTYPE ="ELEMITEM" HIDDEN ="NO" KEYTYPE ="NOT A KEY" LENGTH ="0" LEVEL ="0" NAME ="SEC__c" NULLABLE ="NULL" OCCURS ="0" OFFSET ="0" PHYSICALLENGTH ="25" PHYSICALOFFSET ="7127" PICTURETEXT ="" PRECISION ="25" SCALE ="0" USAGE_FLAGS =""/>
        <SOURCEFIELD BUSINESSNAME ="" DATATYPE ="nvarchar" DESCRIPTION ="" FIELDNUMBER ="34" FIELDPROPERTY ="0" FIELDTYPE ="ELEMITEM" HIDDEN ="NO" KEYTYPE ="NOT A KEY" LENGTH ="0" LEVEL ="0" NAME ="ShippingStreet" NULLABLE ="NULL" OCCURS ="0" OFFSET ="0" PHYSICALLENGTH ="255" PHYSICALOFFSET ="7152" PICTURETEXT ="" PRECISION ="255" SCALE ="0" USAGE_FLAGS =""/>
        <SOURCEFIELD BUSINESSNAME ="" DATATYPE ="nvarchar" DESCRIPTION ="" FIELDNUMBER ="35" FIELDPROPERTY ="0" FIELDTYPE ="ELEMITEM" HIDDEN ="NO" KEYTYPE ="NOT A KEY" LENGTH ="0" LEVEL ="0" NAME ="ShippingCity" NULLABLE ="NULL" OCCURS ="0" OFFSET ="0" PHYSICALLENGTH ="40" PHYSICALOFFSET ="7407" PICTURETEXT ="" PRECISION ="40" SCALE ="0" USAGE_FLAGS =""/>
        <SOURCEFIELD BUSINESSNAME ="" DATATYPE ="nvarchar" DESCRIPTION ="" FIELDNUMBER ="36" FIELDPROPERTY ="0" FIELDTYPE ="ELEMITEM" HIDDEN ="NO" KEYTYPE ="NOT A KEY" LENGTH ="0" LEVEL ="0" NAME ="ShippingState" NULLABLE ="NULL" OCCURS ="0" OFFSET ="0" PHYSICALLENGTH ="80" PHYSICALOFFSET ="7447" PICTURETEXT ="" PRECISION ="80" SCALE ="0" USAGE_FLAGS =""/>
        <SOURCEFIELD BUSINESSNAME ="" DATATYPE ="nvarchar" DESCRIPTION ="" FIELDNUMBER ="37" FIELDPROPERTY ="0" FIELDTYPE ="ELEMITEM" HIDDEN ="NO" KEYTYPE ="NOT A KEY" LENGTH ="0" LEVEL ="0" NAME ="ShippingPostalCode" NULLABLE ="NULL" OCCURS ="0" OFFSET ="0" PHYSICALLENGTH ="20" PHYSICALOFFSET ="7527" PICTURETEXT ="" PRECISION ="20" SCALE ="0" USAGE_FLAGS =""/>
        <SOURCEFIELD BUSINESSNAME ="" DATATYPE ="nvarchar" DESCRIPTION ="" FIELDNUMBER ="38" FIELDPROPERTY ="0" FIELDTYPE ="ELEMITEM" HIDDEN ="NO" KEYTYPE ="NOT A KEY" LENGTH ="0" LEVEL ="0" NAME ="ShippingCountry" NULLABLE ="NULL" OCCURS ="0" OFFSET ="0" PHYSICALLENGTH ="80" PHYSICALOFFSET ="7547" PICTURETEXT ="" PRECISION ="80" SCALE ="0" USAGE_FLAGS =""/>
        <SOURCEFIELD BUSINESSNAME ="" DATATYPE ="nvarchar" DESCRIPTION ="" FIELDNUMBER ="39" FIELDPROPERTY ="0" FIELDTYPE ="ELEMITEM" HIDDEN ="NO" KEYTYPE ="NOT A KEY" LENGTH ="0" LEVEL ="0" NAME ="Corporate_Structure__c" NULLABLE ="NULL" OCCURS ="0" OFFSET ="0" PHYSICALLENGTH ="255" PHYSICALOFFSET ="7627" PICTURETEXT ="" PRECISION ="255" SCALE ="0" USAGE_FLAGS =""/>
        <SOURCEFIELD BUSINESSNAME ="" DATATYPE ="nvarchar" DESCRIPTION ="" FIELDNUMBER ="40" FIELDPROPERTY ="0" FIELDTYPE ="ELEMITEM" HIDDEN ="NO" KEYTYPE ="NOT A KEY" LENGTH ="0" LEVEL ="0" NAME ="Inactivated_Date__c" NULLABLE ="NULL" OCCURS ="0" OFFSET ="0" PHYSICALLENGTH ="29" PHYSICALOFFSET ="7882" PICTURETEXT ="" PRECISION ="29" SCALE ="0" USAGE_FLAGS =""/>
        <SOURCEFIELD BUSINESSNAME ="" DATATYPE ="nvarchar" DESCRIPTION ="" FIELDNUMBER ="41" FIELDPROPERTY ="0" FIELDTYPE ="ELEMITEM" HIDDEN ="NO" KEYTYPE ="NOT A KEY" LENGTH ="0" LEVEL ="0" NAME ="Org_Tax_ID_Number__c" NULLABLE ="NULL" OCCURS ="0" OFFSET ="0" PHYSICALLENGTH ="50" PHYSICALOFFSET ="7911" PICTURETEXT ="" PRECISION ="50" SCALE ="0" USAGE_FLAGS =""/>
        <SOURCEFIELD BUSINESSNAME ="" DATATYPE ="nvarchar" DESCRIPTION ="" FIELDNUMBER ="42" FIELDPROPERTY ="0" FIELDTYPE ="ELEMITEM" HIDDEN ="NO" KEYTYPE ="NOT A KEY" LENGTH ="0" LEVEL ="0" NAME ="Phone" NULLABLE ="NULL" OCCURS ="0" OFFSET ="0" PHYSICALLENGTH ="40" PHYSICALOFFSET ="7961" PICTURETEXT ="" PRECISION ="40" SCALE ="0" USAGE_FLAGS =""/>
        <SOURCEFIELD BUSINESSNAME ="" DATATYPE ="nvarchar" DESCRIPTION ="" FIELDNUMBER ="43" FIELDPROPERTY ="0" FIELDTYPE ="ELEMITEM" HIDDEN ="NO" KEYTYPE ="NOT A KEY" LENGTH ="0" LEVEL ="0" NAME ="Fax" NULLABLE ="NULL" OCCURS ="0" OFFSET ="0" PHYSICALLENGTH ="40" PHYSICALOFFSET ="8001" PICTURETEXT ="" PRECISION ="40" SCALE ="0" USAGE_FLAGS =""/>
        <SOURCEFIELD BUSINESSNAME ="" DATATYPE ="nvarchar" DESCRIPTION ="" FIELDNUMBER ="44" FIELDPROPERTY ="0" FIELDTYPE ="ELEMITEM" HIDDEN ="NO" KEYTYPE ="NOT A KEY" LENGTH ="0" LEVEL ="0" NAME ="Website" NULLABLE ="NULL" OCCURS ="0" OFFSET ="0" PHYSICALLENGTH ="255" PHYSICALOFFSET ="8041" PICTURETEXT ="" PRECISION ="255" SCALE ="0" USAGE_FLAGS =""/>
        <SOURCEFIELD BUSINESSNAME ="" DATATYPE ="nvarchar" DESCRIPTION ="" FIELDNUMBER ="45" FIELDPROPERTY ="0" FIELDTYPE ="ELEMITEM" HIDDEN ="NO" KEYTYPE ="NOT A KEY" LENGTH ="0" LEVEL ="0" NAME ="Advisory_Other_Reason_Code_Details__c" NULLABLE ="NULL" OCCURS ="0" OFFSET ="0" PHYSICALLENGTH ="255" PHYSICALOFFSET ="8296" PICTURETEXT ="" PRECISION ="255" SCALE ="0" USAGE_FLAGS =""/>
        <SOURCEFIELD BUSINESSNAME ="" DATATYPE ="nvarchar" DESCRIPTION ="" FIELDNUMBER ="46" FIELDPROPERTY ="0" FIELDTYPE ="ELEMITEM" HIDDEN ="NO" KEYTYPE ="NOT A KEY" LENGTH ="0" LEVEL ="0" NAME ="Advisory_Reason_Code__c" NULLABLE ="NULL" OCCURS ="0" OFFSET ="0" PHYSICALLENGTH ="255" PHYSICALOFFSET ="8551" PICTURETEXT ="" PRECISION ="255" SCALE ="0" USAGE_FLAGS =""/>
        <SOURCEFIELD BUSINESSNAME ="" DATATYPE ="nvarchar" DESCRIPTION ="" FIELDNUMBER ="47" FIELDPROPERTY ="0" FIELDTYPE ="ELEMITEM" HIDDEN ="NO" KEYTYPE ="NOT A KEY" LENGTH ="0" LEVEL ="0" NAME ="Advisory_Reason_Code_Clarification__c" NULLABLE ="NULL" OCCURS ="0" OFFSET ="0" PHYSICALLENGTH ="255" PHYSICALOFFSET ="8806" PICTURETEXT ="" PRECISION ="255" SCALE ="0" USAGE_FLAGS =""/>
        <SOURCEFIELD BUSINESSNAME ="" DATATYPE ="nvarchar" DESCRIPTION ="" FIELDNUMBER ="48" FIELDPROPERTY ="0" FIELDTYPE ="ELEMITEM" HIDDEN ="NO" KEYTYPE ="NOT A KEY" LENGTH ="0" LEVEL ="0" NAME ="Advisory_Segmentation__c" NULLABLE ="NULL" OCCURS ="0" OFFSET ="0" PHYSICALLENGTH ="255" PHYSICALOFFSET ="9061" PICTURETEXT ="" PRECISION ="255" SCALE ="0" USAGE_FLAGS =""/>
        <SOURCEFIELD BUSINESSNAME ="" DATATYPE ="nvarchar" DESCRIPTION ="" FIELDNUMBER ="49" FIELDPROPERTY ="0" FIELDTYPE ="ELEMITEM" HIDDEN ="NO" KEYTYPE ="NOT A KEY" LENGTH ="0" LEVEL ="0" NAME ="Segmentation__c" NULLABLE ="NULL" OCCURS ="0" OFFSET ="0" PHYSICALLENGTH ="255" PHYSICALOFFSET ="9316" PICTURETEXT ="" PRECISION ="255" SCALE ="0" USAGE_FLAGS =""/>
        <SOURCEFIELD BUSINESSNAME ="" DATATYPE ="nvarchar" DESCRIPTION ="" FIELDNUMBER ="50" FIELDPROPERTY ="0" FIELDTYPE ="ELEMITEM" HIDDEN ="NO" KEYTYPE ="NOT A KEY" LENGTH ="0" LEVEL ="0" NAME ="channel__c" NULLABLE ="NULL" OCCURS ="0" OFFSET ="0" PHYSICALLENGTH ="255" PHYSICALOFFSET ="9571" PICTURETEXT ="" PRECISION ="255" SCALE ="0" USAGE_FLAGS =""/>
        <SOURCEFIELD BUSINESSNAME ="" DATATYPE ="nvarchar" DESCRIPTION ="" FIELDNUMBER ="51" FIELDPROPERTY ="0" FIELDTYPE ="ELEMITEM" HIDDEN ="NO" KEYTYPE ="NOT A KEY" LENGTH ="0" LEVEL ="0" NAME ="W_9__c" NULLABLE ="NULL" OCCURS ="0" OFFSET ="0" PHYSICALLENGTH ="255" PHYSICALOFFSET ="9826" PICTURETEXT ="" PRECISION ="255" SCALE ="0" USAGE_FLAGS =""/>
        <SOURCEFIELD BUSINESSNAME ="" DATATYPE ="nvarchar" DESCRIPTION ="" FIELDNUMBER ="52" FIELDPROPERTY ="0" FIELDTYPE ="ELEMITEM" HIDDEN ="NO" KEYTYPE ="NOT A KEY" LENGTH ="0" LEVEL ="0" NAME ="Segment__c" NULLABLE ="NULL" OCCURS ="0" OFFSET ="0" PHYSICALLENGTH ="255" PHYSICALOFFSET ="10081" PICTURETEXT ="" PRECISION ="255" SCALE ="0" USAGE_FLAGS =""/>
        <SOURCEFIELD BUSINESSNAME ="" DATATYPE ="nvarchar" DESCRIPTION ="" FIELDNUMBER ="53" FIELDPROPERTY ="0" FIELDTYPE ="ELEMITEM" HIDDEN ="NO" KEYTYPE ="NOT A KEY" LENGTH ="0" LEVEL ="0" NAME ="Restrict_Mail__c" NULLABLE ="NULL" OCCURS ="0" OFFSET ="0" PHYSICALLENGTH ="5" PHYSICALOFFSET ="10336" PICTURETEXT ="" PRECISION ="5" SCALE ="0" USAGE_FLAGS =""/>
        <SOURCEFIELD BUSINESSNAME ="" DATATYPE ="nvarchar" DESCRIPTION ="" FIELDNUMBER ="54" FIELDPROPERTY ="0" FIELDTYPE ="ELEMITEM" HIDDEN ="NO" KEYTYPE ="NOT A KEY" LENGTH ="0" LEVEL ="0" NAME ="Roles__c" NULLABLE ="NULL" OCCURS ="0" OFFSET ="0" PHYSICALLENGTH ="255" PHYSICALOFFSET ="10341" PICTURETEXT ="" PRECISION ="255" SCALE ="0" USAGE_FLAGS =""/>
        <SOURCEFIELD BUSINESSNAME ="" DATATYPE ="nvarchar" DESCRIPTION ="" FIELDNUMBER ="55" FIELDPROPERTY ="0" FIELDTYPE ="ELEMITEM" HIDDEN ="NO" KEYTYPE ="NOT A KEY" LENGTH ="0" LEVEL ="0" NAME ="Email_address__c" NULLABLE ="NULL" OCCURS ="0" OFFSET ="0" PHYSICALLENGTH ="255" PHYSICALOFFSET ="10596" PICTURETEXT ="" PRECISION ="255" SCALE ="0" USAGE_FLAGS =""/>
        <SOURCEFIELD BUSINESSNAME ="" DATATYPE ="nvarchar" DESCRIPTION ="" FIELDNUMBER ="56" FIELDPROPERTY ="0" FIELDTYPE ="ELEMITEM" HIDDEN ="NO" KEYTYPE ="NOT A KEY" LENGTH ="0" LEVEL ="0" NAME ="Entitiy_Name_DORIS_SOFI__c" NULLABLE ="NULL" OCCURS ="0" OFFSET ="0" PHYSICALLENGTH ="255" PHYSICALOFFSET ="10851" PICTURETEXT ="" PRECISION ="255" SCALE ="0" USAGE_FLAGS =""/>
        <SOURCEFIELD BUSINESSNAME ="" DATATYPE ="varchar" DESCRIPTION ="" FIELDNUMBER ="57" FIELDPROPERTY ="0" FIELDTYPE ="ELEMITEM" HIDDEN ="NO" KEYTYPE ="NOT A KEY" LENGTH ="0" LEVEL ="0" NAME ="Role_Stage__c" NULLABLE ="NULL" OCCURS ="0" OFFSET ="0" PHYSICALLENGTH ="255" PHYSICALOFFSET ="11106" PICTURETEXT ="" PRECISION ="255" SCALE ="0" USAGE_FLAGS =""/>
        <SOURCEFIELD BUSINESSNAME ="" DATATYPE ="varchar" DESCRIPTION ="" FIELDNUMBER ="58" FIELDPROPERTY ="0" FIELDTYPE ="ELEMITEM" HIDDEN ="NO" KEYTYPE ="NOT A KEY" LENGTH ="0" LEVEL ="0" NAME ="Client_RM_CRA__c" NULLABLE ="NULL" OCCURS ="0" OFFSET ="0" PHYSICALLENGTH ="255" PHYSICALOFFSET ="11361" PICTURETEXT ="" PRECISION ="255" SCALE ="0" USAGE_FLAGS =""/>
        <SOURCEFIELD BUSINESSNAME ="" DATATYPE ="varchar" DESCRIPTION ="" FIELDNUMBER ="59" FIELDPROPERTY ="0" FIELDTYPE ="ELEMITEM" HIDDEN ="NO" KEYTYPE ="NOT A KEY" LENGTH ="0" LEVEL ="0" NAME ="Service_Tier__c" NULLABLE ="NULL" OCCURS ="0" OFFSET ="0" PHYSICALLENGTH ="255" PHYSICALOFFSET ="11616" PICTURETEXT ="" PRECISION ="255" SCALE ="0" USAGE_FLAGS =""/>
        <SOURCEFIELD BUSINESSNAME ="" DATATYPE ="varchar" DESCRIPTION ="" FIELDNUMBER ="60" FIELDPROPERTY ="0" FIELDTYPE ="ELEMITEM" HIDDEN ="NO" KEYTYPE ="NOT A KEY" LENGTH ="0" LEVEL ="0" NAME ="RM_Institutional__c" NULLABLE ="NULL" OCCURS ="0" OFFSET ="0" PHYSICALLENGTH ="255" PHYSICALOFFSET ="11871" PICTURETEXT ="" PRECISION ="255" SCALE ="0" USAGE_FLAGS =""/>
        <SOURCEFIELD BUSINESSNAME ="" DATATYPE ="nvarchar" DESCRIPTION ="" FIELDNUMBER ="61" FIELDPROPERTY ="0" FIELDTYPE ="ELEMITEM" HIDDEN ="NO" KEYTYPE ="NOT A KEY" LENGTH ="0" LEVEL ="0" NAME ="Covered_Plan_Sponsor__c" NULLABLE ="NULL" OCCURS ="0" OFFSET ="0" PHYSICALLENGTH ="5" PHYSICALOFFSET ="12126" PICTURETEXT ="" PRECISION ="5" SCALE ="0" USAGE_FLAGS =""/>
        <SOURCEFIELD BUSINESSNAME ="" DATATYPE ="nvarchar" DESCRIPTION ="" FIELDNUMBER ="62" FIELDPROPERTY ="0" FIELDTYPE ="ELEMITEM" HIDDEN ="NO" KEYTYPE ="NOT A KEY" LENGTH ="0" LEVEL ="0" NAME ="external_id_c" NULLABLE ="NULL" OCCURS ="0" OFFSET ="0" PHYSICALLENGTH ="255" PHYSICALOFFSET ="12131" PICTURETEXT ="" PRECISION ="255" SCALE ="0" USAGE_FLAGS =""/>
        <SOURCEFIELD BUSINESSNAME ="" DATATYPE ="nvarchar" DESCRIPTION ="" FIELDNUMBER ="63" FIELDPROPERTY ="0" FIELDTYPE ="ELEMITEM" HIDDEN ="NO" KEYTYPE ="NOT A KEY" LENGTH ="0" LEVEL ="0" NAME ="Aggregator__c" NULLABLE ="NULL" OCCURS ="0" OFFSET ="0" PHYSICALLENGTH ="255" PHYSICALOFFSET ="12386" PICTURETEXT ="" PRECISION ="255" SCALE ="0" USAGE_FLAGS =""/>
        <SOURCEFIELD BUSINESSNAME ="" DATATYPE ="nvarchar" DESCRIPTION ="" FIELDNUMBER ="64" FIELDPROPERTY ="0" FIELDTYPE ="ELEMITEM" HIDDEN ="NO" KEYTYPE ="NOT A KEY" LENGTH ="0" LEVEL ="0" NAME ="Sector__c" NULLABLE ="NULL" OCCURS ="0" OFFSET ="0" PHYSICALLENGTH ="255" PHYSICALOFFSET ="12641" PICTURETEXT ="" PRECISION ="255" SCALE ="0" USAGE_FLAGS =""/>
        <SOURCEFIELD BUSINESSNAME ="" DATATYPE ="nvarchar" DESCRIPTION ="" FIELDNUMBER ="65" FIELDPROPERTY ="0" FIELDTYPE ="ELEMITEM" HIDDEN ="NO" KEYTYPE ="NOT A KEY" LENGTH ="0" LEVEL ="0" NAME ="Definer__c" NULLABLE ="NULL" OCCURS ="0" OFFSET ="0" PHYSICALLENGTH ="255" PHYSICALOFFSET ="12896" PICTURETEXT ="" PRECISION ="255" SCALE ="0" USAGE_FLAGS =""/>
        <SOURCEFIELD BUSINESSNAME ="" DATATYPE ="nvarchar" DESCRIPTION ="" FIELDNUMBER ="66" FIELDPROPERTY ="0" FIELDTYPE ="ELEMITEM" HIDDEN ="NO" KEYTYPE ="NOT A KEY" LENGTH ="0" LEVEL ="0" NAME ="Reserverd_3" NULLABLE ="NULL" OCCURS ="0" OFFSET ="0" PHYSICALLENGTH ="18" PHYSICALOFFSET ="13151" PICTURETEXT ="" PRECISION ="18" SCALE ="0" USAGE_FLAGS =""/>
        <SOURCEFIELD BUSINESSNAME ="" DATATYPE ="nvarchar" DESCRIPTION ="" FIELDNUMBER ="67" FIELDPROPERTY ="0" FIELDTYPE ="ELEMITEM" HIDDEN ="NO" KEYTYPE ="NOT A KEY" LENGTH ="0" LEVEL ="0" NAME ="Reserverd_4" NULLABLE ="NULL" OCCURS ="0" OFFSET ="0" PHYSICALLENGTH ="18" PHYSICALOFFSET ="13169" PICTURETEXT ="" PRECISION ="18" SCALE ="0" USAGE_FLAGS =""/>
        <SOURCEFIELD BUSINESSNAME ="" DATATYPE ="nvarchar" DESCRIPTION ="" FIELDNUMBER ="68" FIELDPROPERTY ="0" FIELDTYPE ="ELEMITEM" HIDDEN ="NO" KEYTYPE ="NOT A KEY" LENGTH ="0" LEVEL ="0" NAME ="Reserverd_5" NULLABLE ="NULL" OCCURS ="0" OFFSET ="0" PHYSICALLENGTH ="18" PHYSICALOFFSET ="13187" PICTURETEXT ="" PRECISION ="18" SCALE ="0" USAGE_FLAGS =""/>
    </SOURCE>
    <TARGET BUSINESSNAME ="" CONSTRAINT ="" DATABASETYPE ="Microsoft SQL Server" DESCRIPTION ="" NAME ="today_party_rel_xform" OBJECTVERSION ="1" TABLEOPTIONS ="" VERSIONNUMBER ="1">
        <TARGETFIELD BUSINESSNAME ="" DATATYPE ="bigint" DESCRIPTION ="" FIELDNUMBER ="1" KEYTYPE ="NOT A KEY" NAME ="src_rowid" NULLABLE ="NOTNULL" PICTURETEXT ="" PRECISION ="19" SCALE ="0"/>
        <TARGETFIELD BUSINESSNAME ="" DATATYPE ="bigint" DESCRIPTION ="" FIELDNUMBER ="2" KEYTYPE ="NOT A KEY" NAME ="status_id" NULLABLE ="NULL" PICTURETEXT ="" PRECISION ="19" SCALE ="0"/>
        <TARGETFIELD BUSINESSNAME ="" DATATYPE ="nchar" DESCRIPTION ="" FIELDNUMBER ="3" KEYTYPE ="NOT A KEY" NAME ="primary_indicator" NULLABLE ="NULL" PICTURETEXT ="" PRECISION ="1" SCALE ="0"/>
        <TARGETFIELD BUSINESSNAME ="" DATATYPE ="nvarchar" DESCRIPTION ="" FIELDNUMBER ="4" KEYTYPE ="NOT A KEY" NAME ="to_source_party_id" NULLABLE ="NULL" PICTURETEXT ="" PRECISION ="50" SCALE ="0"/>
        <TARGETFIELD BUSINESSNAME ="" DATATYPE ="datetime2" DESCRIPTION ="" FIELDNUMBER ="5" KEYTYPE ="NOT A KEY" NAME ="last_updated_date" NULLABLE ="NULL" PICTURETEXT ="" PRECISION ="27" SCALE ="7"/>
        <TARGETFIELD BUSINESSNAME ="" DATATYPE ="nvarchar" DESCRIPTION ="" FIELDNUMBER ="6" KEYTYPE ="NOT A KEY" NAME ="from_source_party_id" NULLABLE ="NULL" PICTURETEXT ="" PRECISION ="50" SCALE ="0"/>
        <TARGETFIELD BUSINESSNAME ="" DATATYPE ="nvarchar" DESCRIPTION ="" FIELDNUMBER ="7" KEYTYPE ="NOT A KEY" NAME ="source_system" NULLABLE ="NULL" PICTURETEXT ="" PRECISION ="50" SCALE ="0"/>
        <TARGETFIELD BUSINESSNAME ="" DATATYPE ="nvarchar" DESCRIPTION ="" FIELDNUMBER ="8" KEYTYPE ="NOT A KEY" NAME ="created_by" NULLABLE ="NULL" PICTURETEXT ="" PRECISION ="50" SCALE ="0"/>
        <TARGETFIELD BUSINESSNAME ="" DATATYPE ="datetime2" DESCRIPTION ="" FIELDNUMBER ="9" KEYTYPE ="NOT A KEY" NAME ="created_date" NULLABLE ="NULL" PICTURETEXT ="" PRECISION ="27" SCALE ="7"/>
        <TARGETFIELD BUSINESSNAME ="" DATATYPE ="nvarchar" DESCRIPTION ="" FIELDNUMBER ="10" KEYTYPE ="NOT A KEY" NAME ="from_source_party_role_id" NULLABLE ="NULL" PICTURETEXT ="" PRECISION ="255" SCALE ="0"/>
        <TARGETFIELD BUSINESSNAME ="" DATATYPE ="numeric" DESCRIPTION ="" FIELDNUMBER ="11" KEYTYPE ="NOT A KEY" NAME ="sales_split_percentage" NULLABLE ="NULL" PICTURETEXT ="" PRECISION ="4" SCALE ="4"/>
        <TARGETFIELD BUSINESSNAME ="" DATATYPE ="nchar" DESCRIPTION ="" FIELDNUMBER ="12" KEYTYPE ="NOT A KEY" NAME ="deleted_indicator" NULLABLE ="NULL" PICTURETEXT ="" PRECISION ="1" SCALE ="0"/>
        <TARGETFIELD BUSINESSNAME ="" DATATYPE ="nvarchar" DESCRIPTION ="" FIELDNUMBER ="13" KEYTYPE ="NOT A KEY" NAME ="last_updated_by" NULLABLE ="NULL" PICTURETEXT ="" PRECISION ="50" SCALE ="0"/>
        <TARGETFIELD BUSINESSNAME ="" DATATYPE ="nvarchar" DESCRIPTION ="" FIELDNUMBER ="14" KEYTYPE ="NOT A KEY" NAME ="to_source_party_role_id" NULLABLE ="NULL" PICTURETEXT ="" PRECISION ="255" SCALE ="0"/>
        <TARGETFIELD BUSINESSNAME ="" DATATYPE ="nvarchar" DESCRIPTION ="" FIELDNUMBER ="15" KEYTYPE ="NOT A KEY" NAME ="source_party_rlnsp_id" NULLABLE ="NULL" PICTURETEXT ="" PRECISION ="255" SCALE ="0"/>
        <TARGETFIELD BUSINESSNAME ="" DATATYPE ="bigint" DESCRIPTION ="" FIELDNUMBER ="16" KEYTYPE ="NOT A KEY" NAME ="relationship_type_id" NULLABLE ="NULL" PICTURETEXT ="" PRECISION ="19" SCALE ="0"/>
        <TARGETFIELD BUSINESSNAME ="" DATATYPE ="nvarchar" DESCRIPTION ="" FIELDNUMBER ="17" KEYTYPE ="NOT A KEY" NAME ="from_party_source_system" NULLABLE ="NULL" PICTURETEXT ="" PRECISION ="50" SCALE ="0"/>
        <TARGETFIELD BUSINESSNAME ="" DATATYPE ="nvarchar" DESCRIPTION ="" FIELDNUMBER ="18" KEYTYPE ="NOT A KEY" NAME ="to_party_source_system" NULLABLE ="NULL" PICTURETEXT ="" PRECISION ="50" SCALE ="0"/>
        <TARGETFIELD BUSINESSNAME ="" DATATYPE ="nvarchar" DESCRIPTION ="" FIELDNUMBER ="19" KEYTYPE ="NOT A KEY" NAME ="mapping_name" NULLABLE ="NULL" PICTURETEXT ="" PRECISION ="80" SCALE ="0"/>
        <TARGETFIELD BUSINESSNAME ="" DATATYPE ="nchar" DESCRIPTION ="" FIELDNUMBER ="20" KEYTYPE ="NOT A KEY" NAME ="DEFERRED_OWNERSHIP_IND" NULLABLE ="NULL" PICTURETEXT ="" PRECISION ="1" SCALE ="0"/>
        <TARGETFIELD BUSINESSNAME ="" DATATYPE ="nchar" DESCRIPTION ="" FIELDNUMBER ="21" KEYTYPE ="NOT A KEY" NAME ="primary_mrg_downgrade_ind" NULLABLE ="NULL" PICTURETEXT ="" PRECISION ="1" SCALE ="0"/>
    </TARGET>
    <MAPPING DESCRIPTION ="" ISVALID ="YES" NAME ="m_landing_sfdc_to_cdm_organization_party_rel" OBJECTVERSION ="1" VERSIONNUMBER ="1">
        <TRANSFORMATION DESCRIPTION ="" NAME ="fltr_as_reqrd" OBJECTVERSION ="1" REUSABLE ="NO" TYPE ="Filter" VERSIONNUMBER ="1">
            <TRANSFORMFIELD DATATYPE ="string" DEFAULTVALUE ="" DESCRIPTION ="" NAME ="Id" PICTURETEXT ="" PORTTYPE ="INPUT/OUTPUT" PRECISION ="18" SCALE ="0"/>
            <TRANSFORMFIELD DATATYPE ="string" DEFAULTVALUE ="" DESCRIPTION ="" NAME ="ParentId" PICTURETEXT ="" PORTTYPE ="INPUT/OUTPUT" PRECISION ="18" SCALE ="0"/>
            <TRANSFORMFIELD DATATYPE ="string" DEFAULTVALUE ="" DESCRIPTION ="" NAME ="CreatedDate" PICTURETEXT ="" PORTTYPE ="INPUT/OUTPUT" PRECISION ="29" SCALE ="0"/>
            <TRANSFORMFIELD DATATYPE ="string" DEFAULTVALUE ="" DESCRIPTION ="" NAME ="LastModifiedDate" PICTURETEXT ="" PORTTYPE ="INPUT/OUTPUT" PRECISION ="29" SCALE ="0"/>
            <TRANSFORMFIELD DATATYPE ="string" DEFAULTVALUE ="" DESCRIPTION ="" NAME ="Status__c" PICTURETEXT ="" PORTTYPE ="INPUT/OUTPUT" PRECISION ="255" SCALE ="0"/>
            <TRANSFORMFIELD DATATYPE ="string" DEFAULTVALUE ="" DESCRIPTION ="" NAME ="Source_System_Name" PICTURETEXT ="" PORTTYPE ="INPUT/OUTPUT" PRECISION ="18" SCALE ="0"/>
            <TRANSFORMFIELD DATATYPE ="string" DEFAULTVALUE ="" DESCRIPTION ="" NAME ="LastModifiedByAlias" PICTURETEXT ="" PORTTYPE ="INPUT/OUTPUT" PRECISION ="8" SCALE ="0"/>
            <TRANSFORMFIELD DATATYPE ="string" DEFAULTVALUE ="" DESCRIPTION ="" NAME ="CreatedByAlias" PICTURETEXT ="" PORTTYPE ="INPUT/OUTPUT" PRECISION ="8" SCALE ="0"/>
            <TRANSFORMFIELD DATATYPE ="string" DEFAULTVALUE ="" DESCRIPTION ="" NAME ="Source_System_Name1" PICTURETEXT ="" PORTTYPE ="INPUT/OUTPUT" PRECISION ="18" SCALE ="0"/>
            <TRANSFORMFIELD DATATYPE ="string" DEFAULTVALUE ="" DESCRIPTION ="" NAME ="RecordTypeName" PICTURETEXT ="" PORTTYPE ="INPUT/OUTPUT" PRECISION ="80" SCALE ="0"/>
            <TRANSFORMFIELD DATATYPE ="nstring" DEFAULTVALUE ="" DESCRIPTION ="" NAME ="rec_type" PICTURETEXT ="" PORTTYPE ="INPUT/OUTPUT" PRECISION ="255" SCALE ="0"/>
            <TABLEATTRIBUTE NAME ="Filter Condition" VALUE ="TRUE"/>
            <TABLEATTRIBUTE NAME ="Tracing Level" VALUE ="Normal"/>
        </TRANSFORMATION>
        <TRANSFORMATION DESCRIPTION ="" NAME ="exp_transformation" OBJECTVERSION ="1" REUSABLE ="NO" TYPE ="Expression" VERSIONNUMBER ="1">
            <TRANSFORMFIELD DATATYPE ="nstring" DEFAULTVALUE ="" DESCRIPTION ="" NAME ="rec_type" PICTURETEXT ="" PORTTYPE ="INPUT" PRECISION ="255" SCALE ="0"/>
            <TRANSFORMFIELD DATATYPE ="string" DEFAULTVALUE ="" DESCRIPTION ="" NAME ="Id" PICTURETEXT ="" PORTTYPE ="INPUT" PRECISION ="18" SCALE ="0"/>
            <TRANSFORMFIELD DATATYPE ="string" DEFAULTVALUE ="" DESCRIPTION ="" EXPRESSION ="&apos;ORG_&apos;||Id" EXPRESSIONTYPE ="GENERAL" NAME ="Id_Var" PICTURETEXT ="" PORTTYPE ="LOCAL VARIABLE" PRECISION ="50" SCALE ="0"/>
            <TRANSFORMFIELD DATATYPE ="string" DEFAULTVALUE ="ERROR(&apos;transformation error&apos;)" DESCRIPTION ="" EXPRESSION ="Id_Var" EXPRESSIONTYPE ="GENERAL" NAME ="Id_Out" PICTURETEXT ="" PORTTYPE ="OUTPUT" PRECISION ="50" SCALE ="0"/>
            <TRANSFORMFIELD DATATYPE ="string" DEFAULTVALUE ="" DESCRIPTION ="" NAME ="ParentId" PICTURETEXT ="" PORTTYPE ="INPUT" PRECISION ="18" SCALE ="0"/>
            <TRANSFORMFIELD DATATYPE ="string" DEFAULTVALUE ="" DESCRIPTION ="" EXPRESSION ="&apos;ORG_&apos;||ParentId" EXPRESSIONTYPE ="GENERAL" NAME ="ParentId_Var" PICTURETEXT ="" PORTTYPE ="LOCAL VARIABLE" PRECISION ="50" SCALE ="0"/>
            <TRANSFORMFIELD DATATYPE ="string" DEFAULTVALUE ="ERROR(&apos;transformation error&apos;)" DESCRIPTION ="" EXPRESSION ="ParentId_Var" EXPRESSIONTYPE ="GENERAL" NAME ="ParentId_Out" PICTURETEXT ="" PORTTYPE ="OUTPUT" PRECISION ="50" SCALE ="0"/>
            <TRANSFORMFIELD DATATYPE ="string" DEFAULTVALUE ="" DESCRIPTION ="" EXPRESSION ="CreatedDate" EXPRESSIONTYPE ="GENERAL" NAME ="CreatedDate" PICTURETEXT ="" PORTTYPE ="INPUT/OUTPUT" PRECISION ="29" SCALE ="0"/>
            <TRANSFORMFIELD DATATYPE ="string" DEFAULTVALUE ="" DESCRIPTION ="" EXPRESSION ="LastModifiedDate" EXPRESSIONTYPE ="GENERAL" NAME ="LastModifiedDate" PICTURETEXT ="" PORTTYPE ="INPUT/OUTPUT" PRECISION ="29" SCALE ="0"/>
            <TRANSFORMFIELD DATATYPE ="string" DEFAULTVALUE ="" DESCRIPTION ="" NAME ="Status__c" PICTURETEXT ="" PORTTYPE ="INPUT" PRECISION ="255" SCALE ="0"/>
            <TRANSFORMFIELD DATATYPE ="integer" DEFAULTVALUE ="" DESCRIPTION ="" EXPRESSION =":LKP.lkp_values(Status__c,&apos;PARTY_RLNSPL_STATUS_ID&apos;)" EXPRESSIONTYPE ="GENERAL" NAME ="Relationship_Status_var" PICTURETEXT ="" PORTTYPE ="LOCAL VARIABLE" PRECISION ="10" SCALE ="0"/>
            <TRANSFORMFIELD DATATYPE ="bigint" DEFAULTVALUE ="" DESCRIPTION ="" EXPRESSION ="IIF(ISNULL(Status__c),NULL,IIF(ISNULL(Relationship_Status_var), 9999,Relationship_Status_var ))&#xD;&#xA;" EXPRESSIONTYPE ="GENERAL" NAME ="Relationship_Status_var2" PICTURETEXT ="" PORTTYPE ="LOCAL VARIABLE" PRECISION ="19" SCALE ="0"/>
            <TRANSFORMFIELD DATATYPE ="bigint" DEFAULTVALUE ="ERROR(&apos;transformation error&apos;)" DESCRIPTION ="" EXPRESSION ="Relationship_Status_var2" EXPRESSIONTYPE ="GENERAL" NAME ="Relationship_Status_out" PICTURETEXT ="" PORTTYPE ="OUTPUT" PRECISION ="19" SCALE ="0"/>
            <TRANSFORMFIELD DATATYPE ="string" DEFAULTVALUE ="ERROR(&apos;transformation error&apos;)" DESCRIPTION ="" EXPRESSION ="IIF( rec_type=&apos;LIC&apos; ,&apos;Y&apos;,&apos;N&apos;)" EXPRESSIONTYPE ="GENERAL" NAME ="PRIMARY_INDICATOR" PICTURETEXT ="" PORTTYPE ="OUTPUT" PRECISION ="1" SCALE ="0"/>
            <TRANSFORMFIELD DATATYPE ="integer" DEFAULTVALUE ="" DESCRIPTION ="" EXPRESSION ="IIF( rec_type=&apos;LIC&apos; ,:LKP.lkp_values(&apos;Is Child Of&apos;,&apos;RELATIONSHIP_TYPE_ID&apos;),:LKP.lkp_values(&apos;CAR to AFS Licensee&apos;,&apos;RELATIONSHIP_TYPE_ID&apos;))" EXPRESSIONTYPE ="GENERAL" NAME ="Relationship_Type_var" PICTURETEXT ="" PORTTYPE ="LOCAL VARIABLE" PRECISION ="10" SCALE ="0"/>
            <TRANSFORMFIELD DATATYPE ="bigint" DEFAULTVALUE ="ERROR(&apos;transformation error&apos;)" DESCRIPTION ="" EXPRESSION ="Relationship_Type_var" EXPRESSIONTYPE ="GENERAL" NAME ="Relationship_Type_out" PICTURETEXT ="" PORTTYPE ="OUTPUT" PRECISION ="19" SCALE ="0"/>
            <TRANSFORMFIELD DATATYPE ="string" DEFAULTVALUE ="" DESCRIPTION ="" EXPRESSION ="Source_System_Name" EXPRESSIONTYPE ="GENERAL" NAME ="Source_System_Name" PICTURETEXT ="" PORTTYPE ="INPUT/OUTPUT" PRECISION ="50" SCALE ="0"/>
            <TRANSFORMFIELD DATATYPE ="date/time" DEFAULTVALUE ="ERROR(&apos;transformation error&apos;)" DESCRIPTION ="" EXPRESSION ="to_date(&apos;12/31/9999&apos;,&apos;MM/DD/YYYY&apos;)" EXPRESSIONTYPE ="GENERAL" NAME ="Eff_End_Date" PICTURETEXT ="" PORTTYPE ="OUTPUT" PRECISION ="29" SCALE ="9"/>
            <TRANSFORMFIELD DATATYPE ="string" DEFAULTVALUE ="" DESCRIPTION ="" EXPRESSION ="LastModifiedByAlias" EXPRESSIONTYPE ="GENERAL" NAME ="LastModifiedByAlias" PICTURETEXT ="" PORTTYPE ="INPUT/OUTPUT" PRECISION ="50" SCALE ="0"/>
            <TRANSFORMFIELD DATATYPE ="string" DEFAULTVALUE ="" DESCRIPTION ="" EXPRESSION ="CreatedByAlias" EXPRESSIONTYPE ="GENERAL" NAME ="CreatedByAlias" PICTURETEXT ="" PORTTYPE ="INPUT/OUTPUT" PRECISION ="50" SCALE ="0"/>
            <TRANSFORMFIELD DATATYPE ="string" DEFAULTVALUE ="ERROR(&apos;transformation error&apos;)" DESCRIPTION ="" EXPRESSION ="Id || ParentId" EXPRESSIONTYPE ="GENERAL" NAME ="SOURCE_PARTY_RLNSP_ID" PICTURETEXT ="" PORTTYPE ="OUTPUT" PRECISION ="255" SCALE ="0"/>
            <TRANSFORMFIELD DATATYPE ="string" DEFAULTVALUE ="ERROR(&apos;transformation error&apos;)" DESCRIPTION ="" EXPRESSION ="&apos;SFDC&apos;" EXPRESSIONTYPE ="GENERAL" NAME ="PARENT_SOURCE_SYSTEM" PICTURETEXT ="" PORTTYPE ="OUTPUT" PRECISION ="40" SCALE ="0"/>
            <TRANSFORMFIELD DATATYPE ="string" DEFAULTVALUE ="ERROR(&apos;transformation error&apos;)" DESCRIPTION ="" EXPRESSION ="$PMMappingName" EXPRESSIONTYPE ="GENERAL" NAME ="MAPPING_NAME" PICTURETEXT ="" PORTTYPE ="OUTPUT" PRECISION ="80" SCALE ="0"/>
            <TABLEATTRIBUTE NAME ="Tracing Level" VALUE ="Normal"/>
        </TRANSFORMATION>
        <TRANSFORMATION DESCRIPTION ="" NAME ="SQ_pre_land_sfdc_organization" OBJECTVERSION ="1" REUSABLE ="NO" TYPE ="Source Qualifier" VERSIONNUMBER ="1">
            <TRANSFORMFIELD DATATYPE ="string" DEFAULTVALUE ="" DESCRIPTION ="" NAME ="Id" PICTURETEXT ="" PORTTYPE ="INPUT/OUTPUT" PRECISION ="18" SCALE ="0"/>
            <TRANSFORMFIELD DATATYPE ="string" DEFAULTVALUE ="" DESCRIPTION ="" NAME ="ParentId" PICTURETEXT ="" PORTTYPE ="INPUT/OUTPUT" PRECISION ="18" SCALE ="0"/>
            <TRANSFORMFIELD DATATYPE ="string" DEFAULTVALUE ="" DESCRIPTION ="" NAME ="Tier__c" PICTURETEXT ="" PORTTYPE ="INPUT/OUTPUT" PRECISION ="255" SCALE ="0"/>
            <TRANSFORMFIELD DATATYPE ="string" DEFAULTVALUE ="" DESCRIPTION ="" NAME ="Status__c" PICTURETEXT ="" PORTTYPE ="INPUT/OUTPUT" PRECISION ="255" SCALE ="0"/>
            <TRANSFORMFIELD DATATYPE ="string" DEFAULTVALUE ="" DESCRIPTION ="" NAME ="RecordTypeName" PICTURETEXT ="" PORTTYPE ="INPUT/OUTPUT" PRECISION ="80" SCALE ="0"/>
            <TRANSFORMFIELD DATATYPE ="string" DEFAULTVALUE ="" DESCRIPTION ="" NAME ="CRD__c" PICTURETEXT ="" PORTTYPE ="INPUT/OUTPUT" PRECISION ="15" SCALE ="0"/>
            <TRANSFORMFIELD DATATYPE ="string" DEFAULTVALUE ="" DESCRIPTION ="" NAME ="Registration_Type__c" PICTURETEXT ="" PORTTYPE ="INPUT/OUTPUT" PRECISION ="4099" SCALE ="0"/>
            <TRANSFORMFIELD DATATYPE ="string" DEFAULTVALUE ="" DESCRIPTION ="" NAME ="Primary_CG_Org_Owner__c" PICTURETEXT ="" PORTTYPE ="INPUT/OUTPUT" PRECISION ="18" SCALE ="0"/>
            <TRANSFORMFIELD DATATYPE ="string" DEFAULTVALUE ="" DESCRIPTION ="" NAME ="Primary_CG_Org_Owner__r_alias" PICTURETEXT ="" PORTTYPE ="INPUT/OUTPUT" PRECISION ="8" SCALE ="0"/>
            <TRANSFORMFIELD DATATYPE ="string" DEFAULTVALUE ="" DESCRIPTION ="" NAME ="Primary_CG_Org_Owner__r_Associate_ID__c" PICTURETEXT ="" PORTTYPE ="INPUT/OUTPUT" PRECISION ="15" SCALE ="0"/>
            <TRANSFORMFIELD DATATYPE ="string" DEFAULTVALUE ="" DESCRIPTION ="" NAME ="Primary_Channel__c" PICTURETEXT ="" PORTTYPE ="INPUT/OUTPUT" PRECISION ="255" SCALE ="0"/>
            <TRANSFORMFIELD DATATYPE ="string" DEFAULTVALUE ="" DESCRIPTION ="" NAME ="Type" PICTURETEXT ="" PORTTYPE ="INPUT/OUTPUT" PRECISION ="40" SCALE ="0"/>
            <TRANSFORMFIELD DATATYPE ="string" DEFAULTVALUE ="" DESCRIPTION ="" NAME ="Organization_Direct__c" PICTURETEXT ="" PORTTYPE ="INPUT/OUTPUT" PRECISION ="15" SCALE ="0"/>
            <TRANSFORMFIELD DATATYPE ="nstring" DEFAULTVALUE ="" DESCRIPTION ="" NAME ="Name" PICTURETEXT ="" PORTTYPE ="INPUT/OUTPUT" PRECISION ="255" SCALE ="0"/>
            <TRANSFORMFIELD DATATYPE ="string" DEFAULTVALUE ="" DESCRIPTION ="" NAME ="Marketing_Email_Restriction__c" PICTURETEXT ="" PORTTYPE ="INPUT/OUTPUT" PRECISION ="255" SCALE ="0"/>
            <TRANSFORMFIELD DATATYPE ="string" DEFAULTVALUE ="" DESCRIPTION ="" NAME ="Organization_ID__c" PICTURETEXT ="" PORTTYPE ="INPUT/OUTPUT" PRECISION ="15" SCALE ="0"/>
            <TRANSFORMFIELD DATATYPE ="nstring" DEFAULTVALUE ="" DESCRIPTION ="" NAME ="BillingStreet" PICTURETEXT ="" PORTTYPE ="INPUT/OUTPUT" PRECISION ="255" SCALE ="0"/>
            <TRANSFORMFIELD DATATYPE ="nstring" DEFAULTVALUE ="" DESCRIPTION ="" NAME ="BillingCity" PICTURETEXT ="" PORTTYPE ="INPUT/OUTPUT" PRECISION ="40" SCALE ="0"/>
            <TRANSFORMFIELD DATATYPE ="nstring" DEFAULTVALUE ="" DESCRIPTION ="" NAME ="BillingState" PICTURETEXT ="" PORTTYPE ="INPUT/OUTPUT" PRECISION ="80" SCALE ="0"/>
            <TRANSFORMFIELD DATATYPE ="string" DEFAULTVALUE ="" DESCRIPTION ="" NAME ="BillingPostalCode" PICTURETEXT ="" PORTTYPE ="INPUT/OUTPUT" PRECISION ="20" SCALE ="0"/>
            <TRANSFORMFIELD DATATYPE ="nstring" DEFAULTVALUE ="" DESCRIPTION ="" NAME ="BillingCountry" PICTURETEXT ="" PORTTYPE ="INPUT/OUTPUT" PRECISION ="80" SCALE ="0"/>
            <TRANSFORMFIELD DATATYPE ="string" DEFAULTVALUE ="" DESCRIPTION ="" NAME ="IsDeleted" PICTURETEXT ="" PORTTYPE ="INPUT/OUTPUT" PRECISION ="5" SCALE ="0"/>
            <TRANSFORMFIELD DATATYPE ="string" DEFAULTVALUE ="" DESCRIPTION ="" NAME ="CreatedByAlias" PICTURETEXT ="" PORTTYPE ="INPUT/OUTPUT" PRECISION ="8" SCALE ="0"/>
            <TRANSFORMFIELD DATATYPE ="string" DEFAULTVALUE ="" DESCRIPTION ="" NAME ="CreatedDate" PICTURETEXT ="" PORTTYPE ="INPUT/OUTPUT" PRECISION ="29" SCALE ="0"/>
            <TRANSFORMFIELD DATATYPE ="string" DEFAULTVALUE ="" DESCRIPTION ="" NAME ="LastModifiedByAlias" PICTURETEXT ="" PORTTYPE ="INPUT/OUTPUT" PRECISION ="8" SCALE ="0"/>
            <TRANSFORMFIELD DATATYPE ="string" DEFAULTVALUE ="" DESCRIPTION ="" NAME ="LastModifiedDate" PICTURETEXT ="" PORTTYPE ="INPUT/OUTPUT" PRECISION ="29" SCALE ="0"/>
            <TRANSFORMFIELD DATATYPE ="string" DEFAULTVALUE ="" DESCRIPTION ="" NAME ="GU_ID__c" PICTURETEXT ="" PORTTYPE ="INPUT/OUTPUT" PRECISION ="18" SCALE ="0"/>
            <TRANSFORMFIELD DATATYPE ="string" DEFAULTVALUE ="" DESCRIPTION ="" NAME ="Source_System_Name" PICTURETEXT ="" PORTTYPE ="INPUT/OUTPUT" PRECISION ="18" SCALE ="0"/>
            <TRANSFORMFIELD DATATYPE ="string" DEFAULTVALUE ="" DESCRIPTION ="" NAME ="Primary_Address_Type__c" PICTURETEXT ="" PORTTYPE ="INPUT/OUTPUT" PRECISION ="255" SCALE ="0"/>
            <TRANSFORMFIELD DATATYPE ="string" DEFAULTVALUE ="" DESCRIPTION ="" NAME ="Secondary_Address_Type__c" PICTURETEXT ="" PORTTYPE ="INPUT/OUTPUT" PRECISION ="255" SCALE ="0"/>
            <TRANSFORMFIELD DATATYPE ="string" DEFAULTVALUE ="" DESCRIPTION ="" NAME ="Location_Type__c" PICTURETEXT ="" PORTTYPE ="INPUT/OUTPUT" PRECISION ="255" SCALE ="0"/>
            <TRANSFORMFIELD DATATYPE ="nstring" DEFAULTVALUE ="" DESCRIPTION ="" NAME ="Legal_Name__c" PICTURETEXT ="" PORTTYPE ="INPUT/OUTPUT" PRECISION ="255" SCALE ="0"/>
            <TRANSFORMFIELD DATATYPE ="string" DEFAULTVALUE ="" DESCRIPTION ="" NAME ="SEC__c" PICTURETEXT ="" PORTTYPE ="INPUT/OUTPUT" PRECISION ="25" SCALE ="0"/>
            <TRANSFORMFIELD DATATYPE ="nstring" DEFAULTVALUE ="" DESCRIPTION ="" NAME ="ShippingStreet" PICTURETEXT ="" PORTTYPE ="INPUT/OUTPUT" PRECISION ="255" SCALE ="0"/>
            <TRANSFORMFIELD DATATYPE ="nstring" DEFAULTVALUE ="" DESCRIPTION ="" NAME ="ShippingCity" PICTURETEXT ="" PORTTYPE ="INPUT/OUTPUT" PRECISION ="40" SCALE ="0"/>
            <TRANSFORMFIELD DATATYPE ="nstring" DEFAULTVALUE ="" DESCRIPTION ="" NAME ="ShippingState" PICTURETEXT ="" PORTTYPE ="INPUT/OUTPUT" PRECISION ="80" SCALE ="0"/>
            <TRANSFORMFIELD DATATYPE ="nstring" DEFAULTVALUE ="" DESCRIPTION ="" NAME ="ShippingPostalCode" PICTURETEXT ="" PORTTYPE ="INPUT/OUTPUT" PRECISION ="20" SCALE ="0"/>
            <TRANSFORMFIELD DATATYPE ="nstring" DEFAULTVALUE ="" DESCRIPTION ="" NAME ="ShippingCountry" PICTURETEXT ="" PORTTYPE ="INPUT/OUTPUT" PRECISION ="80" SCALE ="0"/>
            <TRANSFORMFIELD DATATYPE ="string" DEFAULTVALUE ="" DESCRIPTION ="" NAME ="Corporate_Structure__c" PICTURETEXT ="" PORTTYPE ="INPUT/OUTPUT" PRECISION ="255" SCALE ="0"/>
            <TRANSFORMFIELD DATATYPE ="string" DEFAULTVALUE ="" DESCRIPTION ="" NAME ="Inactivated_Date__c" PICTURETEXT ="" PORTTYPE ="INPUT/OUTPUT" PRECISION ="29" SCALE ="0"/>
            <TRANSFORMFIELD DATATYPE ="string" DEFAULTVALUE ="" DESCRIPTION ="" NAME ="Org_Tax_ID_Number__c" PICTURETEXT ="" PORTTYPE ="INPUT/OUTPUT" PRECISION ="50" SCALE ="0"/>
            <TRANSFORMFIELD DATATYPE ="nstring" DEFAULTVALUE ="" DESCRIPTION ="" NAME ="Phone" PICTURETEXT ="" PORTTYPE ="INPUT/OUTPUT" PRECISION ="40" SCALE ="0"/>
            <TRANSFORMFIELD DATATYPE ="nstring" DEFAULTVALUE ="" DESCRIPTION ="" NAME ="Fax" PICTURETEXT ="" PORTTYPE ="INPUT/OUTPUT" PRECISION ="40" SCALE ="0"/>
            <TRANSFORMFIELD DATATYPE ="nstring" DEFAULTVALUE ="" DESCRIPTION ="" NAME ="Website" PICTURETEXT ="" PORTTYPE ="INPUT/OUTPUT" PRECISION ="255" SCALE ="0"/>
            <TRANSFORMFIELD DATATYPE ="nstring" DEFAULTVALUE ="" DESCRIPTION ="" NAME ="rec_type" PICTURETEXT ="" PORTTYPE ="INPUT/OUTPUT" PRECISION ="255" SCALE ="0"/>
            <TABLEATTRIBUTE NAME ="Sql Query" VALUE ="SELECT org.Id,&#xD;&#xA;org.ParentId,&#xD;&#xA;org.Status__c,&#xD;&#xA;org.RecordTypeName,&#xD;&#xA;org.CreatedByAlias,&#xD;&#xA;org.CreatedDate,&#xD;&#xA;org.LastModifiedByAlias,&#xD;&#xA;org.LastModifiedDate,&#xD;&#xA;org.Source_System_Name,&#xD;&#xA;&apos;LIC&apos;  rec_type&#xD;&#xA;FROM&#xD;&#xA;pre_land_sfdc_organization  org&#xD;&#xA;WHERE ParentId is not null&#xD;&#xA;&#xD;&#xA;UNION &#xD;&#xA;&#xD;&#xA;SELECT o.Id,&#xD;&#xA;o.ParentId,&#xD;&#xA;o.Status__c,&#xD;&#xA;o.RecordTypeName,&#xD;&#xA;o.CreatedByAlias,&#xD;&#xA;o.CreatedDate,&#xD;&#xA;o.LastModifiedByAlias,&#xD;&#xA;o.LastModifiedDate,&#xD;&#xA;o.Source_System_Name ,&#xD;&#xA;&apos;CAR&apos; rec_type&#xD;&#xA;FROM&#xD;&#xA; pre_land_sfdc_office  o&#xD;&#xA; join&#xD;&#xA; pre_land_sfdc_organization org&#xD;&#xA; on org.id=o.ParentId&#xD;&#xA; where&#xD;&#xA;((o.Client_Group_C=&apos;Australia&apos; and o.BillingCountry is NULL) OR (o.Client_Group_C is NOT NULL and o.BillingCountry = &apos;Australia&apos;))&#xD;&#xA; and o.ParentId is not null&#xD;&#xA; and ltrim(rtrim(o.Office_Name_Short__c))&lt;&gt;ltrim(rtrim(org.Name))"/>
            <TABLEATTRIBUTE NAME ="User Defined Join" VALUE =""/>
            <TABLEATTRIBUTE NAME ="Source Filter" VALUE =""/>
            <TABLEATTRIBUTE NAME ="Number Of Sorted Ports" VALUE ="0"/>
            <TABLEATTRIBUTE NAME ="Tracing Level" VALUE ="Normal"/>
            <TABLEATTRIBUTE NAME ="Select Distinct" VALUE ="NO"/>
            <TABLEATTRIBUTE NAME ="Is Partitionable" VALUE ="NO"/>
            <TABLEATTRIBUTE NAME ="Pre SQL" VALUE =""/>
            <TABLEATTRIBUTE NAME ="Post SQL" VALUE =""/>
            <TABLEATTRIBUTE NAME ="Output is deterministic" VALUE ="NO"/>
            <TABLEATTRIBUTE NAME ="Output is repeatable" VALUE ="Never"/>
        </TRANSFORMATION>
        <TRANSFORMATION DESCRIPTION ="" NAME ="lkp_values" OBJECTVERSION ="1" REUSABLE ="NO" TYPE ="Lookup Procedure" VERSIONNUMBER ="1">
            <TRANSFORMFIELD DATATYPE ="string" DEFAULTVALUE ="" DESCRIPTION ="" NAME ="src_val_in" PICTURETEXT ="" PORTTYPE ="INPUT" PRECISION ="100" SCALE ="0"/>
            <TRANSFORMFIELD DATATYPE ="string" DEFAULTVALUE ="" DESCRIPTION ="" NAME ="attrib_nm_in" PICTURETEXT ="" PORTTYPE ="INPUT" PRECISION ="100" SCALE ="0"/>
            <TRANSFORMFIELD DATATYPE ="string" DEFAULTVALUE ="" DESCRIPTION ="" NAME ="src_sys_nm" PICTURETEXT ="" PORTTYPE ="LOOKUP/OUTPUT" PRECISION ="100" SCALE ="0"/>
            <TRANSFORMFIELD DATATYPE ="string" DEFAULTVALUE ="" DESCRIPTION ="" NAME ="attrib_nm" PICTURETEXT ="" PORTTYPE ="LOOKUP/OUTPUT" PRECISION ="100" SCALE ="0"/>
            <TRANSFORMFIELD DATATYPE ="string" DEFAULTVALUE ="" DESCRIPTION ="" NAME ="src_val" PICTURETEXT ="" PORTTYPE ="LOOKUP/OUTPUT" PRECISION ="100" SCALE ="0"/>
            <TRANSFORMFIELD DATATYPE ="integer" DEFAULTVALUE ="" DESCRIPTION ="" NAME ="std_lkup_id" PICTURETEXT ="" PORTTYPE ="LOOKUP/RETURN/OUTPUT" PRECISION ="10" SCALE ="0"/>
            <TABLEATTRIBUTE NAME ="Lookup Sql Override" VALUE ="SELECT LTRIM(RTRIM(std_lkup_id)) as std_lkup_id&#xD;&#xA;,LTRIM(RTRIM(src_sys_nm)) as src_sys_nm&#xD;&#xA;,LTRIM(RTRIM(src_val)) as src_val&#xD;&#xA;,LTRIM(RTRIM(attrib_nm)) as attrib_nm &#xD;&#xA;FROM lkup_transformation_map&#xD;&#xA;where src_sys_nm = &apos;SFDC&apos;"/>
            <TABLEATTRIBUTE NAME ="Lookup table name" VALUE ="lkup_transformation_map"/>
            <TABLEATTRIBUTE NAME ="Lookup Source Filter" VALUE =""/>
            <TABLEATTRIBUTE NAME ="Lookup caching enabled" VALUE ="YES"/>
            <TABLEATTRIBUTE NAME ="Lookup policy on multiple match" VALUE ="Use Any Value"/>
            <TABLEATTRIBUTE NAME ="Lookup condition" VALUE ="src_val = src_val_in AND attrib_nm = attrib_nm_in"/>
            <TABLEATTRIBUTE NAME ="Connection Information" VALUE ="$Source"/>
            <TABLEATTRIBUTE NAME ="Source Type" VALUE ="Database"/>
            <TABLEATTRIBUTE NAME ="Recache if Stale" VALUE ="NO"/>
            <TABLEATTRIBUTE NAME ="Tracing Level" VALUE ="Normal"/>
            <TABLEATTRIBUTE NAME ="Lookup cache directory name" VALUE ="$PMCacheDir"/>
            <TABLEATTRIBUTE NAME ="Lookup cache initialize" VALUE ="NO"/>
            <TABLEATTRIBUTE NAME ="Lookup cache persistent" VALUE ="NO"/>
            <TABLEATTRIBUTE NAME ="Lookup Data Cache Size" VALUE ="Auto"/>
            <TABLEATTRIBUTE NAME ="Lookup Index Cache Size" VALUE ="Auto"/>
            <TABLEATTRIBUTE NAME ="Dynamic Lookup Cache" VALUE ="NO"/>
            <TABLEATTRIBUTE NAME ="Synchronize Dynamic Cache" VALUE ="NO"/>
            <TABLEATTRIBUTE NAME ="Output Old Value On Update" VALUE ="NO"/>
            <TABLEATTRIBUTE NAME ="Update Dynamic Cache Condition" VALUE ="TRUE"/>
            <TABLEATTRIBUTE NAME ="Cache File Name Prefix" VALUE =""/>
            <TABLEATTRIBUTE NAME ="Re-cache from lookup source" VALUE ="NO"/>
            <TABLEATTRIBUTE NAME ="Insert Else Update" VALUE ="NO"/>
            <TABLEATTRIBUTE NAME ="Update Else Insert" VALUE ="NO"/>
            <TABLEATTRIBUTE NAME ="Datetime Format" VALUE =""/>
            <TABLEATTRIBUTE NAME ="Thousand Separator" VALUE ="None"/>
            <TABLEATTRIBUTE NAME ="Decimal Separator" VALUE ="."/>
            <TABLEATTRIBUTE NAME ="Case Sensitive String Comparison" VALUE ="NO"/>
            <TABLEATTRIBUTE NAME ="Null ordering" VALUE ="Null Is Highest Value"/>
            <TABLEATTRIBUTE NAME ="Sorted Input" VALUE ="NO"/>
            <TABLEATTRIBUTE NAME ="Lookup source is static" VALUE ="NO"/>
            <TABLEATTRIBUTE NAME ="Pre-build lookup cache" VALUE ="Auto"/>
            <TABLEATTRIBUTE NAME ="Subsecond Precision" VALUE ="6"/>
        </TRANSFORMATION>
        <INSTANCE DESCRIPTION ="" NAME ="TODAY_PARTY_REL_XFORM" TRANSFORMATION_NAME ="today_party_rel_xform" TRANSFORMATION_TYPE ="Target Definition" TYPE ="TARGET"/>
        <INSTANCE DBDNAME ="CDM_SQL_PRE_LANDING_SRC" DESCRIPTION ="" NAME ="pre_land_sfdc_organization" TRANSFORMATION_NAME ="pre_land_sfdc_organization" TRANSFORMATION_TYPE ="Source Definition" TYPE ="SOURCE"/>
        <INSTANCE DESCRIPTION ="" NAME ="fltr_as_reqrd" REUSABLE ="NO" TRANSFORMATION_NAME ="fltr_as_reqrd" TRANSFORMATION_TYPE ="Filter" TYPE ="TRANSFORMATION"/>
        <INSTANCE DESCRIPTION ="" NAME ="exp_transformation" REUSABLE ="NO" TRANSFORMATION_NAME ="exp_transformation" TRANSFORMATION_TYPE ="Expression" TYPE ="TRANSFORMATION"/>
        <INSTANCE DESCRIPTION ="" NAME ="SQ_pre_land_sfdc_organization" REUSABLE ="NO" TRANSFORMATION_NAME ="SQ_pre_land_sfdc_organization" TRANSFORMATION_TYPE ="Source Qualifier" TYPE ="TRANSFORMATION">
            <ASSOCIATED_SOURCE_INSTANCE NAME ="pre_land_sfdc_organization"/>
        </INSTANCE>
        <INSTANCE DESCRIPTION ="" NAME ="lkp_values" REUSABLE ="NO" TRANSFORMATION_NAME ="lkp_values" TRANSFORMATION_TYPE ="Lookup Procedure" TYPE ="TRANSFORMATION"/>
        <CONNECTOR FROMFIELD ="Source_System_Name" FROMINSTANCE ="exp_transformation" FROMINSTANCETYPE ="Expression" TOFIELD ="source_system" TOINSTANCE ="TODAY_PARTY_REL_XFORM" TOINSTANCETYPE ="Target Definition"/>
        <CONNECTOR FROMFIELD ="SOURCE_PARTY_RLNSP_ID" FROMINSTANCE ="exp_transformation" FROMINSTANCETYPE ="Expression" TOFIELD ="source_party_rlnsp_id" TOINSTANCE ="TODAY_PARTY_REL_XFORM" TOINSTANCETYPE ="Target Definition"/>
        <CONNECTOR FROMFIELD ="Relationship_Type_out" FROMINSTANCE ="exp_transformation" FROMINSTANCETYPE ="Expression" TOFIELD ="relationship_type_id" TOINSTANCE ="TODAY_PARTY_REL_XFORM" TOINSTANCETYPE ="Target Definition"/>
        <CONNECTOR FROMFIELD ="ParentId_Out" FROMINSTANCE ="exp_transformation" FROMINSTANCETYPE ="Expression" TOFIELD ="to_source_party_id" TOINSTANCE ="TODAY_PARTY_REL_XFORM" TOINSTANCETYPE ="Target Definition"/>
        <CONNECTOR FROMFIELD ="Id_Out" FROMINSTANCE ="exp_transformation" FROMINSTANCETYPE ="Expression" TOFIELD ="from_source_party_id" TOINSTANCE ="TODAY_PARTY_REL_XFORM" TOINSTANCETYPE ="Target Definition"/>
        <CONNECTOR FROMFIELD ="PARENT_SOURCE_SYSTEM" FROMINSTANCE ="exp_transformation" FROMINSTANCETYPE ="Expression" TOFIELD ="from_party_source_system" TOINSTANCE ="TODAY_PARTY_REL_XFORM" TOINSTANCETYPE ="Target Definition"/>
        <CONNECTOR FROMFIELD ="PARENT_SOURCE_SYSTEM" FROMINSTANCE ="exp_transformation" FROMINSTANCETYPE ="Expression" TOFIELD ="to_party_source_system" TOINSTANCE ="TODAY_PARTY_REL_XFORM" TOINSTANCETYPE ="Target Definition"/>
        <CONNECTOR FROMFIELD ="MAPPING_NAME" FROMINSTANCE ="exp_transformation" FROMINSTANCETYPE ="Expression" TOFIELD ="mapping_name" TOINSTANCE ="TODAY_PARTY_REL_XFORM" TOINSTANCETYPE ="Target Definition"/>
        <CONNECTOR FROMFIELD ="CreatedByAlias" FROMINSTANCE ="exp_transformation" FROMINSTANCETYPE ="Expression" TOFIELD ="created_by" TOINSTANCE ="TODAY_PARTY_REL_XFORM" TOINSTANCETYPE ="Target Definition"/>
        <CONNECTOR FROMFIELD ="Relationship_Status_out" FROMINSTANCE ="exp_transformation" FROMINSTANCETYPE ="Expression" TOFIELD ="status_id" TOINSTANCE ="TODAY_PARTY_REL_XFORM" TOINSTANCETYPE ="Target Definition"/>
        <CONNECTOR FROMFIELD ="PRIMARY_INDICATOR" FROMINSTANCE ="exp_transformation" FROMINSTANCETYPE ="Expression" TOFIELD ="primary_indicator" TOINSTANCE ="TODAY_PARTY_REL_XFORM" TOINSTANCETYPE ="Target Definition"/>
        <CONNECTOR FROMFIELD ="LastModifiedDate" FROMINSTANCE ="exp_transformation" FROMINSTANCETYPE ="Expression" TOFIELD ="last_updated_date" TOINSTANCE ="TODAY_PARTY_REL_XFORM" TOINSTANCETYPE ="Target Definition"/>
        <CONNECTOR FROMFIELD ="CreatedDate" FROMINSTANCE ="exp_transformation" FROMINSTANCETYPE ="Expression" TOFIELD ="created_date" TOINSTANCE ="TODAY_PARTY_REL_XFORM" TOINSTANCETYPE ="Target Definition"/>
        <CONNECTOR FROMFIELD ="LastModifiedByAlias" FROMINSTANCE ="exp_transformation" FROMINSTANCETYPE ="Expression" TOFIELD ="last_updated_by" TOINSTANCE ="TODAY_PARTY_REL_XFORM" TOINSTANCETYPE ="Target Definition"/>
        <CONNECTOR FROMFIELD ="Registration_Type__c" FROMINSTANCE ="pre_land_sfdc_organization" FROMINSTANCETYPE ="Source Definition" TOFIELD ="Registration_Type__c" TOINSTANCE ="SQ_pre_land_sfdc_organization" TOINSTANCETYPE ="Source Qualifier"/>
        <CONNECTOR FROMFIELD ="Primary_CG_Org_Owner__c" FROMINSTANCE ="pre_land_sfdc_organization" FROMINSTANCETYPE ="Source Definition" TOFIELD ="Primary_CG_Org_Owner__c" TOINSTANCE ="SQ_pre_land_sfdc_organization" TOINSTANCETYPE ="Source Qualifier"/>
        <CONNECTOR FROMFIELD ="Primary_CG_Org_Owner__r_alias" FROMINSTANCE ="pre_land_sfdc_organization" FROMINSTANCETYPE ="Source Definition" TOFIELD ="Primary_CG_Org_Owner__r_alias" TOINSTANCE ="SQ_pre_land_sfdc_organization" TOINSTANCETYPE ="Source Qualifier"/>
        <CONNECTOR FROMFIELD ="Primary_CG_Org_Owner__r_Associate_ID__c" FROMINSTANCE ="pre_land_sfdc_organization" FROMINSTANCETYPE ="Source Definition" TOFIELD ="Primary_CG_Org_Owner__r_Associate_ID__c" TOINSTANCE ="SQ_pre_land_sfdc_organization" TOINSTANCETYPE ="Source Qualifier"/>
        <CONNECTOR FROMFIELD ="Primary_Channel__c" FROMINSTANCE ="pre_land_sfdc_organization" FROMINSTANCETYPE ="Source Definition" TOFIELD ="Primary_Channel__c" TOINSTANCE ="SQ_pre_land_sfdc_organization" TOINSTANCETYPE ="Source Qualifier"/>
        <CONNECTOR FROMFIELD ="Type" FROMINSTANCE ="pre_land_sfdc_organization" FROMINSTANCETYPE ="Source Definition" TOFIELD ="Type" TOINSTANCE ="SQ_pre_land_sfdc_organization" TOINSTANCETYPE ="Source Qualifier"/>
        <CONNECTOR FROMFIELD ="Organization_Direct__c" FROMINSTANCE ="pre_land_sfdc_organization" FROMINSTANCETYPE ="Source Definition" TOFIELD ="Organization_Direct__c" TOINSTANCE ="SQ_pre_land_sfdc_organization" TOINSTANCETYPE ="Source Qualifier"/>
        <CONNECTOR FROMFIELD ="Name" FROMINSTANCE ="pre_land_sfdc_organization" FROMINSTANCETYPE ="Source Definition" TOFIELD ="Name" TOINSTANCE ="SQ_pre_land_sfdc_organization" TOINSTANCETYPE ="Source Qualifier"/>
        <CONNECTOR FROMFIELD ="Marketing_Email_Restriction__c" FROMINSTANCE ="pre_land_sfdc_organization" FROMINSTANCETYPE ="Source Definition" TOFIELD ="Marketing_Email_Restriction__c" TOINSTANCE ="SQ_pre_land_sfdc_organization" TOINSTANCETYPE ="Source Qualifier"/>
        <CONNECTOR FROMFIELD ="Organization_ID__c" FROMINSTANCE ="pre_land_sfdc_organization" FROMINSTANCETYPE ="Source Definition" TOFIELD ="Organization_ID__c" TOINSTANCE ="SQ_pre_land_sfdc_organization" TOINSTANCETYPE ="Source Qualifier"/>
        <CONNECTOR FROMFIELD ="BillingPostalCode" FROMINSTANCE ="pre_land_sfdc_organization" FROMINSTANCETYPE ="Source Definition" TOFIELD ="BillingPostalCode" TOINSTANCE ="SQ_pre_land_sfdc_organization" TOINSTANCETYPE ="Source Qualifier"/>
        <CONNECTOR FROMFIELD ="BillingStreet" FROMINSTANCE ="pre_land_sfdc_organization" FROMINSTANCETYPE ="Source Definition" TOFIELD ="BillingStreet" TOINSTANCE ="SQ_pre_land_sfdc_organization" TOINSTANCETYPE ="Source Qualifier"/>
        <CONNECTOR FROMFIELD ="BillingCity" FROMINSTANCE ="pre_land_sfdc_organization" FROMINSTANCETYPE ="Source Definition" TOFIELD ="BillingCity" TOINSTANCE ="SQ_pre_land_sfdc_organization" TOINSTANCETYPE ="Source Qualifier"/>
        <CONNECTOR FROMFIELD ="BillingState" FROMINSTANCE ="pre_land_sfdc_organization" FROMINSTANCETYPE ="Source Definition" TOFIELD ="BillingState" TOINSTANCE ="SQ_pre_land_sfdc_organization" TOINSTANCETYPE ="Source Qualifier"/>
        <CONNECTOR FROMFIELD ="BillingCountry" FROMINSTANCE ="pre_land_sfdc_organization" FROMINSTANCETYPE ="Source Definition" TOFIELD ="BillingCountry" TOINSTANCE ="SQ_pre_land_sfdc_organization" TOINSTANCETYPE ="Source Qualifier"/>
        <CONNECTOR FROMFIELD ="IsDeleted" FROMINSTANCE ="pre_land_sfdc_organization" FROMINSTANCETYPE ="Source Definition" TOFIELD ="IsDeleted" TOINSTANCE ="SQ_pre_land_sfdc_organization" TOINSTANCETYPE ="Source Qualifier"/>
        <CONNECTOR FROMFIELD ="CreatedByAlias" FROMINSTANCE ="pre_land_sfdc_organization" FROMINSTANCETYPE ="Source Definition" TOFIELD ="CreatedByAlias" TOINSTANCE ="SQ_pre_land_sfdc_organization" TOINSTANCETYPE ="Source Qualifier"/>
        <CONNECTOR FROMFIELD ="CreatedDate" FROMINSTANCE ="pre_land_sfdc_organization" FROMINSTANCETYPE ="Source Definition" TOFIELD ="CreatedDate" TOINSTANCE ="SQ_pre_land_sfdc_organization" TOINSTANCETYPE ="Source Qualifier"/>
        <CONNECTOR FROMFIELD ="LastModifiedByAlias" FROMINSTANCE ="pre_land_sfdc_organization" FROMINSTANCETYPE ="Source Definition" TOFIELD ="LastModifiedByAlias" TOINSTANCE ="SQ_pre_land_sfdc_organization" TOINSTANCETYPE ="Source Qualifier"/>
        <CONNECTOR FROMFIELD ="LastModifiedDate" FROMINSTANCE ="pre_land_sfdc_organization" FROMINSTANCETYPE ="Source Definition" TOFIELD ="LastModifiedDate" TOINSTANCE ="SQ_pre_land_sfdc_organization" TOINSTANCETYPE ="Source Qualifier"/>
        <CONNECTOR FROMFIELD ="GU_ID__c" FROMINSTANCE ="pre_land_sfdc_organization" FROMINSTANCETYPE ="Source Definition" TOFIELD ="GU_ID__c" TOINSTANCE ="SQ_pre_land_sfdc_organization" TOINSTANCETYPE ="Source Qualifier"/>
        <CONNECTOR FROMFIELD ="Source_System_Name" FROMINSTANCE ="pre_land_sfdc_organization" FROMINSTANCETYPE ="Source Definition" TOFIELD ="Source_System_Name" TOINSTANCE ="SQ_pre_land_sfdc_organization" TOINSTANCETYPE ="Source Qualifier"/>
        <CONNECTOR FROMFIELD ="Primary_Address_Type__c" FROMINSTANCE ="pre_land_sfdc_organization" FROMINSTANCETYPE ="Source Definition" TOFIELD ="Primary_Address_Type__c" TOINSTANCE ="SQ_pre_land_sfdc_organization" TOINSTANCETYPE ="Source Qualifier"/>
        <CONNECTOR FROMFIELD ="Secondary_Address_Type__c" FROMINSTANCE ="pre_land_sfdc_organization" FROMINSTANCETYPE ="Source Definition" TOFIELD ="Secondary_Address_Type__c" TOINSTANCE ="SQ_pre_land_sfdc_organization" TOINSTANCETYPE ="Source Qualifier"/>
        <CONNECTOR FROMFIELD ="Location_Type__c" FROMINSTANCE ="pre_land_sfdc_organization" FROMINSTANCETYPE ="Source Definition" TOFIELD ="Location_Type__c" TOINSTANCE ="SQ_pre_land_sfdc_organization" TOINSTANCETYPE ="Source Qualifier"/>
        <CONNECTOR FROMFIELD ="Legal_Name__c" FROMINSTANCE ="pre_land_sfdc_organization" FROMINSTANCETYPE ="Source Definition" TOFIELD ="Legal_Name__c" TOINSTANCE ="SQ_pre_land_sfdc_organization" TOINSTANCETYPE ="Source Qualifier"/>
        <CONNECTOR FROMFIELD ="SEC__c" FROMINSTANCE ="pre_land_sfdc_organization" FROMINSTANCETYPE ="Source Definition" TOFIELD ="SEC__c" TOINSTANCE ="SQ_pre_land_sfdc_organization" TOINSTANCETYPE ="Source Qualifier"/>
        <CONNECTOR FROMFIELD ="ShippingStreet" FROMINSTANCE ="pre_land_sfdc_organization" FROMINSTANCETYPE ="Source Definition" TOFIELD ="ShippingStreet" TOINSTANCE ="SQ_pre_land_sfdc_organization" TOINSTANCETYPE ="Source Qualifier"/>
        <CONNECTOR FROMFIELD ="ShippingCity" FROMINSTANCE ="pre_land_sfdc_organization" FROMINSTANCETYPE ="Source Definition" TOFIELD ="ShippingCity" TOINSTANCE ="SQ_pre_land_sfdc_organization" TOINSTANCETYPE ="Source Qualifier"/>
        <CONNECTOR FROMFIELD ="ShippingState" FROMINSTANCE ="pre_land_sfdc_organization" FROMINSTANCETYPE ="Source Definition" TOFIELD ="ShippingState" TOINSTANCE ="SQ_pre_land_sfdc_organization" TOINSTANCETYPE ="Source Qualifier"/>
        <CONNECTOR FROMFIELD ="ShippingPostalCode" FROMINSTANCE ="pre_land_sfdc_organization" FROMINSTANCETYPE ="Source Definition" TOFIELD ="ShippingPostalCode" TOINSTANCE ="SQ_pre_land_sfdc_organization" TOINSTANCETYPE ="Source Qualifier"/>
        <CONNECTOR FROMFIELD ="Website" FROMINSTANCE ="pre_land_sfdc_organization" FROMINSTANCETYPE ="Source Definition" TOFIELD ="rec_type" TOINSTANCE ="SQ_pre_land_sfdc_organization" TOINSTANCETYPE ="Source Qualifier"/>
        <CONNECTOR FROMFIELD ="ShippingCountry" FROMINSTANCE ="pre_land_sfdc_organization" FROMINSTANCETYPE ="Source Definition" TOFIELD ="ShippingCountry" TOINSTANCE ="SQ_pre_land_sfdc_organization" TOINSTANCETYPE ="Source Qualifier"/>
        <CONNECTOR FROMFIELD ="Website" FROMINSTANCE ="pre_land_sfdc_organization" FROMINSTANCETYPE ="Source Definition" TOFIELD ="Website" TOINSTANCE ="SQ_pre_land_sfdc_organization" TOINSTANCETYPE ="Source Qualifier"/>
        <CONNECTOR FROMFIELD ="Corporate_Structure__c" FROMINSTANCE ="pre_land_sfdc_organization" FROMINSTANCETYPE ="Source Definition" TOFIELD ="Corporate_Structure__c" TOINSTANCE ="SQ_pre_land_sfdc_organization" TOINSTANCETYPE ="Source Qualifier"/>
        <CONNECTOR FROMFIELD ="Inactivated_Date__c" FROMINSTANCE ="pre_land_sfdc_organization" FROMINSTANCETYPE ="Source Definition" TOFIELD ="Inactivated_Date__c" TOINSTANCE ="SQ_pre_land_sfdc_organization" TOINSTANCETYPE ="Source Qualifier"/>
        <CONNECTOR FROMFIELD ="Org_Tax_ID_Number__c" FROMINSTANCE ="pre_land_sfdc_organization" FROMINSTANCETYPE ="Source Definition" TOFIELD ="Org_Tax_ID_Number__c" TOINSTANCE ="SQ_pre_land_sfdc_organization" TOINSTANCETYPE ="Source Qualifier"/>
        <CONNECTOR FROMFIELD ="Phone" FROMINSTANCE ="pre_land_sfdc_organization" FROMINSTANCETYPE ="Source Definition" TOFIELD ="Phone" TOINSTANCE ="SQ_pre_land_sfdc_organization" TOINSTANCETYPE ="Source Qualifier"/>
        <CONNECTOR FROMFIELD ="Fax" FROMINSTANCE ="pre_land_sfdc_organization" FROMINSTANCETYPE ="Source Definition" TOFIELD ="Fax" TOINSTANCE ="SQ_pre_land_sfdc_organization" TOINSTANCETYPE ="Source Qualifier"/>
        <CONNECTOR FROMFIELD ="Id" FROMINSTANCE ="pre_land_sfdc_organization" FROMINSTANCETYPE ="Source Definition" TOFIELD ="Id" TOINSTANCE ="SQ_pre_land_sfdc_organization" TOINSTANCETYPE ="Source Qualifier"/>
        <CONNECTOR FROMFIELD ="ParentId" FROMINSTANCE ="pre_land_sfdc_organization" FROMINSTANCETYPE ="Source Definition" TOFIELD ="ParentId" TOINSTANCE ="SQ_pre_land_sfdc_organization" TOINSTANCETYPE ="Source Qualifier"/>
        <CONNECTOR FROMFIELD ="Tier__c" FROMINSTANCE ="pre_land_sfdc_organization" FROMINSTANCETYPE ="Source Definition" TOFIELD ="Tier__c" TOINSTANCE ="SQ_pre_land_sfdc_organization" TOINSTANCETYPE ="Source Qualifier"/>
        <CONNECTOR FROMFIELD ="Status__c" FROMINSTANCE ="pre_land_sfdc_organization" FROMINSTANCETYPE ="Source Definition" TOFIELD ="Status__c" TOINSTANCE ="SQ_pre_land_sfdc_organization" TOINSTANCETYPE ="Source Qualifier"/>
        <CONNECTOR FROMFIELD ="RecordTypeName" FROMINSTANCE ="pre_land_sfdc_organization" FROMINSTANCETYPE ="Source Definition" TOFIELD ="RecordTypeName" TOINSTANCE ="SQ_pre_land_sfdc_organization" TOINSTANCETYPE ="Source Qualifier"/>
        <CONNECTOR FROMFIELD ="CRD__c" FROMINSTANCE ="pre_land_sfdc_organization" FROMINSTANCETYPE ="Source Definition" TOFIELD ="CRD__c" TOINSTANCE ="SQ_pre_land_sfdc_organization" TOINSTANCETYPE ="Source Qualifier"/>
        <CONNECTOR FROMFIELD ="Id" FROMINSTANCE ="SQ_pre_land_sfdc_organization" FROMINSTANCETYPE ="Source Qualifier" TOFIELD ="Id" TOINSTANCE ="fltr_as_reqrd" TOINSTANCETYPE ="Filter"/>
        <CONNECTOR FROMFIELD ="ParentId" FROMINSTANCE ="SQ_pre_land_sfdc_organization" FROMINSTANCETYPE ="Source Qualifier" TOFIELD ="ParentId" TOINSTANCE ="fltr_as_reqrd" TOINSTANCETYPE ="Filter"/>
        <CONNECTOR FROMFIELD ="CreatedDate" FROMINSTANCE ="SQ_pre_land_sfdc_organization" FROMINSTANCETYPE ="Source Qualifier" TOFIELD ="CreatedDate" TOINSTANCE ="fltr_as_reqrd" TOINSTANCETYPE ="Filter"/>
        <CONNECTOR FROMFIELD ="LastModifiedDate" FROMINSTANCE ="SQ_pre_land_sfdc_organization" FROMINSTANCETYPE ="Source Qualifier" TOFIELD ="LastModifiedDate" TOINSTANCE ="fltr_as_reqrd" TOINSTANCETYPE ="Filter"/>
        <CONNECTOR FROMFIELD ="Status__c" FROMINSTANCE ="SQ_pre_land_sfdc_organization" FROMINSTANCETYPE ="Source Qualifier" TOFIELD ="Status__c" TOINSTANCE ="fltr_as_reqrd" TOINSTANCETYPE ="Filter"/>
        <CONNECTOR FROMFIELD ="Source_System_Name" FROMINSTANCE ="SQ_pre_land_sfdc_organization" FROMINSTANCETYPE ="Source Qualifier" TOFIELD ="Source_System_Name" TOINSTANCE ="fltr_as_reqrd" TOINSTANCETYPE ="Filter"/>
        <CONNECTOR FROMFIELD ="LastModifiedByAlias" FROMINSTANCE ="SQ_pre_land_sfdc_organization" FROMINSTANCETYPE ="Source Qualifier" TOFIELD ="LastModifiedByAlias" TOINSTANCE ="fltr_as_reqrd" TOINSTANCETYPE ="Filter"/>
        <CONNECTOR FROMFIELD ="CreatedByAlias" FROMINSTANCE ="SQ_pre_land_sfdc_organization" FROMINSTANCETYPE ="Source Qualifier" TOFIELD ="CreatedByAlias" TOINSTANCE ="fltr_as_reqrd" TOINSTANCETYPE ="Filter"/>
        <CONNECTOR FROMFIELD ="Source_System_Name" FROMINSTANCE ="SQ_pre_land_sfdc_organization" FROMINSTANCETYPE ="Source Qualifier" TOFIELD ="Source_System_Name1" TOINSTANCE ="fltr_as_reqrd" TOINSTANCETYPE ="Filter"/>
        <CONNECTOR FROMFIELD ="RecordTypeName" FROMINSTANCE ="SQ_pre_land_sfdc_organization" FROMINSTANCETYPE ="Source Qualifier" TOFIELD ="RecordTypeName" TOINSTANCE ="fltr_as_reqrd" TOINSTANCETYPE ="Filter"/>
        <CONNECTOR FROMFIELD ="rec_type" FROMINSTANCE ="SQ_pre_land_sfdc_organization" FROMINSTANCETYPE ="Source Qualifier" TOFIELD ="rec_type" TOINSTANCE ="fltr_as_reqrd" TOINSTANCETYPE ="Filter"/>
        <CONNECTOR FROMFIELD ="Id" FROMINSTANCE ="fltr_as_reqrd" FROMINSTANCETYPE ="Filter" TOFIELD ="Id" TOINSTANCE ="exp_transformation" TOINSTANCETYPE ="Expression"/>
        <CONNECTOR FROMFIELD ="ParentId" FROMINSTANCE ="fltr_as_reqrd" FROMINSTANCETYPE ="Filter" TOFIELD ="ParentId" TOINSTANCE ="exp_transformation" TOINSTANCETYPE ="Expression"/>
        <CONNECTOR FROMFIELD ="CreatedDate" FROMINSTANCE ="fltr_as_reqrd" FROMINSTANCETYPE ="Filter" TOFIELD ="CreatedDate" TOINSTANCE ="exp_transformation" TOINSTANCETYPE ="Expression"/>
        <CONNECTOR FROMFIELD ="LastModifiedDate" FROMINSTANCE ="fltr_as_reqrd" FROMINSTANCETYPE ="Filter" TOFIELD ="LastModifiedDate" TOINSTANCE ="exp_transformation" TOINSTANCETYPE ="Expression"/>
        <CONNECTOR FROMFIELD ="Status__c" FROMINSTANCE ="fltr_as_reqrd" FROMINSTANCETYPE ="Filter" TOFIELD ="Status__c" TOINSTANCE ="exp_transformation" TOINSTANCETYPE ="Expression"/>
        <CONNECTOR FROMFIELD ="Source_System_Name" FROMINSTANCE ="fltr_as_reqrd" FROMINSTANCETYPE ="Filter" TOFIELD ="Source_System_Name" TOINSTANCE ="exp_transformation" TOINSTANCETYPE ="Expression"/>
        <CONNECTOR FROMFIELD ="LastModifiedByAlias" FROMINSTANCE ="fltr_as_reqrd" FROMINSTANCETYPE ="Filter" TOFIELD ="LastModifiedByAlias" TOINSTANCE ="exp_transformation" TOINSTANCETYPE ="Expression"/>
        <CONNECTOR FROMFIELD ="CreatedByAlias" FROMINSTANCE ="fltr_as_reqrd" FROMINSTANCETYPE ="Filter" TOFIELD ="CreatedByAlias" TOINSTANCE ="exp_transformation" TOINSTANCETYPE ="Expression"/>
        <CONNECTOR FROMFIELD ="rec_type" FROMINSTANCE ="fltr_as_reqrd" FROMINSTANCETYPE ="Filter" TOFIELD ="rec_type" TOINSTANCE ="exp_transformation" TOINSTANCETYPE ="Expression"/>
        <TARGETLOADORDER ORDER ="1" TARGETINSTANCE ="TODAY_PARTY_REL_XFORM"/>
        <ERPINFO/>
    </MAPPING>
    <CONFIG DESCRIPTION ="Default session configuration object" ISDEFAULT ="YES" NAME ="default_session_config" VERSIONNUMBER ="1">
        <ATTRIBUTE NAME ="Advanced" VALUE =""/>
        <ATTRIBUTE NAME ="Constraint based load ordering" VALUE ="NO"/>
        <ATTRIBUTE NAME ="Cache LOOKUP() function" VALUE ="YES"/>
        <ATTRIBUTE NAME ="Default buffer block size" VALUE ="Auto"/>
        <ATTRIBUTE NAME ="Line Sequential buffer length" VALUE ="1024"/>
        <ATTRIBUTE NAME ="Maximum Memory Allowed For Auto Memory Attributes" VALUE ="512MB"/>
        <ATTRIBUTE NAME ="Maximum Percentage of Total Memory Allowed For Auto Memory Attributes" VALUE ="5"/>
        <ATTRIBUTE NAME ="Additional Concurrent Pipelines for Lookup Cache Creation" VALUE ="Auto"/>
        <ATTRIBUTE NAME ="Custom Properties" VALUE =""/>
        <ATTRIBUTE NAME ="Pre-build lookup cache" VALUE ="Auto"/>
        <ATTRIBUTE NAME ="Optimization Level" VALUE ="Medium"/>
        <ATTRIBUTE NAME ="DateTime Format String" VALUE ="MM/DD/YYYY HH24:MI:SS.US"/>
        <ATTRIBUTE NAME ="Pre 85 Timestamp Compatibility" VALUE ="NO"/>
        <ATTRIBUTE NAME ="Log Options" VALUE ="0"/>
        <ATTRIBUTE NAME ="Save session log by" VALUE ="Session runs"/>
        <ATTRIBUTE NAME ="Save session log for these runs" VALUE ="0"/>
        <ATTRIBUTE NAME ="Session Log File Max Size" VALUE ="0"/>
        <ATTRIBUTE NAME ="Session Log File Max Time Period" VALUE ="0"/>
        <ATTRIBUTE NAME ="Maximum Partial Session Log Files" VALUE ="1"/>
        <ATTRIBUTE NAME ="Writer Commit Statistics Log Frequency" VALUE ="1"/>
        <ATTRIBUTE NAME ="Writer Commit Statistics Log Interval" VALUE ="0"/>
        <ATTRIBUTE NAME ="Error handling" VALUE =""/>
        <ATTRIBUTE NAME ="Stop on errors" VALUE ="0"/>
        <ATTRIBUTE NAME ="Override tracing" VALUE ="None"/>
        <ATTRIBUTE NAME ="On Stored Procedure error" VALUE ="Stop"/>
        <ATTRIBUTE NAME ="On Pre-session command task error" VALUE ="Stop"/>
        <ATTRIBUTE NAME ="On Pre-Post SQL error" VALUE ="Stop"/>
        <ATTRIBUTE NAME ="Enable Recovery" VALUE ="NO"/>
        <ATTRIBUTE NAME ="Error Log Type" VALUE ="None"/>
        <ATTRIBUTE NAME ="Error Log Table Name Prefix" VALUE =""/>
        <ATTRIBUTE NAME ="Error Log File Name" VALUE ="PMError.log"/>
        <ATTRIBUTE NAME ="Log Source Row Data" VALUE ="NO"/>
        <ATTRIBUTE NAME ="Data Column Delimiter" VALUE ="|"/>
        <ATTRIBUTE NAME ="Partitioning Options" VALUE =""/>
        <ATTRIBUTE NAME ="Dynamic Partitioning" VALUE ="Disabled"/>
        <ATTRIBUTE NAME ="Number of Partitions" VALUE ="1"/>
        <ATTRIBUTE NAME ="Multiplication Factor" VALUE ="Auto"/>
        <ATTRIBUTE NAME ="Session on Grid" VALUE =""/>
        <ATTRIBUTE NAME ="Is Enabled" VALUE ="NO"/>
    </CONFIG>
    <WORKFLOW DESCRIPTION ="" ISENABLED ="YES" ISRUNNABLESERVICE ="NO" ISSERVICE ="NO" ISVALID ="YES" NAME ="wf_landing_sfdc_to_cdm_organization_party_rel" REUSABLE_SCHEDULER ="NO" SCHEDULERNAME ="Scheduler" SERVERNAME ="unicode_is_3" SERVER_DOMAINNAME ="PC105_DEV2" SUSPEND_ON_ERROR ="NO" TASKS_MUST_RUN_ON_SERVER ="NO" VERSIONNUMBER ="1">
        <SCHEDULER DESCRIPTION ="" NAME ="Scheduler" REUSABLE ="NO" VERSIONNUMBER ="1">
            <SCHEDULEINFO SCHEDULETYPE ="ONDEMAND"/>
        </SCHEDULER>
        <TASK DESCRIPTION ="" NAME ="Start" REUSABLE ="NO" TYPE ="Start" VERSIONNUMBER ="1"/>
        <SESSION DESCRIPTION ="" ISVALID ="YES" MAPPINGNAME ="m_landing_sfdc_to_cdm_organization_party_rel" NAME ="s_m_landing_sfdc_to_cdm_organization_party_rel" REUSABLE ="NO" SORTORDER ="Binary" VERSIONNUMBER ="1">
            <SESSTRANSFORMATIONINST ISREPARTITIONPOINT ="YES" PARTITIONTYPE ="PASS THROUGH" PIPELINE ="1" SINSTANCENAME ="TODAY_PARTY_REL_XFORM" STAGE ="1" TRANSFORMATIONNAME ="TODAY_PARTY_REL_XFORM" TRANSFORMATIONTYPE ="Target Definition">
                <ATTRIBUTE NAME ="Pre SQL" VALUE ="delete from dbo.TODAY_PARTY_REL_XFORM where MAPPING_NAME=&apos;$PMMappingName&apos; ;"/>
            </SESSTRANSFORMATIONINST>
            <SESSTRANSFORMATIONINST ISREPARTITIONPOINT ="NO" PIPELINE ="0" SINSTANCENAME ="pre_land_sfdc_organization" STAGE ="0" TRANSFORMATIONNAME ="pre_land_sfdc_organization" TRANSFORMATIONTYPE ="Source Definition"/>
            <SESSTRANSFORMATIONINST ISREPARTITIONPOINT ="YES" PARTITIONTYPE ="PASS THROUGH" PIPELINE ="1" SINSTANCENAME ="SQ_pre_land_sfdc_organization" STAGE ="2" TRANSFORMATIONNAME ="SQ_pre_land_sfdc_organization" TRANSFORMATIONTYPE ="Source Qualifier">
                <ATTRIBUTE NAME ="Sql Query" VALUE ="SELECT org.Id,&#xD;&#xA;org.ParentId,&#xD;&#xA;org.Status__c,&#xD;&#xA;org.RecordTypeName,&#xD;&#xA;org.CreatedByAlias,&#xD;&#xA;org.CreatedDate,&#xD;&#xA;org.LastModifiedByAlias,&#xD;&#xA;org.LastModifiedDate,&#xD;&#xA;org.Source_System_Name,&#xD;&#xA;&apos;LIC&apos;  rec_type&#xD;&#xA;FROM&#xD;&#xA;pre_land_sfdc_organization  org&#xD;&#xA;WHERE ParentId is not null&#xD;&#xA;&#xD;&#xA;UNION &#xD;&#xA;&#xD;&#xA;SELECT o.Id,&#xD;&#xA;o.ParentId,&#xD;&#xA;o.Status__c,&#xD;&#xA;o.RecordTypeName,&#xD;&#xA;o.CreatedByAlias,&#xD;&#xA;o.CreatedDate,&#xD;&#xA;o.LastModifiedByAlias,&#xD;&#xA;o.LastModifiedDate,&#xD;&#xA;o.Source_System_Name ,&#xD;&#xA;&apos;CAR&apos; rec_type&#xD;&#xA;FROM&#xD;&#xA; pre_land_sfdc_office  o&#xD;&#xA; join&#xD;&#xA; pre_land_sfdc_organization org&#xD;&#xA; on org.id=o.ParentId&#xD;&#xA; where&#xD;&#xA;((o.Client_Group_C=&apos;Australia&apos; and o.BillingCountry is NULL) OR (o.Client_Group_C is NOT NULL and o.BillingCountry = &apos;Australia&apos;))&#xD;&#xA; and o.ParentId is not null"/>
            </SESSTRANSFORMATIONINST>
            <SESSTRANSFORMATIONINST ISREPARTITIONPOINT ="NO" PIPELINE ="1" SINSTANCENAME ="fltr_as_reqrd" STAGE ="2" TRANSFORMATIONNAME ="fltr_as_reqrd" TRANSFORMATIONTYPE ="Filter">
                <PARTITION DESCRIPTION ="" NAME ="Partition #1"/>
            </SESSTRANSFORMATIONINST>
            <SESSTRANSFORMATIONINST ISREPARTITIONPOINT ="NO" PIPELINE ="0" SINSTANCENAME ="lkp_values" STAGE ="0" TRANSFORMATIONNAME ="lkp_values" TRANSFORMATIONTYPE ="Lookup Procedure">
                <ATTRIBUTE NAME ="Connection Information" VALUE ="$Source"/>
            </SESSTRANSFORMATIONINST>
            <SESSTRANSFORMATIONINST ISREPARTITIONPOINT ="NO" PIPELINE ="1" SINSTANCENAME ="exp_transformation" STAGE ="2" TRANSFORMATIONNAME ="exp_transformation" TRANSFORMATIONTYPE ="Expression">
                <PARTITION DESCRIPTION ="" NAME ="Partition #1"/>
            </SESSTRANSFORMATIONINST>
            <CONFIGREFERENCE REFOBJECTNAME ="default_session_config" TYPE ="Session config">
                <ATTRIBUTE NAME ="Stop on errors" VALUE ="1"/>
            </CONFIGREFERENCE>
            <SESSIONEXTENSION NAME ="Relational Writer" SINSTANCENAME ="TODAY_PARTY_REL_XFORM" SUBTYPE ="Relational Writer" TRANSFORMATIONTYPE ="Target Definition" TYPE ="WRITER">
                <CONNECTIONREFERENCE CNXREFNAME ="DB Connection" CONNECTIONNAME ="" CONNECTIONNUMBER ="1" CONNECTIONSUBTYPE ="" CONNECTIONTYPE ="Relational" VARIABLE ="$Source"/>
                <ATTRIBUTE NAME ="Target load type" VALUE ="Bulk"/>
                <ATTRIBUTE NAME ="Insert" VALUE ="YES"/>
                <ATTRIBUTE NAME ="Update as Update" VALUE ="YES"/>
                <ATTRIBUTE NAME ="Update as Insert" VALUE ="NO"/>
                <ATTRIBUTE NAME ="Update else Insert" VALUE ="NO"/>
                <ATTRIBUTE NAME ="Enable array upsert or update" VALUE ="NO"/>
                <ATTRIBUTE NAME ="Delete" VALUE ="NO"/>
                <ATTRIBUTE NAME ="Truncate target table option" VALUE ="NO"/>
                <ATTRIBUTE NAME ="Reject file directory" VALUE ="$PMBadFileDir&#x5c;cdm&#x5c;"/>
                <ATTRIBUTE NAME ="Reject filename" VALUE ="c_ldg_party_rel1.bad"/>
            </SESSIONEXTENSION>
            <SESSIONEXTENSION DSQINSTNAME ="SQ_pre_land_sfdc_organization" DSQINSTTYPE ="Source Qualifier" NAME ="Relational Reader" SINSTANCENAME ="pre_land_sfdc_organization" SUBTYPE ="Relational Reader" TRANSFORMATIONTYPE ="Source Definition" TYPE ="READER"/>
            <SESSIONEXTENSION NAME ="Relational Reader" SINSTANCENAME ="SQ_pre_land_sfdc_organization" SUBTYPE ="Relational Reader" TRANSFORMATIONTYPE ="Source Qualifier" TYPE ="READER">
                <CONNECTIONREFERENCE CNXREFNAME ="DB Connection" CONNECTIONNAME ="" CONNECTIONNUMBER ="1" CONNECTIONSUBTYPE ="" CONNECTIONTYPE ="Relational" VARIABLE ="$Source"/>
            </SESSIONEXTENSION>
            <SESSIONEXTENSION NAME ="Relational Lookup" SINSTANCENAME ="lkp_values" SUBTYPE ="Relational Lookup" TRANSFORMATIONTYPE ="Lookup Procedure" TYPE ="LOOKUPEXTENSION">
                <CONNECTIONREFERENCE CNXREFNAME ="DB Connection" CONNECTIONNAME ="" CONNECTIONNUMBER ="1" CONNECTIONSUBTYPE ="" CONNECTIONTYPE ="Relational" VARIABLE ="$Source"/>
            </SESSIONEXTENSION>
            <ATTRIBUTE NAME ="General Options" VALUE =""/>
            <ATTRIBUTE NAME ="Write Backward Compatible Session Log File" VALUE ="YES"/>
            <ATTRIBUTE NAME ="Session Log File Name" VALUE ="s_m_landing_sfdc_to_cdm_organization_party_rel.log"/>
            <ATTRIBUTE NAME ="Session Log File directory" VALUE ="$PMSessionLogDir&#x5c;cdm&#x5c;"/>
            <ATTRIBUTE NAME ="Parameter Filename" VALUE =""/>
            <ATTRIBUTE NAME ="Enable Test Load" VALUE ="NO"/>
            <ATTRIBUTE NAME ="$Source connection value" VALUE ="Relational:CDM_PRE_LANDING_DEV3"/>
            <ATTRIBUTE NAME ="$Target connection value" VALUE =""/>
            <ATTRIBUTE NAME ="Treat source rows as" VALUE ="Insert"/>
            <ATTRIBUTE NAME ="Commit Type" VALUE ="Target"/>
            <ATTRIBUTE NAME ="Commit Interval" VALUE ="10000"/>
            <ATTRIBUTE NAME ="Commit On End Of File" VALUE ="YES"/>
            <ATTRIBUTE NAME ="Rollback Transactions on Errors" VALUE ="NO"/>
            <ATTRIBUTE NAME ="Recovery Strategy" VALUE ="Fail task and continue workflow"/>
            <ATTRIBUTE NAME ="Java Classpath" VALUE =""/>
            <ATTRIBUTE NAME ="Performance" VALUE =""/>
            <ATTRIBUTE NAME ="DTM buffer size" VALUE ="Auto"/>
            <ATTRIBUTE NAME ="Collect performance data" VALUE ="NO"/>
            <ATTRIBUTE NAME ="Write performance data to repository" VALUE ="NO"/>
            <ATTRIBUTE NAME ="Incremental Aggregation" VALUE ="NO"/>
            <ATTRIBUTE NAME ="Enable high precision" VALUE ="NO"/>
            <ATTRIBUTE NAME ="Session retry on deadlock" VALUE ="NO"/>
            <ATTRIBUTE NAME ="Pushdown Optimization" VALUE ="None"/>
            <ATTRIBUTE NAME ="Allow Temporary View for Pushdown" VALUE ="NO"/>
            <ATTRIBUTE NAME ="Allow Temporary Sequence for Pushdown" VALUE ="NO"/>
            <ATTRIBUTE NAME ="Allow Pushdown for User Incompatible Connections" VALUE ="NO"/>
        </SESSION>
        <TASKINSTANCE DESCRIPTION ="" ISENABLED ="YES" NAME ="Start" REUSABLE ="NO" TASKNAME ="Start" TASKTYPE ="Start"/>
        <TASKINSTANCE DESCRIPTION ="" FAIL_PARENT_IF_INSTANCE_DID_NOT_RUN ="NO" FAIL_PARENT_IF_INSTANCE_FAILS ="YES" ISENABLED ="YES" NAME ="s_m_landing_sfdc_to_cdm_organization_party_rel" REUSABLE ="NO" TASKNAME ="s_m_landing_sfdc_to_cdm_organization_party_rel" TASKTYPE ="Session" TREAT_INPUTLINK_AS_AND ="YES"/>
        <WORKFLOWLINK CONDITION ="" FROMTASK ="Start" TOTASK ="s_m_landing_sfdc_to_cdm_organization_party_rel"/>
        <WORKFLOWVARIABLE DATATYPE ="date/time" DEFAULTVALUE ="" DESCRIPTION ="The time this task started" ISNULL ="NO" ISPERSISTENT ="NO" NAME ="$Start.StartTime" USERDEFINED ="NO"/>
        <WORKFLOWVARIABLE DATATYPE ="date/time" DEFAULTVALUE ="" DESCRIPTION ="The time this task completed" ISNULL ="NO" ISPERSISTENT ="NO" NAME ="$Start.EndTime" USERDEFINED ="NO"/>
        <WORKFLOWVARIABLE DATATYPE ="integer" DEFAULTVALUE ="" DESCRIPTION ="Status of this task&apos;s execution" ISNULL ="NO" ISPERSISTENT ="NO" NAME ="$Start.Status" USERDEFINED ="NO"/>
        <WORKFLOWVARIABLE DATATYPE ="integer" DEFAULTVALUE ="" DESCRIPTION ="Status of the previous task that is not disabled" ISNULL ="NO" ISPERSISTENT ="NO" NAME ="$Start.PrevTaskStatus" USERDEFINED ="NO"/>
        <WORKFLOWVARIABLE DATATYPE ="integer" DEFAULTVALUE ="" DESCRIPTION ="Error code for this task&apos;s execution" ISNULL ="NO" ISPERSISTENT ="NO" NAME ="$Start.ErrorCode" USERDEFINED ="NO"/>
        <WORKFLOWVARIABLE DATATYPE ="string" DEFAULTVALUE ="" DESCRIPTION ="Error message for this task&apos;s execution" ISNULL ="NO" ISPERSISTENT ="NO" NAME ="$Start.ErrorMsg" USERDEFINED ="NO"/>
        <WORKFLOWVARIABLE DATATYPE ="date/time" DEFAULTVALUE ="" DESCRIPTION ="The time this task started" ISNULL ="NO" ISPERSISTENT ="NO" NAME ="$s_m_landing_sfdc_to_cdm_organization_party_rel.StartTime" USERDEFINED ="NO"/>
        <WORKFLOWVARIABLE DATATYPE ="date/time" DEFAULTVALUE ="" DESCRIPTION ="The time this task completed" ISNULL ="NO" ISPERSISTENT ="NO" NAME ="$s_m_landing_sfdc_to_cdm_organization_party_rel.EndTime" USERDEFINED ="NO"/>
        <WORKFLOWVARIABLE DATATYPE ="integer" DEFAULTVALUE ="" DESCRIPTION ="Status of this task&apos;s execution" ISNULL ="NO" ISPERSISTENT ="NO" NAME ="$s_m_landing_sfdc_to_cdm_organization_party_rel.Status" USERDEFINED ="NO"/>
        <WORKFLOWVARIABLE DATATYPE ="integer" DEFAULTVALUE ="" DESCRIPTION ="Status of the previous task that is not disabled" ISNULL ="NO" ISPERSISTENT ="NO" NAME ="$s_m_landing_sfdc_to_cdm_organization_party_rel.PrevTaskStatus" USERDEFINED ="NO"/>
        <WORKFLOWVARIABLE DATATYPE ="integer" DEFAULTVALUE ="" DESCRIPTION ="Error code for this task&apos;s execution" ISNULL ="NO" ISPERSISTENT ="NO" NAME ="$s_m_landing_sfdc_to_cdm_organization_party_rel.ErrorCode" USERDEFINED ="NO"/>
        <WORKFLOWVARIABLE DATATYPE ="string" DEFAULTVALUE ="" DESCRIPTION ="Error message for this task&apos;s execution" ISNULL ="NO" ISPERSISTENT ="NO" NAME ="$s_m_landing_sfdc_to_cdm_organization_party_rel.ErrorMsg" USERDEFINED ="NO"/>
        <WORKFLOWVARIABLE DATATYPE ="bigint" DEFAULTVALUE ="" DESCRIPTION ="Rows successfully read" ISNULL ="NO" ISPERSISTENT ="NO" NAME ="$s_m_landing_sfdc_to_cdm_organization_party_rel.SrcSuccessRows" USERDEFINED ="NO"/>
        <WORKFLOWVARIABLE DATATYPE ="bigint" DEFAULTVALUE ="" DESCRIPTION ="Rows failed to read" ISNULL ="NO" ISPERSISTENT ="NO" NAME ="$s_m_landing_sfdc_to_cdm_organization_party_rel.SrcFailedRows" USERDEFINED ="NO"/>
        <WORKFLOWVARIABLE DATATYPE ="bigint" DEFAULTVALUE ="" DESCRIPTION ="Rows successfully loaded" ISNULL ="NO" ISPERSISTENT ="NO" NAME ="$s_m_landing_sfdc_to_cdm_organization_party_rel.TgtSuccessRows" USERDEFINED ="NO"/>
        <WORKFLOWVARIABLE DATATYPE ="bigint" DEFAULTVALUE ="" DESCRIPTION ="Rows failed to load" ISNULL ="NO" ISPERSISTENT ="NO" NAME ="$s_m_landing_sfdc_to_cdm_organization_party_rel.TgtFailedRows" USERDEFINED ="NO"/>
        <WORKFLOWVARIABLE DATATYPE ="integer" DEFAULTVALUE ="" DESCRIPTION ="Total number of transformation errors" ISNULL ="NO" ISPERSISTENT ="NO" NAME ="$s_m_landing_sfdc_to_cdm_organization_party_rel.TotalTransErrors" USERDEFINED ="NO"/>
        <WORKFLOWVARIABLE DATATYPE ="integer" DEFAULTVALUE ="" DESCRIPTION ="First error code" ISNULL ="NO" ISPERSISTENT ="NO" NAME ="$s_m_landing_sfdc_to_cdm_organization_party_rel.FirstErrorCode" USERDEFINED ="NO"/>
        <WORKFLOWVARIABLE DATATYPE ="string" DEFAULTVALUE ="" DESCRIPTION ="First error message" ISNULL ="NO" ISPERSISTENT ="NO" NAME ="$s_m_landing_sfdc_to_cdm_organization_party_rel.FirstErrorMsg" USERDEFINED ="NO"/>
        <ATTRIBUTE NAME ="Parameter Filename" VALUE =""/>
        <ATTRIBUTE NAME ="Write Backward Compatible Workflow Log File" VALUE ="YES"/>
        <ATTRIBUTE NAME ="Workflow Log File Name" VALUE ="wf_landing_sfdc_to_cdm_organization_party_rel.log"/>
        <ATTRIBUTE NAME ="Workflow Log File Directory" VALUE ="$PMWorkflowLogDir&#x5c;cdm&#x5c;"/>
        <ATTRIBUTE NAME ="Save Workflow log by" VALUE ="By runs"/>
        <ATTRIBUTE NAME ="Save workflow log for these runs" VALUE ="0"/>
        <ATTRIBUTE NAME ="Service Name" VALUE =""/>
        <ATTRIBUTE NAME ="Service Timeout" VALUE ="0"/>
        <ATTRIBUTE NAME ="Is Service Visible" VALUE ="NO"/>
        <ATTRIBUTE NAME ="Is Service Protected" VALUE ="NO"/>
        <ATTRIBUTE NAME ="Fail task after wait time" VALUE ="0"/>
        <ATTRIBUTE NAME ="Enable HA recovery" VALUE ="NO"/>
        <ATTRIBUTE NAME ="Automatically recover terminated tasks" VALUE ="NO"/>
        <ATTRIBUTE NAME ="Service Level Name" VALUE ="Default"/>
        <ATTRIBUTE NAME ="Allow concurrent run with unique run instance name" VALUE ="NO"/>
        <ATTRIBUTE NAME ="Allow concurrent run with same run instance name" VALUE ="NO"/>
        <ATTRIBUTE NAME ="Maximum number of concurrent runs" VALUE ="0"/>
        <ATTRIBUTE NAME ="Assigned Web Services Hubs" VALUE =""/>
        <ATTRIBUTE NAME ="Maximum number of concurrent runs per Hub" VALUE ="1000"/>
        <ATTRIBUTE NAME ="Expected Service Time" VALUE ="1"/>
    </WORKFLOW>
</FOLDER>
</REPOSITORY>
</POWERMART>