<?xml version="1.0" encoding="UTF-8"?>
<!-- Informatica proprietary -->
<!DOCTYPE POWERMART SYSTEM "powrmart.dtd">
<POWERMART CREATION_DATE="03/20/2025 12:56:36" REPOSITORY_VERSION="189.98">
<REPOSITORY NAME="pc105_repo_dev2_3" VERSION="189" CODEPAGE="UTF-8" DATABASETYPE="Oracle">
<FOLDER NAME="CDM_DEV3_SFDC" GROUP="" OWNER="Administrator" SHARED="NOTSHARED" DESCRIPTION="" PERMISSIONS="rwx---r--" UUID="5404d1b7-cc63-4bb7-9210-a5b0d9e4e4dc">
    <SOURCE BUSINESSNAME ="" DATABASETYPE ="Microsoft SQL Server" DBDNAME ="CDM_SQL_PRE_LANDING_SRC" DESCRIPTION ="" NAME ="pre_land_sfdc_org_office_role" OBJECTVERSION ="1" OWNERNAME ="dbo" VERSIONNUMBER ="1">
        <SOURCEFIELD BUSINESSNAME ="" DATATYPE ="nvarchar" DESCRIPTION ="" FIELDNUMBER ="1" FIELDPROPERTY ="0" FIELDTYPE ="ELEMITEM" HIDDEN ="NO" KEYTYPE ="NOT A KEY" LENGTH ="0" LEVEL ="0" NAME ="Id" NULLABLE ="NULL" OCCURS ="0" OFFSET ="0" PHYSICALLENGTH ="18" PHYSICALOFFSET ="0" PICTURETEXT ="" PRECISION ="18" SCALE ="0" USAGE_FLAGS =""/>
        <SOURCEFIELD BUSINESSNAME ="" DATATYPE ="nvarchar" DESCRIPTION ="" FIELDNUMBER ="2" FIELDPROPERTY ="0" FIELDTYPE ="ELEMITEM" HIDDEN ="NO" KEYTYPE ="NOT A KEY" LENGTH ="0" LEVEL ="0" NAME ="CreatedDate" NULLABLE ="NULL" OCCURS ="0" OFFSET ="0" PHYSICALLENGTH ="29" PHYSICALOFFSET ="18" PICTURETEXT ="" PRECISION ="29" SCALE ="0" USAGE_FLAGS =""/>
        <SOURCEFIELD BUSINESSNAME ="" DATATYPE ="nvarchar" DESCRIPTION ="" FIELDNUMBER ="3" FIELDPROPERTY ="0" FIELDTYPE ="ELEMITEM" HIDDEN ="NO" KEYTYPE ="NOT A KEY" LENGTH ="0" LEVEL ="0" NAME ="CreatedByAlias" NULLABLE ="NULL" OCCURS ="0" OFFSET ="0" PHYSICALLENGTH ="8" PHYSICALOFFSET ="47" PICTURETEXT ="" PRECISION ="8" SCALE ="0" USAGE_FLAGS =""/>
        <SOURCEFIELD BUSINESSNAME ="" DATATYPE ="nvarchar" DESCRIPTION ="" FIELDNUMBER ="4" FIELDPROPERTY ="0" FIELDTYPE ="ELEMITEM" HIDDEN ="NO" KEYTYPE ="NOT A KEY" LENGTH ="0" LEVEL ="0" NAME ="LastModifiedDate" NULLABLE ="NULL" OCCURS ="0" OFFSET ="0" PHYSICALLENGTH ="29" PHYSICALOFFSET ="55" PICTURETEXT ="" PRECISION ="29" SCALE ="0" USAGE_FLAGS =""/>
        <SOURCEFIELD BUSINESSNAME ="" DATATYPE ="nvarchar" DESCRIPTION ="" FIELDNUMBER ="5" FIELDPROPERTY ="0" FIELDTYPE ="ELEMITEM" HIDDEN ="NO" KEYTYPE ="NOT A KEY" LENGTH ="0" LEVEL ="0" NAME ="LastModifiedAlias" NULLABLE ="NULL" OCCURS ="0" OFFSET ="0" PHYSICALLENGTH ="8" PHYSICALOFFSET ="84" PICTURETEXT ="" PRECISION ="8" SCALE ="0" USAGE_FLAGS =""/>
        <SOURCEFIELD BUSINESSNAME ="" DATATYPE ="nvarchar" DESCRIPTION ="" FIELDNUMBER ="6" FIELDPROPERTY ="0" FIELDTYPE ="ELEMITEM" HIDDEN ="NO" KEYTYPE ="NOT A KEY" LENGTH ="0" LEVEL ="0" NAME ="LastActivityDate" NULLABLE ="NULL" OCCURS ="0" OFFSET ="0" PHYSICALLENGTH ="29" PHYSICALOFFSET ="92" PICTURETEXT ="" PRECISION ="29" SCALE ="0" USAGE_FLAGS =""/>
        <SOURCEFIELD BUSINESSNAME ="" DATATYPE ="nvarchar" DESCRIPTION ="" FIELDNUMBER ="7" FIELDPROPERTY ="0" FIELDTYPE ="ELEMITEM" HIDDEN ="NO" KEYTYPE ="NOT A KEY" LENGTH ="0" LEVEL ="0" NAME ="Role_Start_Date__c" NULLABLE ="NULL" OCCURS ="0" OFFSET ="0" PHYSICALLENGTH ="29" PHYSICALOFFSET ="121" PICTURETEXT ="" PRECISION ="29" SCALE ="0" USAGE_FLAGS =""/>
        <SOURCEFIELD BUSINESSNAME ="" DATATYPE ="nvarchar" DESCRIPTION ="" FIELDNUMBER ="8" FIELDPROPERTY ="0" FIELDTYPE ="ELEMITEM" HIDDEN ="NO" KEYTYPE ="NOT A KEY" LENGTH ="0" LEVEL ="0" NAME ="Role_End_Date__c" NULLABLE ="NULL" OCCURS ="0" OFFSET ="0" PHYSICALLENGTH ="29" PHYSICALOFFSET ="150" PICTURETEXT ="" PRECISION ="29" SCALE ="0" USAGE_FLAGS =""/>
        <SOURCEFIELD BUSINESSNAME ="" DATATYPE ="nvarchar" DESCRIPTION ="" FIELDNUMBER ="9" FIELDPROPERTY ="0" FIELDTYPE ="ELEMITEM" HIDDEN ="NO" KEYTYPE ="NOT A KEY" LENGTH ="0" LEVEL ="0" NAME ="Primary_Role__c" NULLABLE ="NULL" OCCURS ="0" OFFSET ="0" PHYSICALLENGTH ="5" PHYSICALOFFSET ="179" PICTURETEXT ="" PRECISION ="5" SCALE ="0" USAGE_FLAGS =""/>
        <SOURCEFIELD BUSINESSNAME ="" DATATYPE ="nvarchar" DESCRIPTION ="" FIELDNUMBER ="10" FIELDPROPERTY ="0" FIELDTYPE ="ELEMITEM" HIDDEN ="NO" KEYTYPE ="NOT A KEY" LENGTH ="0" LEVEL ="0" NAME ="Role_Inactivation_Reason__c" NULLABLE ="NULL" OCCURS ="0" OFFSET ="0" PHYSICALLENGTH ="255" PHYSICALOFFSET ="184" PICTURETEXT ="" PRECISION ="255" SCALE ="0" USAGE_FLAGS =""/>
        <SOURCEFIELD BUSINESSNAME ="" DATATYPE ="nvarchar" DESCRIPTION ="" FIELDNUMBER ="11" FIELDPROPERTY ="0" FIELDTYPE ="ELEMITEM" HIDDEN ="NO" KEYTYPE ="NOT A KEY" LENGTH ="0" LEVEL ="0" NAME ="Role_Status__c" NULLABLE ="NULL" OCCURS ="0" OFFSET ="0" PHYSICALLENGTH ="255" PHYSICALOFFSET ="439" PICTURETEXT ="" PRECISION ="255" SCALE ="0" USAGE_FLAGS =""/>
        <SOURCEFIELD BUSINESSNAME ="" DATATYPE ="nvarchar" DESCRIPTION ="" FIELDNUMBER ="12" FIELDPROPERTY ="0" FIELDTYPE ="ELEMITEM" HIDDEN ="NO" KEYTYPE ="NOT A KEY" LENGTH ="0" LEVEL ="0" NAME ="Role__c" NULLABLE ="NULL" OCCURS ="0" OFFSET ="0" PHYSICALLENGTH ="255" PHYSICALOFFSET ="694" PICTURETEXT ="" PRECISION ="255" SCALE ="0" USAGE_FLAGS =""/>
        <SOURCEFIELD BUSINESSNAME ="" DATATYPE ="nvarchar" DESCRIPTION ="" FIELDNUMBER ="13" FIELDPROPERTY ="0" FIELDTYPE ="ELEMITEM" HIDDEN ="NO" KEYTYPE ="NOT A KEY" LENGTH ="0" LEVEL ="0" NAME ="Account_Name__c" NULLABLE ="NULL" OCCURS ="0" OFFSET ="0" PHYSICALLENGTH ="18" PHYSICALOFFSET ="949" PICTURETEXT ="" PRECISION ="18" SCALE ="0" USAGE_FLAGS =""/>
    </SOURCE>
    <TARGET BUSINESSNAME ="" CONSTRAINT ="" DATABASETYPE ="Microsoft SQL Server" DESCRIPTION ="" NAME ="today_party_role_xform" OBJECTVERSION ="1" TABLEOPTIONS ="" VERSIONNUMBER ="1">
        <TARGETFIELD BUSINESSNAME ="" DATATYPE ="bigint" DESCRIPTION ="" FIELDNUMBER ="1" KEYTYPE ="NOT A KEY" NAME ="src_rowid" NULLABLE ="NOTNULL" PICTURETEXT ="" PRECISION ="19" SCALE ="0"/>
        <TARGETFIELD BUSINESSNAME ="" DATATYPE ="bigint" DESCRIPTION ="" FIELDNUMBER ="2" KEYTYPE ="NOT A KEY" NAME ="inactivation_reason_id" NULLABLE ="NULL" PICTURETEXT ="" PRECISION ="19" SCALE ="0"/>
        <TARGETFIELD BUSINESSNAME ="" DATATYPE ="bigint" DESCRIPTION ="" FIELDNUMBER ="3" KEYTYPE ="NOT A KEY" NAME ="status_id" NULLABLE ="NULL" PICTURETEXT ="" PRECISION ="19" SCALE ="0"/>
        <TARGETFIELD BUSINESSNAME ="" DATATYPE ="nchar" DESCRIPTION ="" FIELDNUMBER ="4" KEYTYPE ="NOT A KEY" NAME ="primary_indicator" NULLABLE ="NULL" PICTURETEXT ="" PRECISION ="1" SCALE ="0"/>
        <TARGETFIELD BUSINESSNAME ="" DATATYPE ="nvarchar" DESCRIPTION ="" FIELDNUMBER ="5" KEYTYPE ="NOT A KEY" NAME ="source_party_role_id" NULLABLE ="NULL" PICTURETEXT ="" PRECISION ="255" SCALE ="0"/>
        <TARGETFIELD BUSINESSNAME ="" DATATYPE ="bigint" DESCRIPTION ="" FIELDNUMBER ="6" KEYTYPE ="NOT A KEY" NAME ="role_type_id" NULLABLE ="NULL" PICTURETEXT ="" PRECISION ="19" SCALE ="0"/>
        <TARGETFIELD BUSINESSNAME ="" DATATYPE ="nvarchar" DESCRIPTION ="" FIELDNUMBER ="7" KEYTYPE ="NOT A KEY" NAME ="last_updated_date" NULLABLE ="NULL" PICTURETEXT ="" PRECISION ="23" SCALE ="0"/>
        <TARGETFIELD BUSINESSNAME ="" DATATYPE ="nvarchar" DESCRIPTION ="" FIELDNUMBER ="8" KEYTYPE ="NOT A KEY" NAME ="source_party_id" NULLABLE ="NULL" PICTURETEXT ="" PRECISION ="255" SCALE ="0"/>
        <TARGETFIELD BUSINESSNAME ="" DATATYPE ="nvarchar" DESCRIPTION ="" FIELDNUMBER ="9" KEYTYPE ="NOT A KEY" NAME ="source_system" NULLABLE ="NULL" PICTURETEXT ="" PRECISION ="250" SCALE ="0"/>
        <TARGETFIELD BUSINESSNAME ="" DATATYPE ="nvarchar" DESCRIPTION ="" FIELDNUMBER ="10" KEYTYPE ="NOT A KEY" NAME ="created_by" NULLABLE ="NULL" PICTURETEXT ="" PRECISION ="50" SCALE ="0"/>
        <TARGETFIELD BUSINESSNAME ="" DATATYPE ="nvarchar" DESCRIPTION ="" FIELDNUMBER ="11" KEYTYPE ="NOT A KEY" NAME ="created_date" NULLABLE ="NULL" PICTURETEXT ="" PRECISION ="23" SCALE ="0"/>
        <TARGETFIELD BUSINESSNAME ="" DATATYPE ="nvarchar" DESCRIPTION ="" FIELDNUMBER ="12" KEYTYPE ="NOT A KEY" NAME ="inactivation_date" NULLABLE ="NULL" PICTURETEXT ="" PRECISION ="23" SCALE ="0"/>
        <TARGETFIELD BUSINESSNAME ="" DATATYPE ="nchar" DESCRIPTION ="" FIELDNUMBER ="13" KEYTYPE ="NOT A KEY" NAME ="deleted_indicator" NULLABLE ="NULL" PICTURETEXT ="" PRECISION ="1" SCALE ="0"/>
        <TARGETFIELD BUSINESSNAME ="" DATATYPE ="nvarchar" DESCRIPTION ="" FIELDNUMBER ="14" KEYTYPE ="NOT A KEY" NAME ="last_updated_by" NULLABLE ="NULL" PICTURETEXT ="" PRECISION ="50" SCALE ="0"/>
        <TARGETFIELD BUSINESSNAME ="" DATATYPE ="bigint" DESCRIPTION ="" FIELDNUMBER ="15" KEYTYPE ="NOT A KEY" NAME ="sub_role_type_id" NULLABLE ="NULL" PICTURETEXT ="" PRECISION ="19" SCALE ="0"/>
        <TARGETFIELD BUSINESSNAME ="" DATATYPE ="nvarchar" DESCRIPTION ="" FIELDNUMBER ="16" KEYTYPE ="NOT A KEY" NAME ="parent_source_system" NULLABLE ="NULL" PICTURETEXT ="" PRECISION ="50" SCALE ="0"/>
        <TARGETFIELD BUSINESSNAME ="" DATATYPE ="numeric" DESCRIPTION ="" FIELDNUMBER ="17" KEYTYPE ="NOT A KEY" NAME ="org_intermediary_number" NULLABLE ="NULL" PICTURETEXT ="" PRECISION ="15" SCALE ="0"/>
        <TARGETFIELD BUSINESSNAME ="" DATATYPE ="bigint" DESCRIPTION ="" FIELDNUMBER ="18" KEYTYPE ="NOT A KEY" NAME ="org_sga_status_id" NULLABLE ="NULL" PICTURETEXT ="" PRECISION ="19" SCALE ="0"/>
        <TARGETFIELD BUSINESSNAME ="" DATATYPE ="nchar" DESCRIPTION ="" FIELDNUMBER ="19" KEYTYPE ="NOT A KEY" NAME ="dually_registered_ind" NULLABLE ="NULL" PICTURETEXT ="" PRECISION ="1" SCALE ="0"/>
        <TARGETFIELD BUSINESSNAME ="" DATATYPE ="nchar" DESCRIPTION ="" FIELDNUMBER ="20" KEYTYPE ="NOT A KEY" NAME ="org_w9_form_on_file_ind" NULLABLE ="NULL" PICTURETEXT ="" PRECISION ="1" SCALE ="0"/>
        <TARGETFIELD BUSINESSNAME ="" DATATYPE ="nvarchar" DESCRIPTION ="" FIELDNUMBER ="21" KEYTYPE ="NOT A KEY" NAME ="prsn_primary_rep_id" NULLABLE ="NULL" PICTURETEXT ="" PRECISION ="9" SCALE ="0"/>
        <TARGETFIELD BUSINESSNAME ="" DATATYPE ="nvarchar" DESCRIPTION ="" FIELDNUMBER ="22" KEYTYPE ="NOT A KEY" NAME ="mapping_name" NULLABLE ="NULL" PICTURETEXT ="" PRECISION ="80" SCALE ="0"/>
        <TARGETFIELD BUSINESSNAME ="" DATATYPE ="nvarchar" DESCRIPTION ="" FIELDNUMBER ="23" KEYTYPE ="NOT A KEY" NAME ="org_tpa_soltn_idfct_num" NULLABLE ="NULL" PICTURETEXT ="" PRECISION ="32" SCALE ="0"/>
        <TARGETFIELD BUSINESSNAME ="" DATATYPE ="varchar" DESCRIPTION ="" FIELDNUMBER ="24" KEYTYPE ="NOT A KEY" NAME ="GRP_PRIMARY_REP_ID" NULLABLE ="NULL" PICTURETEXT ="" PRECISION ="9" SCALE ="0"/>
        <TARGETFIELD BUSINESSNAME ="" DATATYPE ="nchar" DESCRIPTION ="" FIELDNUMBER ="25" KEYTYPE ="NOT A KEY" NAME ="DEFERRED_OWNERSHIP_IND" NULLABLE ="NULL" PICTURETEXT ="" PRECISION ="1" SCALE ="0"/>
    </TARGET>
    <MAPPING DESCRIPTION ="" ISVALID ="YES" NAME ="m_landing_sfdc_to_cdm_office_party_role" OBJECTVERSION ="1" VERSIONNUMBER ="1">
        <TRANSFORMATION DESCRIPTION ="" NAME ="SQ_pre_land_sfdc_org_office_role_SFDC" OBJECTVERSION ="1" REUSABLE ="NO" TYPE ="Source Qualifier" VERSIONNUMBER ="1">
            <TRANSFORMFIELD DATATYPE ="string" DEFAULTVALUE ="" DESCRIPTION ="" NAME ="Id" PICTURETEXT ="" PORTTYPE ="INPUT/OUTPUT" PRECISION ="30" SCALE ="0"/>
            <TRANSFORMFIELD DATATYPE ="string" DEFAULTVALUE ="" DESCRIPTION ="" NAME ="CreatedDate" PICTURETEXT ="" PORTTYPE ="INPUT/OUTPUT" PRECISION ="29" SCALE ="0"/>
            <TRANSFORMFIELD DATATYPE ="string" DEFAULTVALUE ="" DESCRIPTION ="" NAME ="CreatedByAlias" PICTURETEXT ="" PORTTYPE ="INPUT/OUTPUT" PRECISION ="8" SCALE ="0"/>
            <TRANSFORMFIELD DATATYPE ="string" DEFAULTVALUE ="" DESCRIPTION ="" NAME ="LastModifiedDate" PICTURETEXT ="" PORTTYPE ="INPUT/OUTPUT" PRECISION ="29" SCALE ="0"/>
            <TRANSFORMFIELD DATATYPE ="string" DEFAULTVALUE ="" DESCRIPTION ="" NAME ="LastModifiedAlias" PICTURETEXT ="" PORTTYPE ="INPUT/OUTPUT" PRECISION ="8" SCALE ="0"/>
            <TRANSFORMFIELD DATATYPE ="string" DEFAULTVALUE ="" DESCRIPTION ="" NAME ="Role_End_Date__c" PICTURETEXT ="" PORTTYPE ="INPUT/OUTPUT" PRECISION ="29" SCALE ="0"/>
            <TRANSFORMFIELD DATATYPE ="string" DEFAULTVALUE ="" DESCRIPTION ="" NAME ="Role_Status__c" PICTURETEXT ="" PORTTYPE ="INPUT/OUTPUT" PRECISION ="255" SCALE ="0"/>
            <TRANSFORMFIELD DATATYPE ="string" DEFAULTVALUE ="" DESCRIPTION ="" NAME ="Role__c" PICTURETEXT ="" PORTTYPE ="INPUT/OUTPUT" PRECISION ="255" SCALE ="0"/>
            <TRANSFORMFIELD DATATYPE ="nstring" DEFAULTVALUE ="" DESCRIPTION ="" NAME ="Account_Name__c" PICTURETEXT ="" PORTTYPE ="INPUT/OUTPUT" PRECISION ="18" SCALE ="0"/>
            <TABLEATTRIBUTE NAME ="Sql Query" VALUE ="SELECT &#xD;&#xA; po.id&#xD;&#xA;,po.CreatedDate&#xD;&#xA;,po.CreatedByAlias&#xD;&#xA;,po.LastModifiedDate&#xD;&#xA;,po.LastModifiedByAlias&#xD;&#xA;,max(pr.Role_End_Date__c)&#xD;&#xA;,case when po.Status__c = &apos;Active&apos; then &apos;Active&apos; else &apos;Inactive&apos; end &#xD;&#xA;,po.Direct__c&#xD;&#xA;,CASE WHEN po.RecordTypeName in (&apos;NT Advisory Office RO&apos;,&apos;Retail Office RO&apos;,&#xD;&#xA;&apos;CIAM Office RO&apos;,&apos;Financial Intermediary&apos;) &#xD;&#xA;then  &apos;Y&apos; else &apos;N&apos; END AS DEFERRED_OWNERSHIP_IND&#xD;&#xA;FROM&#xD;&#xA;pre_land_sfdc_org_office_role pr&#xD;&#xA;inner join pre_land_sfdc_office po&#xD;&#xA;on pr.account_name__c = po.id&#xD;&#xA;where po.RecordTypeName in (&apos;Financial Institutions Office&apos;,&#xD;&#xA;&apos;Institutional Client Office&apos;,&#xD;&#xA;&apos;Institutional Consultant Office&apos;,&#xD;&#xA;&apos;Institutional Other Intermediary Office&apos;&#xD;&#xA;,&apos;NT Advisory Office RO&apos;,&apos;Retail Office RO&apos;,&#xD;&#xA;&apos;CIAM Office RO&apos;,&apos;Financial Intermediary&apos;)&#xD;&#xA;and ((Client_Group_C&lt;&gt;&apos;Australia&apos; and BillingCountry &lt;&gt; &apos;Australia&apos;) or Client_Group_C is null)&#xD;&#xA;group by &#xD;&#xA; po.id&#xD;&#xA;,po.CreatedDate&#xD;&#xA;,po.CreatedByAlias&#xD;&#xA;,po.LastModifiedDate&#xD;&#xA;,po.LastModifiedByAlias&#xD;&#xA;,case when po.Status__c = &apos;Active&apos; then &apos;Active&apos; else &apos;Inactive&apos; end &#xD;&#xA;,po.Direct__c&#xD;&#xA;,CASE WHEN po.RecordTypeName in( &apos;NT Advisory Office RO&apos;,&apos;Retail Office RO&apos;,&#xD;&#xA;&apos;CIAM Office RO&apos;,&apos;Financial Intermediary&apos;) then  &apos;Y&apos; else &apos;N&apos; END&#xD;&#xA;UNION&#xD;&#xA;--Car Bussiness address&#xD;&#xA;SELECT &#xD;&#xA;concat(po.Id,&apos;|BUSSADDR&apos;) id&#xD;&#xA;,po.CreatedDate&#xD;&#xA;,po.CreatedByAlias&#xD;&#xA;,po.LastModifiedDate&#xD;&#xA;,po.LastModifiedByAlias&#xD;&#xA;,max(pr.Role_End_Date__c)&#xD;&#xA;,case when po.Status__c = &apos;Active&apos; then &apos;Active&apos; else &apos;Inactive&apos; end &#xD;&#xA;,po.Direct__c&#xD;&#xA;,CASE WHEN po.RecordTypeName in (&apos;NT Advisory Office RO&apos;,&apos;Retail Office RO&apos;,&#xD;&#xA;&apos;CIAM Office RO&apos;,&apos;Financial Intermediary&apos;) &#xD;&#xA;then  &apos;Y&apos; else &apos;N&apos; END AS DEFERRED_OWNERSHIP_IND&#xD;&#xA;FROM&#xD;&#xA;pre_land_sfdc_org_office_role pr&#xD;&#xA;inner join pre_land_sfdc_office po&#xD;&#xA;on pr.account_name__c = po.id&#xD;&#xA;where po.RecordTypeName in (&apos;Financial Institutions Office&apos;,&#xD;&#xA;&apos;Institutional Client Office&apos;,&#xD;&#xA;&apos;Institutional Consultant Office&apos;,&#xD;&#xA;&apos;Institutional Other Intermediary Office&apos;&#xD;&#xA;,&apos;NT Advisory Office RO&apos;,&apos;Retail Office RO&apos;,&#xD;&#xA;&apos;CIAM Office RO&apos;,&apos;Financial Intermediary&apos;)&#xD;&#xA;and ((Client_Group_C=&apos;Australia&apos; and BillingCountry is NULL) OR (Client_Group_C is NOT NULL and BillingCountry = &apos;Australia&apos;))&#xD;&#xA;and BillingCountry is not null&#xD;&#xA;group by &#xD;&#xA; po.id&#xD;&#xA;,po.CreatedDate&#xD;&#xA;,po.CreatedByAlias&#xD;&#xA;,po.LastModifiedDate&#xD;&#xA;,po.LastModifiedByAlias&#xD;&#xA;,case when po.Status__c = &apos;Active&apos; then &apos;Active&apos; else &apos;Inactive&apos; end &#xD;&#xA;,po.Direct__c&#xD;&#xA;,CASE WHEN po.RecordTypeName in( &apos;NT Advisory Office RO&apos;,&apos;Retail Office RO&apos;,&#xD;&#xA;&apos;CIAM Office RO&apos;,&apos;Financial Intermediary&apos;) then  &apos;Y&apos; else &apos;N&apos; END&#xD;&#xA;union&#xD;&#xA;---CAR Mailing Address&#xD;&#xA;SELECT &#xD;&#xA;concat(po.Id,&apos;|MAILADDR&apos;) id&#xD;&#xA;,po.CreatedDate&#xD;&#xA;,po.CreatedByAlias&#xD;&#xA;,po.LastModifiedDate&#xD;&#xA;,po.LastModifiedByAlias&#xD;&#xA;,max(pr.Role_End_Date__c)&#xD;&#xA;,case when po.Status__c = &apos;Active&apos; then &apos;Active&apos; else &apos;Inactive&apos; end &#xD;&#xA;,po.Direct__c&#xD;&#xA;,CASE WHEN po.RecordTypeName in (&apos;NT Advisory Office RO&apos;,&apos;Retail Office RO&apos;,&#xD;&#xA;&apos;CIAM Office RO&apos;,&apos;Financial Intermediary&apos;) &#xD;&#xA;then  &apos;Y&apos; else &apos;N&apos; END AS DEFERRED_OWNERSHIP_IND&#xD;&#xA;FROM&#xD;&#xA;pre_land_sfdc_org_office_role pr&#xD;&#xA;inner join pre_land_sfdc_office po&#xD;&#xA;on pr.account_name__c = po.id&#xD;&#xA;where po.RecordTypeName in (&apos;Financial Institutions Office&apos;,&#xD;&#xA;&apos;Institutional Client Office&apos;,&#xD;&#xA;&apos;Institutional Consultant Office&apos;,&#xD;&#xA;&apos;Institutional Other Intermediary Office&apos;&#xD;&#xA;,&apos;NT Advisory Office RO&apos;,&apos;Retail Office RO&apos;,&#xD;&#xA;&apos;CIAM Office RO&apos;,&apos;Financial Intermediary&apos;)&#xD;&#xA;and ((Client_Group_C=&apos;Australia&apos; and BillingCountry is NULL) OR (Client_Group_C is NOT NULL and BillingCountry = &apos;Australia&apos;))&#xD;&#xA;and ShipingCountry is not null&#xD;&#xA;group by &#xD;&#xA; po.id&#xD;&#xA;,po.CreatedDate&#xD;&#xA;,po.CreatedByAlias&#xD;&#xA;,po.LastModifiedDate&#xD;&#xA;,po.LastModifiedByAlias&#xD;&#xA;,case when po.Status__c = &apos;Active&apos; then &apos;Active&apos; else &apos;Inactive&apos; end &#xD;&#xA;,po.Direct__c&#xD;&#xA;,CASE WHEN po.RecordTypeName in( &apos;NT Advisory Office RO&apos;,&apos;Retail Office RO&apos;,&#xD;&#xA;&apos;CIAM Office RO&apos;,&apos;Financial Intermediary&apos;) then  &apos;Y&apos; else &apos;N&apos; END&#xD;&#xA;&#xD;&#xA;union&#xD;&#xA;---LIC Business&#xD;&#xA;SELECT &#xD;&#xA;concat(org.Id,&apos;|BUSSADDR&apos;) id&#xD;&#xA;,org.CreatedDate&#xD;&#xA;,org.CreatedByAlias&#xD;&#xA;,org.LastModifiedDate&#xD;&#xA;,org.LastModifiedByAlias&#xD;&#xA;,max(pr.Role_End_Date__c)&#xD;&#xA;,case when org.Status__c = &apos;Active&apos; then &apos;Active&apos; else &apos;Inactive&apos; end &#xD;&#xA;,Null Direct__c&#xD;&#xA;,CASE WHEN po.RecordTypeName in (&apos;NT Advisory Office RO&apos;,&apos;Retail Office RO&apos;,&#xD;&#xA;&apos;CIAM Office RO&apos;,&apos;Financial Intermediary&apos;) &#xD;&#xA;then  &apos;Y&apos; else &apos;N&apos; END AS DEFERRED_OWNERSHIP_IND&#xD;&#xA;FROM&#xD;&#xA;pre_land_sfdc_organization org&#xD;&#xA;inner join &#xD;&#xA;pre_land_sfdc_org_office_role pr&#xD;&#xA;on pr.account_name__c = org.id&#xD;&#xA;left join pre_land_sfdc_office po&#xD;&#xA;on org.id = po.ParentId&#xD;&#xA;where po.RecordTypeName in (&apos;Financial Institutions Office&apos;,&#xD;&#xA;&apos;Institutional Client Office&apos;,&#xD;&#xA;&apos;Institutional Consultant Office&apos;,&#xD;&#xA;&apos;Institutional Other Intermediary Office&apos;&#xD;&#xA;,&apos;NT Advisory Office RO&apos;,&apos;Retail Office RO&apos;,&#xD;&#xA;&apos;CIAM Office RO&apos;,&apos;Financial Intermediary&apos;)&#xD;&#xA;and ((po.Client_Group_C=&apos;Australia&apos; and po.BillingCountry is NULL) OR (po.Client_Group_C is NOT NULL and po.BillingCountry = &apos;Australia&apos;))&#xD;&#xA;and org.BillingCountry is not null&#xD;&#xA;group by &#xD;&#xA; org.id&#xD;&#xA;,org.CreatedDate&#xD;&#xA;,org.CreatedByAlias&#xD;&#xA;,org.LastModifiedDate&#xD;&#xA;,org.LastModifiedByAlias&#xD;&#xA;,case when org.Status__c = &apos;Active&apos; then &apos;Active&apos; else &apos;Inactive&apos; end &#xD;&#xA;,Direct__c&#xD;&#xA;,CASE WHEN po.RecordTypeName in( &apos;NT Advisory Office RO&apos;,&apos;Retail Office RO&apos;,&#xD;&#xA;&apos;CIAM Office RO&apos;,&apos;Financial Intermediary&apos;) then  &apos;Y&apos; else &apos;N&apos; END&#xD;&#xA;union&#xD;&#xA;---LIC MAILING&#xD;&#xA;SELECT &#xD;&#xA;concat(org.Id,&apos;|MAILADDR&apos;) id&#xD;&#xA;,org.CreatedDate&#xD;&#xA;,org.CreatedByAlias&#xD;&#xA;,org.LastModifiedDate&#xD;&#xA;,org.LastModifiedByAlias&#xD;&#xA;,max(pr.Role_End_Date__c)&#xD;&#xA;,case when org.Status__c = &apos;Active&apos; then &apos;Active&apos; else &apos;Inactive&apos; end &#xD;&#xA;,Null Direct__c&#xD;&#xA;,CASE WHEN po.RecordTypeName in (&apos;NT Advisory Office RO&apos;,&apos;Retail Office RO&apos;,&#xD;&#xA;&apos;CIAM Office RO&apos;,&apos;Financial Intermediary&apos;) &#xD;&#xA;then  &apos;Y&apos; else &apos;N&apos; END AS DEFERRED_OWNERSHIP_IND&#xD;&#xA;FROM&#xD;&#xA;pre_land_sfdc_organization org&#xD;&#xA;inner join &#xD;&#xA;pre_land_sfdc_org_office_role pr&#xD;&#xA;on pr.account_name__c = org.id&#xD;&#xA;left join pre_land_sfdc_office po&#xD;&#xA;on org.id = po.ParentId&#xD;&#xA;where po.RecordTypeName in (&apos;Financial Institutions Office&apos;,&#xD;&#xA;&apos;Institutional Client Office&apos;,&#xD;&#xA;&apos;Institutional Consultant Office&apos;,&#xD;&#xA;&apos;Institutional Other Intermediary Office&apos;&#xD;&#xA;,&apos;NT Advisory Office RO&apos;,&apos;Retail Office RO&apos;,&#xD;&#xA;&apos;CIAM Office RO&apos;,&apos;Financial Intermediary&apos;)&#xD;&#xA;and ((po.Client_Group_C=&apos;Australia&apos; and po.BillingCountry is NULL) OR (po.Client_Group_C is NOT NULL and po.BillingCountry = &apos;Australia&apos;))&#xD;&#xA;and org.ShippingCountry is not null&#xD;&#xA;group by &#xD;&#xA; org.id&#xD;&#xA;,org.CreatedDate&#xD;&#xA;,org.CreatedByAlias&#xD;&#xA;,org.LastModifiedDate&#xD;&#xA;,org.LastModifiedByAlias&#xD;&#xA;,case when org.Status__c = &apos;Active&apos; then &apos;Active&apos; else &apos;Inactive&apos; end &#xD;&#xA;,Direct__c&#xD;&#xA;,CASE WHEN po.RecordTypeName in( &apos;NT Advisory Office RO&apos;,&apos;Retail Office RO&apos;,&#xD;&#xA;&apos;CIAM Office RO&apos;,&apos;Financial Intermediary&apos;) then  &apos;Y&apos; else &apos;N&apos; END"/>
            <TABLEATTRIBUTE NAME ="User Defined Join" VALUE =""/>
            <TABLEATTRIBUTE NAME ="Source Filter" VALUE =""/>
            <TABLEATTRIBUTE NAME ="Number Of Sorted Ports" VALUE ="0"/>
            <TABLEATTRIBUTE NAME ="Tracing Level" VALUE ="Normal"/>
            <TABLEATTRIBUTE NAME ="Select Distinct" VALUE ="NO"/>
            <TABLEATTRIBUTE NAME ="Is Partitionable" VALUE ="NO"/>
            <TABLEATTRIBUTE NAME ="Pre SQL" VALUE =""/>
            <TABLEATTRIBUTE NAME ="Post SQL" VALUE =""/>
            <TABLEATTRIBUTE NAME ="Output is deterministic" VALUE ="NO"/>
            <TABLEATTRIBUTE NAME ="Output is repeatable" VALUE ="Never"/>
        </TRANSFORMATION>
        <TRANSFORMATION DESCRIPTION ="" NAME ="lkp_values" OBJECTVERSION ="1" REUSABLE ="NO" TYPE ="Lookup Procedure" VERSIONNUMBER ="1">
            <TRANSFORMFIELD DATATYPE ="string" DEFAULTVALUE ="" DESCRIPTION ="" NAME ="src_val_in" PICTURETEXT ="" PORTTYPE ="INPUT" PRECISION ="100" SCALE ="0"/>
            <TRANSFORMFIELD DATATYPE ="string" DEFAULTVALUE ="" DESCRIPTION ="" NAME ="attrib_nm_in" PICTURETEXT ="" PORTTYPE ="INPUT" PRECISION ="100" SCALE ="0"/>
            <TRANSFORMFIELD DATATYPE ="string" DEFAULTVALUE ="" DESCRIPTION ="" NAME ="src_sys_nm" PICTURETEXT ="" PORTTYPE ="LOOKUP/OUTPUT" PRECISION ="100" SCALE ="0"/>
            <TRANSFORMFIELD DATATYPE ="string" DEFAULTVALUE ="" DESCRIPTION ="" NAME ="attrib_nm" PICTURETEXT ="" PORTTYPE ="LOOKUP/OUTPUT" PRECISION ="100" SCALE ="0"/>
            <TRANSFORMFIELD DATATYPE ="string" DEFAULTVALUE ="" DESCRIPTION ="" NAME ="src_val" PICTURETEXT ="" PORTTYPE ="LOOKUP/OUTPUT" PRECISION ="100" SCALE ="0"/>
            <TRANSFORMFIELD DATATYPE ="integer" DEFAULTVALUE ="" DESCRIPTION ="" NAME ="std_lkup_id" PICTURETEXT ="" PORTTYPE ="LOOKUP/RETURN/OUTPUT" PRECISION ="10" SCALE ="0"/>
            <TABLEATTRIBUTE NAME ="Lookup Sql Override" VALUE ="SELECT LTRIM(RTRIM(std_lkup_id)) as std_lkup_id&#xD;&#xA;,LTRIM(RTRIM(src_sys_nm)) as src_sys_nm&#xD;&#xA;,LTRIM(RTRIM(src_val)) as src_val&#xD;&#xA;,LTRIM(RTRIM(attrib_nm)) as attrib_nm &#xD;&#xA;FROM lkup_transformation_map where src_sys_nm = &apos;SFDC&apos;"/>
            <TABLEATTRIBUTE NAME ="Lookup table name" VALUE ="lkup_transformation_map"/>
            <TABLEATTRIBUTE NAME ="Lookup Source Filter" VALUE =""/>
            <TABLEATTRIBUTE NAME ="Lookup caching enabled" VALUE ="YES"/>
            <TABLEATTRIBUTE NAME ="Lookup policy on multiple match" VALUE ="Use Any Value"/>
            <TABLEATTRIBUTE NAME ="Lookup condition" VALUE ="src_val = src_val_in AND attrib_nm = attrib_nm_in"/>
            <TABLEATTRIBUTE NAME ="Connection Information" VALUE ="$Source"/>
            <TABLEATTRIBUTE NAME ="Source Type" VALUE ="Database"/>
            <TABLEATTRIBUTE NAME ="Recache if Stale" VALUE ="NO"/>
            <TABLEATTRIBUTE NAME ="Tracing Level" VALUE ="Normal"/>
            <TABLEATTRIBUTE NAME ="Lookup cache directory name" VALUE ="$PMCacheDir"/>
            <TABLEATTRIBUTE NAME ="Lookup cache initialize" VALUE ="NO"/>
            <TABLEATTRIBUTE NAME ="Lookup cache persistent" VALUE ="NO"/>
            <TABLEATTRIBUTE NAME ="Lookup Data Cache Size" VALUE ="Auto"/>
            <TABLEATTRIBUTE NAME ="Lookup Index Cache Size" VALUE ="Auto"/>
            <TABLEATTRIBUTE NAME ="Dynamic Lookup Cache" VALUE ="NO"/>
            <TABLEATTRIBUTE NAME ="Synchronize Dynamic Cache" VALUE ="NO"/>
            <TABLEATTRIBUTE NAME ="Output Old Value On Update" VALUE ="NO"/>
            <TABLEATTRIBUTE NAME ="Update Dynamic Cache Condition" VALUE ="TRUE"/>
            <TABLEATTRIBUTE NAME ="Cache File Name Prefix" VALUE =""/>
            <TABLEATTRIBUTE NAME ="Re-cache from lookup source" VALUE ="NO"/>
            <TABLEATTRIBUTE NAME ="Insert Else Update" VALUE ="NO"/>
            <TABLEATTRIBUTE NAME ="Update Else Insert" VALUE ="NO"/>
            <TABLEATTRIBUTE NAME ="Datetime Format" VALUE =""/>
            <TABLEATTRIBUTE NAME ="Thousand Separator" VALUE ="None"/>
            <TABLEATTRIBUTE NAME ="Decimal Separator" VALUE ="."/>
            <TABLEATTRIBUTE NAME ="Case Sensitive String Comparison" VALUE ="NO"/>
            <TABLEATTRIBUTE NAME ="Null ordering" VALUE ="Null Is Highest Value"/>
            <TABLEATTRIBUTE NAME ="Sorted Input" VALUE ="NO"/>
            <TABLEATTRIBUTE NAME ="Lookup source is static" VALUE ="NO"/>
            <TABLEATTRIBUTE NAME ="Pre-build lookup cache" VALUE ="Auto"/>
            <TABLEATTRIBUTE NAME ="Subsecond Precision" VALUE ="6"/>
        </TRANSFORMATION>
        <TRANSFORMATION DESCRIPTION ="" NAME ="FILTRANS" OBJECTVERSION ="1" REUSABLE ="NO" TYPE ="Filter" VERSIONNUMBER ="1">
            <TRANSFORMFIELD DATATYPE ="date/time" DEFAULTVALUE ="" DESCRIPTION ="" NAME ="Role_End_Date__out" PICTURETEXT ="" PORTTYPE ="INPUT/OUTPUT" PRECISION ="29" SCALE ="9"/>
            <TRANSFORMFIELD DATATYPE ="string" DEFAULTVALUE ="" DESCRIPTION ="" NAME ="PRIMARY_INDICATOR" PICTURETEXT ="" PORTTYPE ="INPUT/OUTPUT" PRECISION ="1" SCALE ="0"/>
            <TRANSFORMFIELD DATATYPE ="bigint" DEFAULTVALUE ="" DESCRIPTION ="" NAME ="Inactive_Reason_Id_out" PICTURETEXT ="" PORTTYPE ="INPUT/OUTPUT" PRECISION ="19" SCALE ="0"/>
            <TRANSFORMFIELD DATATYPE ="bigint" DEFAULTVALUE ="" DESCRIPTION ="" NAME ="Role_Status_Id_out" PICTURETEXT ="" PORTTYPE ="INPUT/OUTPUT" PRECISION ="19" SCALE ="0"/>
            <TRANSFORMFIELD DATATYPE ="bigint" DEFAULTVALUE ="" DESCRIPTION ="" NAME ="Role_Type_Id_out" PICTURETEXT ="" PORTTYPE ="INPUT/OUTPUT" PRECISION ="19" SCALE ="0"/>
            <TRANSFORMFIELD DATATYPE ="nstring" DEFAULTVALUE ="" DESCRIPTION ="" NAME ="Id_Out" PICTURETEXT ="" PORTTYPE ="INPUT/OUTPUT" PRECISION ="255" SCALE ="0"/>
            <TRANSFORMFIELD DATATYPE ="string" DEFAULTVALUE ="" DESCRIPTION ="" NAME ="LastModifiedDate" PICTURETEXT ="" PORTTYPE ="INPUT/OUTPUT" PRECISION ="29" SCALE ="0"/>
            <TRANSFORMFIELD DATATYPE ="nstring" DEFAULTVALUE ="" DESCRIPTION ="" NAME ="Source_System_Name" PICTURETEXT ="" PORTTYPE ="INPUT/OUTPUT" PRECISION ="250" SCALE ="0"/>
            <TRANSFORMFIELD DATATYPE ="nstring" DEFAULTVALUE ="" DESCRIPTION ="" NAME ="CreatedByAlias" PICTURETEXT ="" PORTTYPE ="INPUT/OUTPUT" PRECISION ="50" SCALE ="0"/>
            <TRANSFORMFIELD DATATYPE ="string" DEFAULTVALUE ="" DESCRIPTION ="" NAME ="CreatedDate" PICTURETEXT ="" PORTTYPE ="INPUT/OUTPUT" PRECISION ="29" SCALE ="0"/>
            <TRANSFORMFIELD DATATYPE ="string" DEFAULTVALUE ="" DESCRIPTION ="" NAME ="LastModifiedByAlias" PICTURETEXT ="" PORTTYPE ="INPUT/OUTPUT" PRECISION ="50" SCALE ="0"/>
            <TRANSFORMFIELD DATATYPE ="nstring" DEFAULTVALUE ="" DESCRIPTION ="" NAME ="SOURCE_PARTY_ROLE_ID" PICTURETEXT ="" PORTTYPE ="INPUT/OUTPUT" PRECISION ="255" SCALE ="0"/>
            <TRANSFORMFIELD DATATYPE ="string" DEFAULTVALUE ="" DESCRIPTION ="" NAME ="PARENT_SOURCE_SYSTEM" PICTURETEXT ="" PORTTYPE ="INPUT/OUTPUT" PRECISION ="50" SCALE ="0"/>
            <TRANSFORMFIELD DATATYPE ="string" DEFAULTVALUE ="" DESCRIPTION ="" NAME ="MAPPING_NAME" PICTURETEXT ="" PORTTYPE ="INPUT/OUTPUT" PRECISION ="80" SCALE ="0"/>
            <TRANSFORMFIELD DATATYPE ="string" DEFAULTVALUE ="" DESCRIPTION ="" NAME ="DEFERRED_OWNERSHIP_IND" PICTURETEXT ="" PORTTYPE ="INPUT/OUTPUT" PRECISION ="1" SCALE ="0"/>
            <TABLEATTRIBUTE NAME ="Filter Condition" VALUE ="NOT ISNULL(PARENT_SOURCE_SYSTEM)"/>
            <TABLEATTRIBUTE NAME ="Tracing Level" VALUE ="Normal"/>
        </TRANSFORMATION>
        <TRANSFORMATION DESCRIPTION ="" NAME ="TODAY_PARTY_XFORM_LOOKUP" OBJECTVERSION ="1" REUSABLE ="NO" TYPE ="Lookup Procedure" VERSIONNUMBER ="1">
            <TRANSFORMFIELD DATATYPE ="nstring" DEFAULTVALUE ="" DESCRIPTION ="" NAME ="SOURCE_PARTY_ID" PICTURETEXT ="" PORTTYPE ="LOOKUP/OUTPUT" PRECISION ="255" SCALE ="0"/>
            <TRANSFORMFIELD DATATYPE ="nstring" DEFAULTVALUE ="" DESCRIPTION ="" NAME ="SOURCE_SYSTEM" PICTURETEXT ="" PORTTYPE ="LOOKUP/RETURN/OUTPUT" PRECISION ="50" SCALE ="0"/>
            <TRANSFORMFIELD DATATYPE ="string" DEFAULTVALUE ="" DESCRIPTION ="" NAME ="IN_Id" PICTURETEXT ="" PORTTYPE ="INPUT" PRECISION ="25" SCALE ="0"/>
            <TABLEATTRIBUTE NAME ="Lookup Sql Override" VALUE ="SELECT LTRIM(RTRIM(SOURCE_SYSTEM)) as &#xD;&#xA;SOURCE_SYSTEM, LTRIM(RTRIM(SOURCE_PARTY_ID)) &#xD;&#xA;as SOURCE_PARTY_ID FROM TODAY_PARTY_XFORM_28_08_18&#xD;&#xA;WHERE LTRIM(RTRIM(SOURCE_SYSTEM))  &#xD;&#xA;in  (&apos;DORIS&apos;,&apos;SOFI&apos;,&apos;SALESCONNECT&apos;,&apos;SFDC&apos;)"/>
            <TABLEATTRIBUTE NAME ="Lookup table name" VALUE ="TODAY_PARTY_XFORM"/>
            <TABLEATTRIBUTE NAME ="Lookup Source Filter" VALUE =""/>
            <TABLEATTRIBUTE NAME ="Lookup caching enabled" VALUE ="YES"/>
            <TABLEATTRIBUTE NAME ="Lookup policy on multiple match" VALUE ="Use Any Value"/>
            <TABLEATTRIBUTE NAME ="Lookup condition" VALUE ="SOURCE_PARTY_ID = IN_Id"/>
            <TABLEATTRIBUTE NAME ="Connection Information" VALUE ="$Target"/>
            <TABLEATTRIBUTE NAME ="Source Type" VALUE ="Database"/>
            <TABLEATTRIBUTE NAME ="Recache if Stale" VALUE ="NO"/>
            <TABLEATTRIBUTE NAME ="Tracing Level" VALUE ="Normal"/>
            <TABLEATTRIBUTE NAME ="Lookup cache directory name" VALUE ="$PMCacheDir"/>
            <TABLEATTRIBUTE NAME ="Lookup cache initialize" VALUE ="NO"/>
            <TABLEATTRIBUTE NAME ="Lookup cache persistent" VALUE ="NO"/>
            <TABLEATTRIBUTE NAME ="Lookup Data Cache Size" VALUE ="Auto"/>
            <TABLEATTRIBUTE NAME ="Lookup Index Cache Size" VALUE ="Auto"/>
            <TABLEATTRIBUTE NAME ="Dynamic Lookup Cache" VALUE ="NO"/>
            <TABLEATTRIBUTE NAME ="Synchronize Dynamic Cache" VALUE ="NO"/>
            <TABLEATTRIBUTE NAME ="Output Old Value On Update" VALUE ="NO"/>
            <TABLEATTRIBUTE NAME ="Update Dynamic Cache Condition" VALUE ="TRUE"/>
            <TABLEATTRIBUTE NAME ="Cache File Name Prefix" VALUE =""/>
            <TABLEATTRIBUTE NAME ="Re-cache from lookup source" VALUE ="NO"/>
            <TABLEATTRIBUTE NAME ="Insert Else Update" VALUE ="NO"/>
            <TABLEATTRIBUTE NAME ="Update Else Insert" VALUE ="NO"/>
            <TABLEATTRIBUTE NAME ="Datetime Format" VALUE =""/>
            <TABLEATTRIBUTE NAME ="Thousand Separator" VALUE ="None"/>
            <TABLEATTRIBUTE NAME ="Decimal Separator" VALUE ="."/>
            <TABLEATTRIBUTE NAME ="Case Sensitive String Comparison" VALUE ="NO"/>
            <TABLEATTRIBUTE NAME ="Null ordering" VALUE ="Null Is Highest Value"/>
            <TABLEATTRIBUTE NAME ="Sorted Input" VALUE ="NO"/>
            <TABLEATTRIBUTE NAME ="Lookup source is static" VALUE ="NO"/>
            <TABLEATTRIBUTE NAME ="Pre-build lookup cache" VALUE ="Auto"/>
            <TABLEATTRIBUTE NAME ="Subsecond Precision" VALUE ="6"/>
        </TRANSFORMATION>
        <TRANSFORMATION DESCRIPTION ="" NAME ="exp_org_role1" OBJECTVERSION ="1" REUSABLE ="NO" TYPE ="Expression" VERSIONNUMBER ="1">
            <TRANSFORMFIELD DATATYPE ="string" DEFAULTVALUE ="" DESCRIPTION ="" EXPRESSION ="Account_Name__c" EXPRESSIONTYPE ="GENERAL" NAME ="Account_Name__c" PICTURETEXT ="" PORTTYPE ="INPUT/OUTPUT" PRECISION ="30" SCALE ="0"/>
            <TRANSFORMFIELD DATATYPE ="string" DEFAULTVALUE ="" DESCRIPTION ="" EXPRESSION ="CreatedDate" EXPRESSIONTYPE ="GENERAL" NAME ="CreatedDate" PICTURETEXT ="" PORTTYPE ="INPUT/OUTPUT" PRECISION ="29" SCALE ="0"/>
            <TRANSFORMFIELD DATATYPE ="string" DEFAULTVALUE ="" DESCRIPTION ="" EXPRESSION ="CreatedByAlias" EXPRESSIONTYPE ="GENERAL" NAME ="CreatedByAlias" PICTURETEXT ="" PORTTYPE ="INPUT/OUTPUT" PRECISION ="8" SCALE ="0"/>
            <TRANSFORMFIELD DATATYPE ="string" DEFAULTVALUE ="" DESCRIPTION ="" EXPRESSION ="LastModifiedDate" EXPRESSIONTYPE ="GENERAL" NAME ="LastModifiedDate" PICTURETEXT ="" PORTTYPE ="INPUT/OUTPUT" PRECISION ="29" SCALE ="0"/>
            <TRANSFORMFIELD DATATYPE ="string" DEFAULTVALUE ="" DESCRIPTION ="" EXPRESSION ="LastModifiedAlias" EXPRESSIONTYPE ="GENERAL" NAME ="LastModifiedAlias" PICTURETEXT ="" PORTTYPE ="INPUT/OUTPUT" PRECISION ="8" SCALE ="0"/>
            <TRANSFORMFIELD DATATYPE ="string" DEFAULTVALUE ="" DESCRIPTION ="" EXPRESSION ="Role_End_Date__c" EXPRESSIONTYPE ="GENERAL" NAME ="Role_End_Date__c" PICTURETEXT ="" PORTTYPE ="INPUT/OUTPUT" PRECISION ="29" SCALE ="0"/>
            <TRANSFORMFIELD DATATYPE ="string" DEFAULTVALUE ="" DESCRIPTION ="" EXPRESSION ="Role_Status__c" EXPRESSIONTYPE ="GENERAL" NAME ="Role_Status__c" PICTURETEXT ="" PORTTYPE ="INPUT/OUTPUT" PRECISION ="255" SCALE ="0"/>
            <TRANSFORMFIELD DATATYPE ="string" DEFAULTVALUE ="" DESCRIPTION ="" EXPRESSION ="Direct__c" EXPRESSIONTYPE ="GENERAL" NAME ="Direct__c" PICTURETEXT ="" PORTTYPE ="INPUT/OUTPUT" PRECISION ="255" SCALE ="0"/>
            <TRANSFORMFIELD DATATYPE ="string" DEFAULTVALUE ="" DESCRIPTION ="" EXPRESSION ="DEFERRED_OWNERSHIP_IND" EXPRESSIONTYPE ="GENERAL" NAME ="DEFERRED_OWNERSHIP_IND" PICTURETEXT ="" PORTTYPE ="INPUT/OUTPUT" PRECISION ="1" SCALE ="0"/>
            <TABLEATTRIBUTE NAME ="Tracing Level" VALUE ="Normal"/>
        </TRANSFORMATION>
        <TRANSFORMATION DESCRIPTION ="" NAME ="exp_lookup_values1" OBJECTVERSION ="1" REUSABLE ="NO" TYPE ="Expression" VERSIONNUMBER ="1">
            <TRANSFORMFIELD DATATYPE ="string" DEFAULTVALUE ="" DESCRIPTION ="" NAME ="Role_End_Date__c" PICTURETEXT ="" PORTTYPE ="INPUT" PRECISION ="29" SCALE ="0"/>
            <TRANSFORMFIELD DATATYPE ="date/time" DEFAULTVALUE ="" DESCRIPTION ="" EXPRESSION ="iif(isnull(Role_End_Date__c),NULL,to_date(Role_End_Date__c))" EXPRESSIONTYPE ="GENERAL" NAME ="Role_End_Date__var" PICTURETEXT ="" PORTTYPE ="LOCAL VARIABLE" PRECISION ="29" SCALE ="9"/>
            <TRANSFORMFIELD DATATYPE ="date/time" DEFAULTVALUE ="ERROR(&apos;transformation error&apos;)" DESCRIPTION ="" EXPRESSION ="Role_End_Date__var" EXPRESSIONTYPE ="GENERAL" NAME ="Role_End_Date__out" PICTURETEXT ="" PORTTYPE ="OUTPUT" PRECISION ="29" SCALE ="9"/>
            <TRANSFORMFIELD DATATYPE ="string" DEFAULTVALUE ="ERROR(&apos;transformation error&apos;)" DESCRIPTION ="" EXPRESSION ="&apos;N&apos;" EXPRESSIONTYPE ="GENERAL" NAME ="PRIMARY_INDICATOR" PICTURETEXT ="" PORTTYPE ="OUTPUT" PRECISION ="1" SCALE ="0"/>
            <TRANSFORMFIELD DATATYPE ="string" DEFAULTVALUE ="" DESCRIPTION ="" NAME ="Status__c" PICTURETEXT ="" PORTTYPE ="INPUT" PRECISION ="255" SCALE ="0"/>
            <TRANSFORMFIELD DATATYPE ="integer" DEFAULTVALUE ="" DESCRIPTION ="" EXPRESSION =":LKP.lkp_values(&apos;Inactive&apos;,&apos;INACTIVATION_REASON_ID&apos;)" EXPRESSIONTYPE ="GENERAL" NAME ="Inactive_Reason_Type_var" PICTURETEXT ="" PORTTYPE ="LOCAL VARIABLE" PRECISION ="10" SCALE ="0"/>
            <TRANSFORMFIELD DATATYPE ="integer" DEFAULTVALUE ="" DESCRIPTION ="" EXPRESSION ="iif(Status__c = &apos;Active&apos;,NULL,Inactive_Reason_Type_var)" EXPRESSIONTYPE ="GENERAL" NAME ="Inactive_Reason_Type_var2" PICTURETEXT ="" PORTTYPE ="LOCAL VARIABLE" PRECISION ="10" SCALE ="0"/>
            <TRANSFORMFIELD DATATYPE ="bigint" DEFAULTVALUE ="ERROR(&apos;transformation error&apos;)" DESCRIPTION ="" EXPRESSION ="Inactive_Reason_Type_var2" EXPRESSIONTYPE ="GENERAL" NAME ="Inactive_Reason_Id_out" PICTURETEXT ="" PORTTYPE ="OUTPUT" PRECISION ="19" SCALE ="0"/>
            <TRANSFORMFIELD DATATYPE ="integer" DEFAULTVALUE ="" DESCRIPTION ="" EXPRESSION =":LKP.lkp_values(ltrim(rtrim(Status__c)),&apos;PARTY_ROLE_STATUS_ID&apos;)&#xD;&#xA;-- DKAO.  ADDED _ID at the end." EXPRESSIONTYPE ="GENERAL" NAME ="Role_Status_Id_var" PICTURETEXT ="" PORTTYPE ="LOCAL VARIABLE" PRECISION ="10" SCALE ="0"/>
            <TRANSFORMFIELD DATATYPE ="bigint" DEFAULTVALUE ="" DESCRIPTION ="" EXPRESSION ="iif(isnull(Role_Status_Id_var),9999,Role_Status_Id_var)" EXPRESSIONTYPE ="GENERAL" NAME ="Role_Status_Id_var2" PICTURETEXT ="" PORTTYPE ="LOCAL VARIABLE" PRECISION ="19" SCALE ="0"/>
            <TRANSFORMFIELD DATATYPE ="bigint" DEFAULTVALUE ="ERROR(&apos;transformation error&apos;)" DESCRIPTION ="" EXPRESSION ="Role_Status_Id_var2" EXPRESSIONTYPE ="GENERAL" NAME ="Role_Status_Id_out" PICTURETEXT ="" PORTTYPE ="OUTPUT" PRECISION ="19" SCALE ="0"/>
            <TRANSFORMFIELD DATATYPE ="integer" DEFAULTVALUE ="" DESCRIPTION ="" EXPRESSION =":LKP.lkp_values(&apos;Standard Office Role&apos;,&apos;PARTY_ROLE_TYPE_ID&apos;)" EXPRESSIONTYPE ="GENERAL" NAME ="Role_Type_Id_var" PICTURETEXT ="" PORTTYPE ="LOCAL VARIABLE" PRECISION ="10" SCALE ="0"/>
            <TRANSFORMFIELD DATATYPE ="bigint" DEFAULTVALUE ="" DESCRIPTION ="" EXPRESSION ="iif(isnull(Role_Type_Id_var),9999,Role_Type_Id_var)" EXPRESSIONTYPE ="GENERAL" NAME ="Role_Type_Id_var2" PICTURETEXT ="" PORTTYPE ="LOCAL VARIABLE" PRECISION ="19" SCALE ="0"/>
            <TRANSFORMFIELD DATATYPE ="bigint" DEFAULTVALUE ="ERROR(&apos;transformation error&apos;)" DESCRIPTION ="" EXPRESSION ="Role_Type_Id_var2" EXPRESSIONTYPE ="GENERAL" NAME ="Role_Type_Id_out" PICTURETEXT ="" PORTTYPE ="OUTPUT" PRECISION ="19" SCALE ="0"/>
            <TRANSFORMFIELD DATATYPE ="nstring" DEFAULTVALUE ="ERROR(&apos;transformation error&apos;)" DESCRIPTION ="" EXPRESSION ="&apos;SFDC&apos;" EXPRESSIONTYPE ="GENERAL" NAME ="Source_System" PICTURETEXT ="" PORTTYPE ="OUTPUT" PRECISION ="250" SCALE ="0"/>
            <TRANSFORMFIELD DATATYPE ="string" DEFAULTVALUE ="" DESCRIPTION ="" NAME ="Id" PICTURETEXT ="" PORTTYPE ="INPUT" PRECISION ="30" SCALE ="0"/>
            <TRANSFORMFIELD DATATYPE ="nstring" DEFAULTVALUE ="ERROR(&apos;transformation error&apos;)" DESCRIPTION ="" EXPRESSION ="&apos;OFF_&apos;||Id" EXPRESSIONTYPE ="GENERAL" NAME ="Id_Out" PICTURETEXT ="" PORTTYPE ="OUTPUT" PRECISION ="255" SCALE ="0"/>
            <TRANSFORMFIELD DATATYPE ="string" DEFAULTVALUE ="" DESCRIPTION ="" EXPRESSION ="LastModifiedDate" EXPRESSIONTYPE ="GENERAL" NAME ="LastModifiedDate" PICTURETEXT ="" PORTTYPE ="INPUT/OUTPUT" PRECISION ="29" SCALE ="0"/>
            <TRANSFORMFIELD DATATYPE ="string" DEFAULTVALUE ="ERROR(&apos;transformation error&apos;)" DESCRIPTION ="" EXPRESSION ="$PMMappingName" EXPRESSIONTYPE ="GENERAL" NAME ="MAPPING_NAME" PICTURETEXT ="" PORTTYPE ="OUTPUT" PRECISION ="80" SCALE ="0"/>
            <TRANSFORMFIELD DATATYPE ="nstring" DEFAULTVALUE ="" DESCRIPTION ="" EXPRESSION ="CreatedByAlias" EXPRESSIONTYPE ="GENERAL" NAME ="CreatedByAlias" PICTURETEXT ="" PORTTYPE ="INPUT/OUTPUT" PRECISION ="50" SCALE ="0"/>
            <TRANSFORMFIELD DATATYPE ="string" DEFAULTVALUE ="" DESCRIPTION ="" EXPRESSION ="CreatedDate" EXPRESSIONTYPE ="GENERAL" NAME ="CreatedDate" PICTURETEXT ="" PORTTYPE ="INPUT/OUTPUT" PRECISION ="29" SCALE ="0"/>
            <TRANSFORMFIELD DATATYPE ="string" DEFAULTVALUE ="" DESCRIPTION ="" EXPRESSION ="LastModifiedByAlias" EXPRESSIONTYPE ="GENERAL" NAME ="LastModifiedByAlias" PICTURETEXT ="" PORTTYPE ="INPUT/OUTPUT" PRECISION ="50" SCALE ="0"/>
            <TRANSFORMFIELD DATATYPE ="nstring" DEFAULTVALUE ="ERROR(&apos;transformation error&apos;)" DESCRIPTION ="" EXPRESSION ="Id||&apos;Standard Office Role&apos;" EXPRESSIONTYPE ="GENERAL" NAME ="SOURCE_PARTY_ROLE_ID" PICTURETEXT ="" PORTTYPE ="OUTPUT" PRECISION ="255" SCALE ="0"/>
            <TRANSFORMFIELD DATATYPE ="string" DEFAULTVALUE ="ERROR(&apos;transformation error&apos;)" DESCRIPTION ="" EXPRESSION =":LKP.TODAY_PARTY_XFORM_LOOKUP(&apos;OFF_&apos;||Id)" EXPRESSIONTYPE ="GENERAL" NAME ="PARENT_SOURCE_SYSTEM" PICTURETEXT ="" PORTTYPE ="OUTPUT" PRECISION ="50" SCALE ="0"/>
            <TRANSFORMFIELD DATATYPE ="string" DEFAULTVALUE ="" DESCRIPTION ="" EXPRESSION ="DEFERRED_OWNERSHIP_IND" EXPRESSIONTYPE ="GENERAL" NAME ="DEFERRED_OWNERSHIP_IND" PICTURETEXT ="" PORTTYPE ="INPUT/OUTPUT" PRECISION ="1" SCALE ="0"/>
            <TABLEATTRIBUTE NAME ="Tracing Level" VALUE ="Normal"/>
        </TRANSFORMATION>
        <TRANSFORMATION DESCRIPTION ="" NAME ="flt_org_role1" OBJECTVERSION ="1" REUSABLE ="NO" TYPE ="Filter" VERSIONNUMBER ="1">
            <TRANSFORMFIELD DATATYPE ="string" DEFAULTVALUE ="" DESCRIPTION ="" NAME ="Id" PICTURETEXT ="" PORTTYPE ="INPUT/OUTPUT" PRECISION ="30" SCALE ="0"/>
            <TRANSFORMFIELD DATATYPE ="string" DEFAULTVALUE ="" DESCRIPTION ="" NAME ="CreatedDate" PICTURETEXT ="" PORTTYPE ="INPUT/OUTPUT" PRECISION ="29" SCALE ="0"/>
            <TRANSFORMFIELD DATATYPE ="string" DEFAULTVALUE ="" DESCRIPTION ="" NAME ="CreatedByAlias" PICTURETEXT ="" PORTTYPE ="INPUT/OUTPUT" PRECISION ="8" SCALE ="0"/>
            <TRANSFORMFIELD DATATYPE ="string" DEFAULTVALUE ="" DESCRIPTION ="" NAME ="LastModifiedDate" PICTURETEXT ="" PORTTYPE ="INPUT/OUTPUT" PRECISION ="29" SCALE ="0"/>
            <TRANSFORMFIELD DATATYPE ="string" DEFAULTVALUE ="" DESCRIPTION ="" NAME ="LastModifiedAlias" PICTURETEXT ="" PORTTYPE ="INPUT/OUTPUT" PRECISION ="8" SCALE ="0"/>
            <TRANSFORMFIELD DATATYPE ="string" DEFAULTVALUE ="" DESCRIPTION ="" NAME ="Role_End_Date__c" PICTURETEXT ="" PORTTYPE ="INPUT/OUTPUT" PRECISION ="29" SCALE ="0"/>
            <TRANSFORMFIELD DATATYPE ="string" DEFAULTVALUE ="" DESCRIPTION ="" NAME ="Role_Status__c" PICTURETEXT ="" PORTTYPE ="INPUT/OUTPUT" PRECISION ="255" SCALE ="0"/>
            <TRANSFORMFIELD DATATYPE ="string" DEFAULTVALUE ="" DESCRIPTION ="" NAME ="Direct__c" PICTURETEXT ="" PORTTYPE ="INPUT/OUTPUT" PRECISION ="255" SCALE ="0"/>
            <TRANSFORMFIELD DATATYPE ="string" DEFAULTVALUE ="" DESCRIPTION ="" NAME ="DEFERRED_OWNERSHIP_IND" PICTURETEXT ="" PORTTYPE ="INPUT/OUTPUT" PRECISION ="1" SCALE ="0"/>
            <TABLEATTRIBUTE NAME ="Filter Condition" VALUE ="TRUE"/>
            <TABLEATTRIBUTE NAME ="Tracing Level" VALUE ="Normal"/>
        </TRANSFORMATION>
        <INSTANCE DESCRIPTION ="" NAME ="TODAY_PARTY_ROLE_XFORM_SFDC" TRANSFORMATION_NAME ="today_party_role_xform" TRANSFORMATION_TYPE ="Target Definition" TYPE ="TARGET"/>
        <INSTANCE DBDNAME ="CDM_SQL_PRE_LANDING_SRC" DESCRIPTION ="" NAME ="pre_land_sfdc_org_office_role_SFDC" TRANSFORMATION_NAME ="pre_land_sfdc_org_office_role" TRANSFORMATION_TYPE ="Source Definition" TYPE ="SOURCE"/>
        <INSTANCE DESCRIPTION ="" NAME ="SQ_pre_land_sfdc_org_office_role_SFDC" REUSABLE ="NO" TRANSFORMATION_NAME ="SQ_pre_land_sfdc_org_office_role_SFDC" TRANSFORMATION_TYPE ="Source Qualifier" TYPE ="TRANSFORMATION">
            <ASSOCIATED_SOURCE_INSTANCE NAME ="pre_land_sfdc_org_office_role_SFDC"/>
        </INSTANCE>
        <INSTANCE DESCRIPTION ="" NAME ="lkp_values" REUSABLE ="NO" TRANSFORMATION_NAME ="lkp_values" TRANSFORMATION_TYPE ="Lookup Procedure" TYPE ="TRANSFORMATION"/>
        <INSTANCE DESCRIPTION ="" NAME ="FILTRANS" REUSABLE ="NO" TRANSFORMATION_NAME ="FILTRANS" TRANSFORMATION_TYPE ="Filter" TYPE ="TRANSFORMATION"/>
        <INSTANCE DESCRIPTION ="" NAME ="TODAY_PARTY_XFORM_LOOKUP" REUSABLE ="NO" TRANSFORMATION_NAME ="TODAY_PARTY_XFORM_LOOKUP" TRANSFORMATION_TYPE ="Lookup Procedure" TYPE ="TRANSFORMATION"/>
        <INSTANCE DESCRIPTION ="" NAME ="exp_org_role1" REUSABLE ="NO" TRANSFORMATION_NAME ="exp_org_role1" TRANSFORMATION_TYPE ="Expression" TYPE ="TRANSFORMATION"/>
        <INSTANCE DESCRIPTION ="" NAME ="exp_lookup_values1" REUSABLE ="NO" TRANSFORMATION_NAME ="exp_lookup_values1" TRANSFORMATION_TYPE ="Expression" TYPE ="TRANSFORMATION"/>
        <INSTANCE DESCRIPTION ="" NAME ="flt_org_role1" REUSABLE ="NO" TRANSFORMATION_NAME ="flt_org_role1" TRANSFORMATION_TYPE ="Filter" TYPE ="TRANSFORMATION"/>
        <CONNECTOR FROMFIELD ="Source_System_Name" FROMINSTANCE ="FILTRANS" FROMINSTANCETYPE ="Filter" TOFIELD ="source_system" TOINSTANCE ="TODAY_PARTY_ROLE_XFORM_SFDC" TOINSTANCETYPE ="Target Definition"/>
        <CONNECTOR FROMFIELD ="CreatedByAlias" FROMINSTANCE ="FILTRANS" FROMINSTANCETYPE ="Filter" TOFIELD ="created_by" TOINSTANCE ="TODAY_PARTY_ROLE_XFORM_SFDC" TOINSTANCETYPE ="Target Definition"/>
        <CONNECTOR FROMFIELD ="MAPPING_NAME" FROMINSTANCE ="FILTRANS" FROMINSTANCETYPE ="Filter" TOFIELD ="mapping_name" TOINSTANCE ="TODAY_PARTY_ROLE_XFORM_SFDC" TOINSTANCETYPE ="Target Definition"/>
        <CONNECTOR FROMFIELD ="DEFERRED_OWNERSHIP_IND" FROMINSTANCE ="FILTRANS" FROMINSTANCETYPE ="Filter" TOFIELD ="DEFERRED_OWNERSHIP_IND" TOINSTANCE ="TODAY_PARTY_ROLE_XFORM_SFDC" TOINSTANCETYPE ="Target Definition"/>
        <CONNECTOR FROMFIELD ="CreatedDate" FROMINSTANCE ="FILTRANS" FROMINSTANCETYPE ="Filter" TOFIELD ="created_date" TOINSTANCE ="TODAY_PARTY_ROLE_XFORM_SFDC" TOINSTANCETYPE ="Target Definition"/>
        <CONNECTOR FROMFIELD ="LastModifiedByAlias" FROMINSTANCE ="FILTRANS" FROMINSTANCETYPE ="Filter" TOFIELD ="last_updated_by" TOINSTANCE ="TODAY_PARTY_ROLE_XFORM_SFDC" TOINSTANCETYPE ="Target Definition"/>
        <CONNECTOR FROMFIELD ="SOURCE_PARTY_ROLE_ID" FROMINSTANCE ="FILTRANS" FROMINSTANCETYPE ="Filter" TOFIELD ="source_party_role_id" TOINSTANCE ="TODAY_PARTY_ROLE_XFORM_SFDC" TOINSTANCETYPE ="Target Definition"/>
        <CONNECTOR FROMFIELD ="PARENT_SOURCE_SYSTEM" FROMINSTANCE ="FILTRANS" FROMINSTANCETYPE ="Filter" TOFIELD ="parent_source_system" TOINSTANCE ="TODAY_PARTY_ROLE_XFORM_SFDC" TOINSTANCETYPE ="Target Definition"/>
        <CONNECTOR FROMFIELD ="Role_End_Date__out" FROMINSTANCE ="FILTRANS" FROMINSTANCETYPE ="Filter" TOFIELD ="inactivation_date" TOINSTANCE ="TODAY_PARTY_ROLE_XFORM_SFDC" TOINSTANCETYPE ="Target Definition"/>
        <CONNECTOR FROMFIELD ="PRIMARY_INDICATOR" FROMINSTANCE ="FILTRANS" FROMINSTANCETYPE ="Filter" TOFIELD ="primary_indicator" TOINSTANCE ="TODAY_PARTY_ROLE_XFORM_SFDC" TOINSTANCETYPE ="Target Definition"/>
        <CONNECTOR FROMFIELD ="Inactive_Reason_Id_out" FROMINSTANCE ="FILTRANS" FROMINSTANCETYPE ="Filter" TOFIELD ="inactivation_reason_id" TOINSTANCE ="TODAY_PARTY_ROLE_XFORM_SFDC" TOINSTANCETYPE ="Target Definition"/>
        <CONNECTOR FROMFIELD ="Role_Type_Id_out" FROMINSTANCE ="FILTRANS" FROMINSTANCETYPE ="Filter" TOFIELD ="role_type_id" TOINSTANCE ="TODAY_PARTY_ROLE_XFORM_SFDC" TOINSTANCETYPE ="Target Definition"/>
        <CONNECTOR FROMFIELD ="Role_Status_Id_out" FROMINSTANCE ="FILTRANS" FROMINSTANCETYPE ="Filter" TOFIELD ="status_id" TOINSTANCE ="TODAY_PARTY_ROLE_XFORM_SFDC" TOINSTANCETYPE ="Target Definition"/>
        <CONNECTOR FROMFIELD ="Id_Out" FROMINSTANCE ="FILTRANS" FROMINSTANCETYPE ="Filter" TOFIELD ="source_party_id" TOINSTANCE ="TODAY_PARTY_ROLE_XFORM_SFDC" TOINSTANCETYPE ="Target Definition"/>
        <CONNECTOR FROMFIELD ="LastModifiedDate" FROMINSTANCE ="FILTRANS" FROMINSTANCETYPE ="Filter" TOFIELD ="last_updated_date" TOINSTANCE ="TODAY_PARTY_ROLE_XFORM_SFDC" TOINSTANCETYPE ="Target Definition"/>
        <CONNECTOR FROMFIELD ="LastModifiedAlias" FROMINSTANCE ="pre_land_sfdc_org_office_role_SFDC" FROMINSTANCETYPE ="Source Definition" TOFIELD ="LastModifiedAlias" TOINSTANCE ="SQ_pre_land_sfdc_org_office_role_SFDC" TOINSTANCETYPE ="Source Qualifier"/>
        <CONNECTOR FROMFIELD ="Id" FROMINSTANCE ="pre_land_sfdc_org_office_role_SFDC" FROMINSTANCETYPE ="Source Definition" TOFIELD ="Id" TOINSTANCE ="SQ_pre_land_sfdc_org_office_role_SFDC" TOINSTANCETYPE ="Source Qualifier"/>
        <CONNECTOR FROMFIELD ="CreatedDate" FROMINSTANCE ="pre_land_sfdc_org_office_role_SFDC" FROMINSTANCETYPE ="Source Definition" TOFIELD ="CreatedDate" TOINSTANCE ="SQ_pre_land_sfdc_org_office_role_SFDC" TOINSTANCETYPE ="Source Qualifier"/>
        <CONNECTOR FROMFIELD ="CreatedByAlias" FROMINSTANCE ="pre_land_sfdc_org_office_role_SFDC" FROMINSTANCETYPE ="Source Definition" TOFIELD ="CreatedByAlias" TOINSTANCE ="SQ_pre_land_sfdc_org_office_role_SFDC" TOINSTANCETYPE ="Source Qualifier"/>
        <CONNECTOR FROMFIELD ="LastModifiedDate" FROMINSTANCE ="pre_land_sfdc_org_office_role_SFDC" FROMINSTANCETYPE ="Source Definition" TOFIELD ="LastModifiedDate" TOINSTANCE ="SQ_pre_land_sfdc_org_office_role_SFDC" TOINSTANCETYPE ="Source Qualifier"/>
        <CONNECTOR FROMFIELD ="Role_End_Date__c" FROMINSTANCE ="pre_land_sfdc_org_office_role_SFDC" FROMINSTANCETYPE ="Source Definition" TOFIELD ="Role_End_Date__c" TOINSTANCE ="SQ_pre_land_sfdc_org_office_role_SFDC" TOINSTANCETYPE ="Source Qualifier"/>
        <CONNECTOR FROMFIELD ="Account_Name__c" FROMINSTANCE ="pre_land_sfdc_org_office_role_SFDC" FROMINSTANCETYPE ="Source Definition" TOFIELD ="Account_Name__c" TOINSTANCE ="SQ_pre_land_sfdc_org_office_role_SFDC" TOINSTANCETYPE ="Source Qualifier"/>
        <CONNECTOR FROMFIELD ="Role_Status__c" FROMINSTANCE ="pre_land_sfdc_org_office_role_SFDC" FROMINSTANCETYPE ="Source Definition" TOFIELD ="Role_Status__c" TOINSTANCE ="SQ_pre_land_sfdc_org_office_role_SFDC" TOINSTANCETYPE ="Source Qualifier"/>
        <CONNECTOR FROMFIELD ="Role__c" FROMINSTANCE ="pre_land_sfdc_org_office_role_SFDC" FROMINSTANCETYPE ="Source Definition" TOFIELD ="Role__c" TOINSTANCE ="SQ_pre_land_sfdc_org_office_role_SFDC" TOINSTANCETYPE ="Source Qualifier"/>
        <CONNECTOR FROMFIELD ="Id" FROMINSTANCE ="SQ_pre_land_sfdc_org_office_role_SFDC" FROMINSTANCETYPE ="Source Qualifier" TOFIELD ="Id" TOINSTANCE ="flt_org_role1" TOINSTANCETYPE ="Filter"/>
        <CONNECTOR FROMFIELD ="Role_End_Date__c" FROMINSTANCE ="SQ_pre_land_sfdc_org_office_role_SFDC" FROMINSTANCETYPE ="Source Qualifier" TOFIELD ="Role_End_Date__c" TOINSTANCE ="flt_org_role1" TOINSTANCETYPE ="Filter"/>
        <CONNECTOR FROMFIELD ="Role_Status__c" FROMINSTANCE ="SQ_pre_land_sfdc_org_office_role_SFDC" FROMINSTANCETYPE ="Source Qualifier" TOFIELD ="Role_Status__c" TOINSTANCE ="flt_org_role1" TOINSTANCETYPE ="Filter"/>
        <CONNECTOR FROMFIELD ="Role__c" FROMINSTANCE ="SQ_pre_land_sfdc_org_office_role_SFDC" FROMINSTANCETYPE ="Source Qualifier" TOFIELD ="Direct__c" TOINSTANCE ="flt_org_role1" TOINSTANCETYPE ="Filter"/>
        <CONNECTOR FROMFIELD ="CreatedDate" FROMINSTANCE ="SQ_pre_land_sfdc_org_office_role_SFDC" FROMINSTANCETYPE ="Source Qualifier" TOFIELD ="CreatedDate" TOINSTANCE ="flt_org_role1" TOINSTANCETYPE ="Filter"/>
        <CONNECTOR FROMFIELD ="CreatedByAlias" FROMINSTANCE ="SQ_pre_land_sfdc_org_office_role_SFDC" FROMINSTANCETYPE ="Source Qualifier" TOFIELD ="CreatedByAlias" TOINSTANCE ="flt_org_role1" TOINSTANCETYPE ="Filter"/>
        <CONNECTOR FROMFIELD ="LastModifiedDate" FROMINSTANCE ="SQ_pre_land_sfdc_org_office_role_SFDC" FROMINSTANCETYPE ="Source Qualifier" TOFIELD ="LastModifiedDate" TOINSTANCE ="flt_org_role1" TOINSTANCETYPE ="Filter"/>
        <CONNECTOR FROMFIELD ="LastModifiedAlias" FROMINSTANCE ="SQ_pre_land_sfdc_org_office_role_SFDC" FROMINSTANCETYPE ="Source Qualifier" TOFIELD ="LastModifiedAlias" TOINSTANCE ="flt_org_role1" TOINSTANCETYPE ="Filter"/>
        <CONNECTOR FROMFIELD ="Account_Name__c" FROMINSTANCE ="SQ_pre_land_sfdc_org_office_role_SFDC" FROMINSTANCETYPE ="Source Qualifier" TOFIELD ="DEFERRED_OWNERSHIP_IND" TOINSTANCE ="flt_org_role1" TOINSTANCETYPE ="Filter"/>
        <CONNECTOR FROMFIELD ="Id_Out" FROMINSTANCE ="exp_lookup_values1" FROMINSTANCETYPE ="Expression" TOFIELD ="Id_Out" TOINSTANCE ="FILTRANS" TOINSTANCETYPE ="Filter"/>
        <CONNECTOR FROMFIELD ="LastModifiedDate" FROMINSTANCE ="exp_lookup_values1" FROMINSTANCETYPE ="Expression" TOFIELD ="LastModifiedDate" TOINSTANCE ="FILTRANS" TOINSTANCETYPE ="Filter"/>
        <CONNECTOR FROMFIELD ="CreatedByAlias" FROMINSTANCE ="exp_lookup_values1" FROMINSTANCETYPE ="Expression" TOFIELD ="CreatedByAlias" TOINSTANCE ="FILTRANS" TOINSTANCETYPE ="Filter"/>
        <CONNECTOR FROMFIELD ="CreatedDate" FROMINSTANCE ="exp_lookup_values1" FROMINSTANCETYPE ="Expression" TOFIELD ="CreatedDate" TOINSTANCE ="FILTRANS" TOINSTANCETYPE ="Filter"/>
        <CONNECTOR FROMFIELD ="LastModifiedByAlias" FROMINSTANCE ="exp_lookup_values1" FROMINSTANCETYPE ="Expression" TOFIELD ="LastModifiedByAlias" TOINSTANCE ="FILTRANS" TOINSTANCETYPE ="Filter"/>
        <CONNECTOR FROMFIELD ="SOURCE_PARTY_ROLE_ID" FROMINSTANCE ="exp_lookup_values1" FROMINSTANCETYPE ="Expression" TOFIELD ="SOURCE_PARTY_ROLE_ID" TOINSTANCE ="FILTRANS" TOINSTANCETYPE ="Filter"/>
        <CONNECTOR FROMFIELD ="PARENT_SOURCE_SYSTEM" FROMINSTANCE ="exp_lookup_values1" FROMINSTANCETYPE ="Expression" TOFIELD ="PARENT_SOURCE_SYSTEM" TOINSTANCE ="FILTRANS" TOINSTANCETYPE ="Filter"/>
        <CONNECTOR FROMFIELD ="Source_System" FROMINSTANCE ="exp_lookup_values1" FROMINSTANCETYPE ="Expression" TOFIELD ="Source_System_Name" TOINSTANCE ="FILTRANS" TOINSTANCETYPE ="Filter"/>
        <CONNECTOR FROMFIELD ="MAPPING_NAME" FROMINSTANCE ="exp_lookup_values1" FROMINSTANCETYPE ="Expression" TOFIELD ="MAPPING_NAME" TOINSTANCE ="FILTRANS" TOINSTANCETYPE ="Filter"/>
        <CONNECTOR FROMFIELD ="Role_End_Date__out" FROMINSTANCE ="exp_lookup_values1" FROMINSTANCETYPE ="Expression" TOFIELD ="Role_End_Date__out" TOINSTANCE ="FILTRANS" TOINSTANCETYPE ="Filter"/>
        <CONNECTOR FROMFIELD ="PRIMARY_INDICATOR" FROMINSTANCE ="exp_lookup_values1" FROMINSTANCETYPE ="Expression" TOFIELD ="PRIMARY_INDICATOR" TOINSTANCE ="FILTRANS" TOINSTANCETYPE ="Filter"/>
        <CONNECTOR FROMFIELD ="Inactive_Reason_Id_out" FROMINSTANCE ="exp_lookup_values1" FROMINSTANCETYPE ="Expression" TOFIELD ="Inactive_Reason_Id_out" TOINSTANCE ="FILTRANS" TOINSTANCETYPE ="Filter"/>
        <CONNECTOR FROMFIELD ="Role_Status_Id_out" FROMINSTANCE ="exp_lookup_values1" FROMINSTANCETYPE ="Expression" TOFIELD ="Role_Status_Id_out" TOINSTANCE ="FILTRANS" TOINSTANCETYPE ="Filter"/>
        <CONNECTOR FROMFIELD ="Role_Type_Id_out" FROMINSTANCE ="exp_lookup_values1" FROMINSTANCETYPE ="Expression" TOFIELD ="Role_Type_Id_out" TOINSTANCE ="FILTRANS" TOINSTANCETYPE ="Filter"/>
        <CONNECTOR FROMFIELD ="DEFERRED_OWNERSHIP_IND" FROMINSTANCE ="exp_lookup_values1" FROMINSTANCETYPE ="Expression" TOFIELD ="DEFERRED_OWNERSHIP_IND" TOINSTANCE ="FILTRANS" TOINSTANCETYPE ="Filter"/>
        <CONNECTOR FROMFIELD ="Direct__c" FROMINSTANCE ="flt_org_role1" FROMINSTANCETYPE ="Filter" TOFIELD ="Direct__c" TOINSTANCE ="exp_org_role1" TOINSTANCETYPE ="Expression"/>
        <CONNECTOR FROMFIELD ="Role_End_Date__c" FROMINSTANCE ="flt_org_role1" FROMINSTANCETYPE ="Filter" TOFIELD ="Role_End_Date__c" TOINSTANCE ="exp_org_role1" TOINSTANCETYPE ="Expression"/>
        <CONNECTOR FROMFIELD ="Role_Status__c" FROMINSTANCE ="flt_org_role1" FROMINSTANCETYPE ="Filter" TOFIELD ="Role_Status__c" TOINSTANCE ="exp_org_role1" TOINSTANCETYPE ="Expression"/>
        <CONNECTOR FROMFIELD ="CreatedDate" FROMINSTANCE ="flt_org_role1" FROMINSTANCETYPE ="Filter" TOFIELD ="CreatedDate" TOINSTANCE ="exp_org_role1" TOINSTANCETYPE ="Expression"/>
        <CONNECTOR FROMFIELD ="CreatedByAlias" FROMINSTANCE ="flt_org_role1" FROMINSTANCETYPE ="Filter" TOFIELD ="CreatedByAlias" TOINSTANCE ="exp_org_role1" TOINSTANCETYPE ="Expression"/>
        <CONNECTOR FROMFIELD ="LastModifiedDate" FROMINSTANCE ="flt_org_role1" FROMINSTANCETYPE ="Filter" TOFIELD ="LastModifiedDate" TOINSTANCE ="exp_org_role1" TOINSTANCETYPE ="Expression"/>
        <CONNECTOR FROMFIELD ="LastModifiedAlias" FROMINSTANCE ="flt_org_role1" FROMINSTANCETYPE ="Filter" TOFIELD ="LastModifiedAlias" TOINSTANCE ="exp_org_role1" TOINSTANCETYPE ="Expression"/>
        <CONNECTOR FROMFIELD ="DEFERRED_OWNERSHIP_IND" FROMINSTANCE ="flt_org_role1" FROMINSTANCETYPE ="Filter" TOFIELD ="DEFERRED_OWNERSHIP_IND" TOINSTANCE ="exp_org_role1" TOINSTANCETYPE ="Expression"/>
        <CONNECTOR FROMFIELD ="Id" FROMINSTANCE ="flt_org_role1" FROMINSTANCETYPE ="Filter" TOFIELD ="Account_Name__c" TOINSTANCE ="exp_org_role1" TOINSTANCETYPE ="Expression"/>
        <CONNECTOR FROMFIELD ="DEFERRED_OWNERSHIP_IND" FROMINSTANCE ="exp_org_role1" FROMINSTANCETYPE ="Expression" TOFIELD ="DEFERRED_OWNERSHIP_IND" TOINSTANCE ="exp_lookup_values1" TOINSTANCETYPE ="Expression"/>
        <CONNECTOR FROMFIELD ="Account_Name__c" FROMINSTANCE ="exp_org_role1" FROMINSTANCETYPE ="Expression" TOFIELD ="Id" TOINSTANCE ="exp_lookup_values1" TOINSTANCETYPE ="Expression"/>
        <CONNECTOR FROMFIELD ="LastModifiedDate" FROMINSTANCE ="exp_org_role1" FROMINSTANCETYPE ="Expression" TOFIELD ="LastModifiedDate" TOINSTANCE ="exp_lookup_values1" TOINSTANCETYPE ="Expression"/>
        <CONNECTOR FROMFIELD ="CreatedDate" FROMINSTANCE ="exp_org_role1" FROMINSTANCETYPE ="Expression" TOFIELD ="CreatedDate" TOINSTANCE ="exp_lookup_values1" TOINSTANCETYPE ="Expression"/>
        <CONNECTOR FROMFIELD ="CreatedByAlias" FROMINSTANCE ="exp_org_role1" FROMINSTANCETYPE ="Expression" TOFIELD ="CreatedByAlias" TOINSTANCE ="exp_lookup_values1" TOINSTANCETYPE ="Expression"/>
        <CONNECTOR FROMFIELD ="LastModifiedAlias" FROMINSTANCE ="exp_org_role1" FROMINSTANCETYPE ="Expression" TOFIELD ="LastModifiedByAlias" TOINSTANCE ="exp_lookup_values1" TOINSTANCETYPE ="Expression"/>
        <CONNECTOR FROMFIELD ="Role_End_Date__c" FROMINSTANCE ="exp_org_role1" FROMINSTANCETYPE ="Expression" TOFIELD ="Role_End_Date__c" TOINSTANCE ="exp_lookup_values1" TOINSTANCETYPE ="Expression"/>
        <CONNECTOR FROMFIELD ="Role_Status__c" FROMINSTANCE ="exp_org_role1" FROMINSTANCETYPE ="Expression" TOFIELD ="Status__c" TOINSTANCE ="exp_lookup_values1" TOINSTANCETYPE ="Expression"/>
        <TARGETLOADORDER ORDER ="1" TARGETINSTANCE ="TODAY_PARTY_ROLE_XFORM_SFDC"/>
        <ERPINFO/>
    </MAPPING>
    <CONFIG DESCRIPTION ="Default session configuration object" ISDEFAULT ="YES" NAME ="default_session_config" VERSIONNUMBER ="1">
        <ATTRIBUTE NAME ="Advanced" VALUE =""/>
        <ATTRIBUTE NAME ="Constraint based load ordering" VALUE ="NO"/>
        <ATTRIBUTE NAME ="Cache LOOKUP() function" VALUE ="YES"/>
        <ATTRIBUTE NAME ="Default buffer block size" VALUE ="Auto"/>
        <ATTRIBUTE NAME ="Line Sequential buffer length" VALUE ="1024"/>
        <ATTRIBUTE NAME ="Maximum Memory Allowed For Auto Memory Attributes" VALUE ="512MB"/>
        <ATTRIBUTE NAME ="Maximum Percentage of Total Memory Allowed For Auto Memory Attributes" VALUE ="5"/>
        <ATTRIBUTE NAME ="Additional Concurrent Pipelines for Lookup Cache Creation" VALUE ="Auto"/>
        <ATTRIBUTE NAME ="Custom Properties" VALUE =""/>
        <ATTRIBUTE NAME ="Pre-build lookup cache" VALUE ="Auto"/>
        <ATTRIBUTE NAME ="Optimization Level" VALUE ="Medium"/>
        <ATTRIBUTE NAME ="DateTime Format String" VALUE ="MM/DD/YYYY HH24:MI:SS.US"/>
        <ATTRIBUTE NAME ="Pre 85 Timestamp Compatibility" VALUE ="NO"/>
        <ATTRIBUTE NAME ="Log Options" VALUE ="0"/>
        <ATTRIBUTE NAME ="Save session log by" VALUE ="Session runs"/>
        <ATTRIBUTE NAME ="Save session log for these runs" VALUE ="0"/>
        <ATTRIBUTE NAME ="Session Log File Max Size" VALUE ="0"/>
        <ATTRIBUTE NAME ="Session Log File Max Time Period" VALUE ="0"/>
        <ATTRIBUTE NAME ="Maximum Partial Session Log Files" VALUE ="1"/>
        <ATTRIBUTE NAME ="Writer Commit Statistics Log Frequency" VALUE ="1"/>
        <ATTRIBUTE NAME ="Writer Commit Statistics Log Interval" VALUE ="0"/>
        <ATTRIBUTE NAME ="Error handling" VALUE =""/>
        <ATTRIBUTE NAME ="Stop on errors" VALUE ="0"/>
        <ATTRIBUTE NAME ="Override tracing" VALUE ="None"/>
        <ATTRIBUTE NAME ="On Stored Procedure error" VALUE ="Stop"/>
        <ATTRIBUTE NAME ="On Pre-session command task error" VALUE ="Stop"/>
        <ATTRIBUTE NAME ="On Pre-Post SQL error" VALUE ="Stop"/>
        <ATTRIBUTE NAME ="Enable Recovery" VALUE ="NO"/>
        <ATTRIBUTE NAME ="Error Log Type" VALUE ="None"/>
        <ATTRIBUTE NAME ="Error Log Table Name Prefix" VALUE =""/>
        <ATTRIBUTE NAME ="Error Log File Name" VALUE ="PMError.log"/>
        <ATTRIBUTE NAME ="Log Source Row Data" VALUE ="NO"/>
        <ATTRIBUTE NAME ="Data Column Delimiter" VALUE ="|"/>
        <ATTRIBUTE NAME ="Partitioning Options" VALUE =""/>
        <ATTRIBUTE NAME ="Dynamic Partitioning" VALUE ="Disabled"/>
        <ATTRIBUTE NAME ="Number of Partitions" VALUE ="1"/>
        <ATTRIBUTE NAME ="Multiplication Factor" VALUE ="Auto"/>
        <ATTRIBUTE NAME ="Session on Grid" VALUE =""/>
        <ATTRIBUTE NAME ="Is Enabled" VALUE ="NO"/>
    </CONFIG>
    <WORKFLOW DESCRIPTION ="" ISENABLED ="YES" ISRUNNABLESERVICE ="NO" ISSERVICE ="NO" ISVALID ="YES" NAME ="wf_landing_sfdc_to_cdm_office_party_role" REUSABLE_SCHEDULER ="NO" SCHEDULERNAME ="Scheduler" SERVERNAME ="unicode_is_3" SERVER_DOMAINNAME ="PC105_DEV2" SUSPEND_ON_ERROR ="NO" TASKS_MUST_RUN_ON_SERVER ="NO" VERSIONNUMBER ="1">
        <SCHEDULER DESCRIPTION ="" NAME ="Scheduler" REUSABLE ="NO" VERSIONNUMBER ="1">
            <SCHEDULEINFO SCHEDULETYPE ="ONDEMAND"/>
        </SCHEDULER>
        <TASK DESCRIPTION ="" NAME ="Start" REUSABLE ="NO" TYPE ="Start" VERSIONNUMBER ="1"/>
        <SESSION DESCRIPTION ="" ISVALID ="YES" MAPPINGNAME ="m_landing_sfdc_to_cdm_office_party_role" NAME ="s_landing_sfdc_to_cdm_office_party_role" REUSABLE ="NO" SORTORDER ="Binary" VERSIONNUMBER ="1">
            <SESSTRANSFORMATIONINST ISREPARTITIONPOINT ="YES" PARTITIONTYPE ="PASS THROUGH" PIPELINE ="1" SINSTANCENAME ="TODAY_PARTY_ROLE_XFORM_SFDC" STAGE ="1" TRANSFORMATIONNAME ="TODAY_PARTY_ROLE_XFORM_SFDC" TRANSFORMATIONTYPE ="Target Definition">
                <ATTRIBUTE NAME ="Pre SQL" VALUE ="delete from TODAY_PARTY_ROLE_XFORM where MAPPING_NAME=&apos;$PMMappingName&apos; ;"/>
            </SESSTRANSFORMATIONINST>
            <SESSTRANSFORMATIONINST ISREPARTITIONPOINT ="NO" PIPELINE ="0" SINSTANCENAME ="TODAY_PARTY_XFORM_LOOKUP" STAGE ="0" TRANSFORMATIONNAME ="TODAY_PARTY_XFORM_LOOKUP" TRANSFORMATIONTYPE ="Lookup Procedure">
                <ATTRIBUTE NAME ="Lookup Sql Override" VALUE ="SELECT LTRIM(RTRIM(SOURCE_SYSTEM)) as &#xD;&#xA;SOURCE_SYSTEM, LTRIM(RTRIM(SOURCE_PARTY_ID)) &#xD;&#xA;as SOURCE_PARTY_ID FROM TODAY_PARTY_XFORM&#xD;&#xA;WHERE LTRIM(RTRIM(SOURCE_SYSTEM))  &#xD;&#xA;in  (&apos;DORIS&apos;,&apos;SOFI&apos;,&apos;SALESCONNECT&apos;,&apos;SFDC&apos;)"/>
                <ATTRIBUTE NAME ="Connection Information" VALUE ="$Source"/>
            </SESSTRANSFORMATIONINST>
            <SESSTRANSFORMATIONINST ISREPARTITIONPOINT ="NO" PIPELINE ="1" SINSTANCENAME ="exp_org_role1" STAGE ="2" TRANSFORMATIONNAME ="exp_org_role1" TRANSFORMATIONTYPE ="Expression">
                <PARTITION DESCRIPTION ="" NAME ="Partition #1"/>
            </SESSTRANSFORMATIONINST>
            <SESSTRANSFORMATIONINST ISREPARTITIONPOINT ="NO" PIPELINE ="1" SINSTANCENAME ="flt_org_role1" STAGE ="2" TRANSFORMATIONNAME ="flt_org_role1" TRANSFORMATIONTYPE ="Filter">
                <PARTITION DESCRIPTION ="" NAME ="Partition #1"/>
            </SESSTRANSFORMATIONINST>
            <SESSTRANSFORMATIONINST ISREPARTITIONPOINT ="YES" PARTITIONTYPE ="PASS THROUGH" PIPELINE ="1" SINSTANCENAME ="SQ_pre_land_sfdc_org_office_role_SFDC" STAGE ="2" TRANSFORMATIONNAME ="SQ_pre_land_sfdc_org_office_role_SFDC" TRANSFORMATIONTYPE ="Source Qualifier">
                <ATTRIBUTE NAME ="Sql Query" VALUE ="SELECT &#xD;&#xA; po.id&#xD;&#xA;,po.CreatedDate&#xD;&#xA;,po.CreatedByAlias&#xD;&#xA;,po.LastModifiedDate&#xD;&#xA;,po.LastModifiedByAlias&#xD;&#xA;,max(pr.Role_End_Date__c)&#xD;&#xA;,case when po.Status__c = &apos;Active&apos; then &apos;Active&apos; else &apos;Inactive&apos; end &#xD;&#xA;,po.Direct__c&#xD;&#xA;,CASE WHEN po.RecordTypeName in (&apos;NT Advisory Office RO&apos;,&apos;Retail Office RO&apos;,&#xD;&#xA;&apos;CIAM Office RO&apos;,&apos;Financial Intermediary&apos;) &#xD;&#xA;then  &apos;Y&apos; else &apos;N&apos; END AS DEFERRED_OWNERSHIP_IND&#xD;&#xA;FROM&#xD;&#xA;pre_land_sfdc_org_office_role pr&#xD;&#xA;inner join pre_land_sfdc_office po&#xD;&#xA;on pr.account_name__c = po.id&#xD;&#xA;where po.RecordTypeName in (&apos;Financial Institutions Office&apos;,&#xD;&#xA;&apos;Institutional Client Office&apos;,&#xD;&#xA;&apos;Institutional Consultant Office&apos;,&#xD;&#xA;&apos;Institutional Other Intermediary Office&apos;&#xD;&#xA;,&apos;NT Advisory Office RO&apos;,&apos;Retail Office RO&apos;,&#xD;&#xA;&apos;CIAM Office RO&apos;,&apos;Financial Intermediary&apos;)&#xD;&#xA;and &#xD;&#xA;((Client_Group_C&lt;&gt;&apos;Australia&apos; and BillingCountry &lt;&gt; &apos;Australia&apos;) or Client_Group_C is null or (Client_Group_C=&apos;Australia&apos; and BillingCountry &lt;&gt; &apos;Australia&apos;) or  ( Client_Group_C&lt;&gt;&apos;Australia&apos;  and BillingCountry is null))&#xD;&#xA;group by &#xD;&#xA; po.id&#xD;&#xA;,po.CreatedDate&#xD;&#xA;,po.CreatedByAlias&#xD;&#xA;,po.LastModifiedDate&#xD;&#xA;,po.LastModifiedByAlias&#xD;&#xA;,case when po.Status__c = &apos;Active&apos; then &apos;Active&apos; else &apos;Inactive&apos; end &#xD;&#xA;,po.Direct__c&#xD;&#xA;,CASE WHEN po.RecordTypeName in( &apos;NT Advisory Office RO&apos;,&apos;Retail Office RO&apos;,&#xD;&#xA;&apos;CIAM Office RO&apos;,&apos;Financial Intermediary&apos;) then  &apos;Y&apos; else &apos;N&apos; END&#xD;&#xA;UNION&#xD;&#xA;--Car Bussiness address&#xD;&#xA;SELECT &#xD;&#xA;concat(po.Id,&apos;|BUSSADDR&apos;) id&#xD;&#xA;,po.CreatedDate&#xD;&#xA;,po.CreatedByAlias&#xD;&#xA;,po.LastModifiedDate&#xD;&#xA;,po.LastModifiedByAlias&#xD;&#xA;,max(pr.Role_End_Date__c)&#xD;&#xA;,case when po.Status__c = &apos;Active&apos; then &apos;Active&apos; else &apos;Inactive&apos; end &#xD;&#xA;,po.Direct__c&#xD;&#xA;,CASE WHEN po.RecordTypeName in (&apos;NT Advisory Office RO&apos;,&apos;Retail Office RO&apos;,&#xD;&#xA;&apos;CIAM Office RO&apos;,&apos;Financial Intermediary&apos;) &#xD;&#xA;then  &apos;Y&apos; else &apos;N&apos; END AS DEFERRED_OWNERSHIP_IND&#xD;&#xA;FROM&#xD;&#xA;pre_land_sfdc_org_office_role pr&#xD;&#xA;inner join pre_land_sfdc_office po&#xD;&#xA;on pr.account_name__c = po.id&#xD;&#xA;where po.RecordTypeName in (&apos;Financial Institutions Office&apos;,&#xD;&#xA;&apos;Institutional Client Office&apos;,&#xD;&#xA;&apos;Institutional Consultant Office&apos;,&#xD;&#xA;&apos;Institutional Other Intermediary Office&apos;&#xD;&#xA;,&apos;NT Advisory Office RO&apos;,&apos;Retail Office RO&apos;,&#xD;&#xA;&apos;CIAM Office RO&apos;,&apos;Financial Intermediary&apos;)&#xD;&#xA;and ((Client_Group_C=&apos;Australia&apos; and BillingCountry is NULL) OR (Client_Group_C is NOT NULL and BillingCountry = &apos;Australia&apos;))&#xD;&#xA;and BillingCountry is not null&#xD;&#xA;group by &#xD;&#xA; po.id&#xD;&#xA;,po.CreatedDate&#xD;&#xA;,po.CreatedByAlias&#xD;&#xA;,po.LastModifiedDate&#xD;&#xA;,po.LastModifiedByAlias&#xD;&#xA;,case when po.Status__c = &apos;Active&apos; then &apos;Active&apos; else &apos;Inactive&apos; end &#xD;&#xA;,po.Direct__c&#xD;&#xA;,CASE WHEN po.RecordTypeName in( &apos;NT Advisory Office RO&apos;,&apos;Retail Office RO&apos;,&#xD;&#xA;&apos;CIAM Office RO&apos;,&apos;Financial Intermediary&apos;) then  &apos;Y&apos; else &apos;N&apos; END&#xD;&#xA;union&#xD;&#xA;---CAR Mailing Address&#xD;&#xA;SELECT &#xD;&#xA;concat(po.Id,&apos;|MAILADDR&apos;) id&#xD;&#xA;,po.CreatedDate&#xD;&#xA;,po.CreatedByAlias&#xD;&#xA;,po.LastModifiedDate&#xD;&#xA;,po.LastModifiedByAlias&#xD;&#xA;,max(pr.Role_End_Date__c)&#xD;&#xA;,case when po.Status__c = &apos;Active&apos; then &apos;Active&apos; else &apos;Inactive&apos; end &#xD;&#xA;,po.Direct__c&#xD;&#xA;,CASE WHEN po.RecordTypeName in (&apos;NT Advisory Office RO&apos;,&apos;Retail Office RO&apos;,&#xD;&#xA;&apos;CIAM Office RO&apos;,&apos;Financial Intermediary&apos;) &#xD;&#xA;then  &apos;Y&apos; else &apos;N&apos; END AS DEFERRED_OWNERSHIP_IND&#xD;&#xA;FROM&#xD;&#xA;pre_land_sfdc_org_office_role pr&#xD;&#xA;inner join pre_land_sfdc_office po&#xD;&#xA;on pr.account_name__c = po.id&#xD;&#xA;where po.RecordTypeName in (&apos;Financial Institutions Office&apos;,&#xD;&#xA;&apos;Institutional Client Office&apos;,&#xD;&#xA;&apos;Institutional Consultant Office&apos;,&#xD;&#xA;&apos;Institutional Other Intermediary Office&apos;&#xD;&#xA;,&apos;NT Advisory Office RO&apos;,&apos;Retail Office RO&apos;,&#xD;&#xA;&apos;CIAM Office RO&apos;,&apos;Financial Intermediary&apos;)&#xD;&#xA;and ((Client_Group_C=&apos;Australia&apos; and BillingCountry is NULL) OR (Client_Group_C is NOT NULL and BillingCountry = &apos;Australia&apos;))&#xD;&#xA;and ShipingCountry is not null&#xD;&#xA;AND (&#xD;&#xA;shippingstreet IS NOT NULL&#xD;&#xA;OR shippingcity IS NOT NULL&#xD;&#xA;OR shippingstate IS NOT NULL&#xD;&#xA;OR shippingpostalcode IS NOT NULL&#xD;&#xA;)&#xD;&#xA;group by &#xD;&#xA; po.id&#xD;&#xA;,po.CreatedDate&#xD;&#xA;,po.CreatedByAlias&#xD;&#xA;,po.LastModifiedDate&#xD;&#xA;,po.LastModifiedByAlias&#xD;&#xA;,case when po.Status__c = &apos;Active&apos; then &apos;Active&apos; else &apos;Inactive&apos; end &#xD;&#xA;,po.Direct__c&#xD;&#xA;,CASE WHEN po.RecordTypeName in( &apos;NT Advisory Office RO&apos;,&apos;Retail Office RO&apos;,&#xD;&#xA;&apos;CIAM Office RO&apos;,&apos;Financial Intermediary&apos;) then  &apos;Y&apos; else &apos;N&apos; END&#xD;&#xA;&#xD;&#xA;union&#xD;&#xA;---LIC Business&#xD;&#xA;SELECT &#xD;&#xA;concat(org.Id,&apos;|BUSSADDR&apos;) id&#xD;&#xA;,org.CreatedDate&#xD;&#xA;,org.CreatedByAlias&#xD;&#xA;,org.LastModifiedDate&#xD;&#xA;,org.LastModifiedByAlias&#xD;&#xA;,max(pr.Role_End_Date__c)&#xD;&#xA;,case when org.Status__c = &apos;Active&apos; then &apos;Active&apos; else &apos;Inactive&apos; end &#xD;&#xA;,Null Direct__c&#xD;&#xA;,CASE WHEN po.RecordTypeName in (&apos;NT Advisory Office RO&apos;,&apos;Retail Office RO&apos;,&#xD;&#xA;&apos;CIAM Office RO&apos;,&apos;Financial Intermediary&apos;) &#xD;&#xA;then  &apos;Y&apos; else &apos;N&apos; END AS DEFERRED_OWNERSHIP_IND&#xD;&#xA;FROM&#xD;&#xA;pre_land_sfdc_organization org&#xD;&#xA;inner join &#xD;&#xA;pre_land_sfdc_org_office_role pr&#xD;&#xA;on pr.account_name__c = org.id&#xD;&#xA;left join pre_land_sfdc_office po&#xD;&#xA;on org.id = po.ParentId&#xD;&#xA;where po.RecordTypeName in (&apos;Financial Institutions Office&apos;,&#xD;&#xA;&apos;Institutional Client Office&apos;,&#xD;&#xA;&apos;Institutional Consultant Office&apos;,&#xD;&#xA;&apos;Institutional Other Intermediary Office&apos;&#xD;&#xA;,&apos;NT Advisory Office RO&apos;,&apos;Retail Office RO&apos;,&#xD;&#xA;&apos;CIAM Office RO&apos;,&apos;Financial Intermediary&apos;)&#xD;&#xA;and ((po.Client_Group_C=&apos;Australia&apos; and po.BillingCountry is NULL) OR (po.Client_Group_C is NOT NULL and po.BillingCountry = &apos;Australia&apos;))&#xD;&#xA;and org.BillingCountry is not null&#xD;&#xA;group by &#xD;&#xA; org.id&#xD;&#xA;,org.CreatedDate&#xD;&#xA;,org.CreatedByAlias&#xD;&#xA;,org.LastModifiedDate&#xD;&#xA;,org.LastModifiedByAlias&#xD;&#xA;,case when org.Status__c = &apos;Active&apos; then &apos;Active&apos; else &apos;Inactive&apos; end &#xD;&#xA;,Direct__c&#xD;&#xA;,CASE WHEN po.RecordTypeName in( &apos;NT Advisory Office RO&apos;,&apos;Retail Office RO&apos;,&#xD;&#xA;&apos;CIAM Office RO&apos;,&apos;Financial Intermediary&apos;) then  &apos;Y&apos; else &apos;N&apos; END&#xD;&#xA;union&#xD;&#xA;---LIC MAILING&#xD;&#xA;SELECT &#xD;&#xA;concat(org.Id,&apos;|MAILADDR&apos;) id&#xD;&#xA;,org.CreatedDate&#xD;&#xA;,org.CreatedByAlias&#xD;&#xA;,org.LastModifiedDate&#xD;&#xA;,org.LastModifiedByAlias&#xD;&#xA;,max(pr.Role_End_Date__c)&#xD;&#xA;,case when org.Status__c = &apos;Active&apos; then &apos;Active&apos; else &apos;Inactive&apos; end &#xD;&#xA;,Null Direct__c&#xD;&#xA;,CASE WHEN po.RecordTypeName in (&apos;NT Advisory Office RO&apos;,&apos;Retail Office RO&apos;,&#xD;&#xA;&apos;CIAM Office RO&apos;,&apos;Financial Intermediary&apos;) &#xD;&#xA;then  &apos;Y&apos; else &apos;N&apos; END AS DEFERRED_OWNERSHIP_IND&#xD;&#xA;FROM&#xD;&#xA;pre_land_sfdc_organization org&#xD;&#xA;inner join &#xD;&#xA;pre_land_sfdc_org_office_role pr&#xD;&#xA;on pr.account_name__c = org.id&#xD;&#xA;left join pre_land_sfdc_office po&#xD;&#xA;on org.id = po.ParentId&#xD;&#xA;where po.RecordTypeName in (&apos;Financial Institutions Office&apos;,&#xD;&#xA;&apos;Institutional Client Office&apos;,&#xD;&#xA;&apos;Institutional Consultant Office&apos;,&#xD;&#xA;&apos;Institutional Other Intermediary Office&apos;&#xD;&#xA;,&apos;NT Advisory Office RO&apos;,&apos;Retail Office RO&apos;,&#xD;&#xA;&apos;CIAM Office RO&apos;,&apos;Financial Intermediary&apos;)&#xD;&#xA;and ((po.Client_Group_C=&apos;Australia&apos; and po.BillingCountry is NULL) OR (po.Client_Group_C is NOT NULL and po.BillingCountry = &apos;Australia&apos;))&#xD;&#xA;and org.ShippingCountry is not null&#xD;&#xA;AND (&#xD;&#xA;org.shippingstreet IS NOT NULL&#xD;&#xA;OR org.shippingcity IS NOT NULL&#xD;&#xA;OR org.shippingstate IS NOT NULL&#xD;&#xA;OR org.shippingpostalcode IS NOT NULL&#xD;&#xA;)&#xD;&#xA;group by &#xD;&#xA; org.id&#xD;&#xA;,org.CreatedDate&#xD;&#xA;,org.CreatedByAlias&#xD;&#xA;,org.LastModifiedDate&#xD;&#xA;,org.LastModifiedByAlias&#xD;&#xA;,case when org.Status__c = &apos;Active&apos; then &apos;Active&apos; else &apos;Inactive&apos; end &#xD;&#xA;,Direct__c&#xD;&#xA;,CASE WHEN po.RecordTypeName in( &apos;NT Advisory Office RO&apos;,&apos;Retail Office RO&apos;,&#xD;&#xA;&apos;CIAM Office RO&apos;,&apos;Financial Intermediary&apos;) then  &apos;Y&apos; else &apos;N&apos; END"/>
            </SESSTRANSFORMATIONINST>
            <SESSTRANSFORMATIONINST ISREPARTITIONPOINT ="NO" PIPELINE ="0" SINSTANCENAME ="pre_land_sfdc_org_office_role_SFDC" STAGE ="0" TRANSFORMATIONNAME ="pre_land_sfdc_org_office_role_SFDC" TRANSFORMATIONTYPE ="Source Definition"/>
            <SESSTRANSFORMATIONINST ISREPARTITIONPOINT ="NO" PIPELINE ="1" SINSTANCENAME ="exp_lookup_values1" STAGE ="2" TRANSFORMATIONNAME ="exp_lookup_values1" TRANSFORMATIONTYPE ="Expression">
                <PARTITION DESCRIPTION ="" NAME ="Partition #1"/>
            </SESSTRANSFORMATIONINST>
            <SESSTRANSFORMATIONINST ISREPARTITIONPOINT ="NO" PIPELINE ="0" SINSTANCENAME ="lkp_values" STAGE ="0" TRANSFORMATIONNAME ="lkp_values" TRANSFORMATIONTYPE ="Lookup Procedure">
                <ATTRIBUTE NAME ="Connection Information" VALUE ="$Source"/>
            </SESSTRANSFORMATIONINST>
            <SESSTRANSFORMATIONINST ISREPARTITIONPOINT ="NO" PIPELINE ="1" SINSTANCENAME ="FILTRANS" STAGE ="2" TRANSFORMATIONNAME ="FILTRANS" TRANSFORMATIONTYPE ="Filter">
                <PARTITION DESCRIPTION ="" NAME ="Partition #1"/>
            </SESSTRANSFORMATIONINST>
            <CONFIGREFERENCE REFOBJECTNAME ="default_session_config" TYPE ="Session config">
                <ATTRIBUTE NAME ="Stop on errors" VALUE ="1"/>
            </CONFIGREFERENCE>
            <SESSIONEXTENSION NAME ="Relational Writer" SINSTANCENAME ="TODAY_PARTY_ROLE_XFORM_SFDC" SUBTYPE ="Relational Writer" TRANSFORMATIONTYPE ="Target Definition" TYPE ="WRITER">
                <CONNECTIONREFERENCE CNXREFNAME ="DB Connection" CONNECTIONNAME ="" CONNECTIONNUMBER ="1" CONNECTIONSUBTYPE ="" CONNECTIONTYPE ="Relational" VARIABLE ="$Source"/>
                <ATTRIBUTE NAME ="Target load type" VALUE ="Bulk"/>
                <ATTRIBUTE NAME ="Insert" VALUE ="YES"/>
                <ATTRIBUTE NAME ="Update as Update" VALUE ="YES"/>
                <ATTRIBUTE NAME ="Update as Insert" VALUE ="NO"/>
                <ATTRIBUTE NAME ="Update else Insert" VALUE ="NO"/>
                <ATTRIBUTE NAME ="Enable array upsert or update" VALUE ="NO"/>
                <ATTRIBUTE NAME ="Delete" VALUE ="YES"/>
                <ATTRIBUTE NAME ="Truncate target table option" VALUE ="NO"/>
                <ATTRIBUTE NAME ="Reject file directory" VALUE ="$PMBadFileDir&#x5c;cdm&#x5c;"/>
                <ATTRIBUTE NAME ="Reject filename" VALUE ="c_ldg_party_role_nonsfdc1.bad"/>
            </SESSIONEXTENSION>
            <SESSIONEXTENSION NAME ="Relational Lookup" SINSTANCENAME ="TODAY_PARTY_XFORM_LOOKUP" SUBTYPE ="Relational Lookup" TRANSFORMATIONTYPE ="Lookup Procedure" TYPE ="LOOKUPEXTENSION">
                <CONNECTIONREFERENCE CNXREFNAME ="DB Connection" CONNECTIONNAME ="" CONNECTIONNUMBER ="1" CONNECTIONSUBTYPE ="" CONNECTIONTYPE ="Relational" VARIABLE ="$Source"/>
            </SESSIONEXTENSION>
            <SESSIONEXTENSION NAME ="Relational Reader" SINSTANCENAME ="SQ_pre_land_sfdc_org_office_role_SFDC" SUBTYPE ="Relational Reader" TRANSFORMATIONTYPE ="Source Qualifier" TYPE ="READER">
                <CONNECTIONREFERENCE CNXREFNAME ="DB Connection" CONNECTIONNAME ="" CONNECTIONNUMBER ="1" CONNECTIONSUBTYPE ="" CONNECTIONTYPE ="Relational" VARIABLE ="$Source"/>
            </SESSIONEXTENSION>
            <SESSIONEXTENSION DSQINSTNAME ="SQ_pre_land_sfdc_org_office_role_SFDC" DSQINSTTYPE ="Source Qualifier" NAME ="Relational Reader" SINSTANCENAME ="pre_land_sfdc_org_office_role_SFDC" SUBTYPE ="Relational Reader" TRANSFORMATIONTYPE ="Source Definition" TYPE ="READER"/>
            <SESSIONEXTENSION NAME ="Relational Lookup" SINSTANCENAME ="lkp_values" SUBTYPE ="Relational Lookup" TRANSFORMATIONTYPE ="Lookup Procedure" TYPE ="LOOKUPEXTENSION">
                <CONNECTIONREFERENCE CNXREFNAME ="DB Connection" CONNECTIONNAME ="" CONNECTIONNUMBER ="1" CONNECTIONSUBTYPE ="" CONNECTIONTYPE ="Relational" VARIABLE ="$Source"/>
            </SESSIONEXTENSION>
            <ATTRIBUTE NAME ="General Options" VALUE =""/>
            <ATTRIBUTE NAME ="Write Backward Compatible Session Log File" VALUE ="YES"/>
            <ATTRIBUTE NAME ="Session Log File Name" VALUE ="s_landing_sfdc_to_cdm_office_party_role.log"/>
            <ATTRIBUTE NAME ="Session Log File directory" VALUE ="$PMSessionLogDir&#x5c;cdm&#x5c;"/>
            <ATTRIBUTE NAME ="Parameter Filename" VALUE =""/>
            <ATTRIBUTE NAME ="Enable Test Load" VALUE ="NO"/>
            <ATTRIBUTE NAME ="$Source connection value" VALUE ="Relational:CDM_PRE_LANDING_DEV3"/>
            <ATTRIBUTE NAME ="$Target connection value" VALUE =""/>
            <ATTRIBUTE NAME ="Treat source rows as" VALUE ="Insert"/>
            <ATTRIBUTE NAME ="Commit Type" VALUE ="Target"/>
            <ATTRIBUTE NAME ="Commit Interval" VALUE ="10000"/>
            <ATTRIBUTE NAME ="Commit On End Of File" VALUE ="YES"/>
            <ATTRIBUTE NAME ="Rollback Transactions on Errors" VALUE ="NO"/>
            <ATTRIBUTE NAME ="Recovery Strategy" VALUE ="Fail task and continue workflow"/>
            <ATTRIBUTE NAME ="Java Classpath" VALUE =""/>
            <ATTRIBUTE NAME ="Performance" VALUE =""/>
            <ATTRIBUTE NAME ="DTM buffer size" VALUE ="Auto"/>
            <ATTRIBUTE NAME ="Collect performance data" VALUE ="NO"/>
            <ATTRIBUTE NAME ="Write performance data to repository" VALUE ="NO"/>
            <ATTRIBUTE NAME ="Incremental Aggregation" VALUE ="NO"/>
            <ATTRIBUTE NAME ="Enable high precision" VALUE ="NO"/>
            <ATTRIBUTE NAME ="Session retry on deadlock" VALUE ="NO"/>
            <ATTRIBUTE NAME ="Pushdown Optimization" VALUE ="None"/>
            <ATTRIBUTE NAME ="Allow Temporary View for Pushdown" VALUE ="NO"/>
            <ATTRIBUTE NAME ="Allow Temporary Sequence for Pushdown" VALUE ="NO"/>
            <ATTRIBUTE NAME ="Allow Pushdown for User Incompatible Connections" VALUE ="NO"/>
        </SESSION>
        <TASKINSTANCE DESCRIPTION ="" FAIL_PARENT_IF_INSTANCE_DID_NOT_RUN ="YES" FAIL_PARENT_IF_INSTANCE_FAILS ="YES" ISENABLED ="YES" NAME ="s_landing_sfdc_to_cdm_office_party_role" REUSABLE ="NO" TASKNAME ="s_landing_sfdc_to_cdm_office_party_role" TASKTYPE ="Session" TREAT_INPUTLINK_AS_AND ="YES"/>
        <TASKINSTANCE DESCRIPTION ="" ISENABLED ="YES" NAME ="Start" REUSABLE ="NO" TASKNAME ="Start" TASKTYPE ="Start"/>
        <WORKFLOWLINK CONDITION ="" FROMTASK ="Start" TOTASK ="s_landing_sfdc_to_cdm_office_party_role"/>
        <WORKFLOWVARIABLE DATATYPE ="date/time" DEFAULTVALUE ="" DESCRIPTION ="The time this task started" ISNULL ="NO" ISPERSISTENT ="NO" NAME ="$s_landing_sfdc_to_cdm_office_party_role.StartTime" USERDEFINED ="NO"/>
        <WORKFLOWVARIABLE DATATYPE ="date/time" DEFAULTVALUE ="" DESCRIPTION ="The time this task completed" ISNULL ="NO" ISPERSISTENT ="NO" NAME ="$s_landing_sfdc_to_cdm_office_party_role.EndTime" USERDEFINED ="NO"/>
        <WORKFLOWVARIABLE DATATYPE ="integer" DEFAULTVALUE ="" DESCRIPTION ="Status of this task&apos;s execution" ISNULL ="NO" ISPERSISTENT ="NO" NAME ="$s_landing_sfdc_to_cdm_office_party_role.Status" USERDEFINED ="NO"/>
        <WORKFLOWVARIABLE DATATYPE ="integer" DEFAULTVALUE ="" DESCRIPTION ="Status of the previous task that is not disabled" ISNULL ="NO" ISPERSISTENT ="NO" NAME ="$s_landing_sfdc_to_cdm_office_party_role.PrevTaskStatus" USERDEFINED ="NO"/>
        <WORKFLOWVARIABLE DATATYPE ="integer" DEFAULTVALUE ="" DESCRIPTION ="Error code for this task&apos;s execution" ISNULL ="NO" ISPERSISTENT ="NO" NAME ="$s_landing_sfdc_to_cdm_office_party_role.ErrorCode" USERDEFINED ="NO"/>
        <WORKFLOWVARIABLE DATATYPE ="string" DEFAULTVALUE ="" DESCRIPTION ="Error message for this task&apos;s execution" ISNULL ="NO" ISPERSISTENT ="NO" NAME ="$s_landing_sfdc_to_cdm_office_party_role.ErrorMsg" USERDEFINED ="NO"/>
        <WORKFLOWVARIABLE DATATYPE ="bigint" DEFAULTVALUE ="" DESCRIPTION ="Rows successfully read" ISNULL ="NO" ISPERSISTENT ="NO" NAME ="$s_landing_sfdc_to_cdm_office_party_role.SrcSuccessRows" USERDEFINED ="NO"/>
        <WORKFLOWVARIABLE DATATYPE ="bigint" DEFAULTVALUE ="" DESCRIPTION ="Rows failed to read" ISNULL ="NO" ISPERSISTENT ="NO" NAME ="$s_landing_sfdc_to_cdm_office_party_role.SrcFailedRows" USERDEFINED ="NO"/>
        <WORKFLOWVARIABLE DATATYPE ="bigint" DEFAULTVALUE ="" DESCRIPTION ="Rows successfully loaded" ISNULL ="NO" ISPERSISTENT ="NO" NAME ="$s_landing_sfdc_to_cdm_office_party_role.TgtSuccessRows" USERDEFINED ="NO"/>
        <WORKFLOWVARIABLE DATATYPE ="bigint" DEFAULTVALUE ="" DESCRIPTION ="Rows failed to load" ISNULL ="NO" ISPERSISTENT ="NO" NAME ="$s_landing_sfdc_to_cdm_office_party_role.TgtFailedRows" USERDEFINED ="NO"/>
        <WORKFLOWVARIABLE DATATYPE ="integer" DEFAULTVALUE ="" DESCRIPTION ="Total number of transformation errors" ISNULL ="NO" ISPERSISTENT ="NO" NAME ="$s_landing_sfdc_to_cdm_office_party_role.TotalTransErrors" USERDEFINED ="NO"/>
        <WORKFLOWVARIABLE DATATYPE ="integer" DEFAULTVALUE ="" DESCRIPTION ="First error code" ISNULL ="NO" ISPERSISTENT ="NO" NAME ="$s_landing_sfdc_to_cdm_office_party_role.FirstErrorCode" USERDEFINED ="NO"/>
        <WORKFLOWVARIABLE DATATYPE ="string" DEFAULTVALUE ="" DESCRIPTION ="First error message" ISNULL ="NO" ISPERSISTENT ="NO" NAME ="$s_landing_sfdc_to_cdm_office_party_role.FirstErrorMsg" USERDEFINED ="NO"/>
        <WORKFLOWVARIABLE DATATYPE ="date/time" DEFAULTVALUE ="" DESCRIPTION ="The time this task started" ISNULL ="NO" ISPERSISTENT ="NO" NAME ="$Start.StartTime" USERDEFINED ="NO"/>
        <WORKFLOWVARIABLE DATATYPE ="date/time" DEFAULTVALUE ="" DESCRIPTION ="The time this task completed" ISNULL ="NO" ISPERSISTENT ="NO" NAME ="$Start.EndTime" USERDEFINED ="NO"/>
        <WORKFLOWVARIABLE DATATYPE ="integer" DEFAULTVALUE ="" DESCRIPTION ="Status of this task&apos;s execution" ISNULL ="NO" ISPERSISTENT ="NO" NAME ="$Start.Status" USERDEFINED ="NO"/>
        <WORKFLOWVARIABLE DATATYPE ="integer" DEFAULTVALUE ="" DESCRIPTION ="Status of the previous task that is not disabled" ISNULL ="NO" ISPERSISTENT ="NO" NAME ="$Start.PrevTaskStatus" USERDEFINED ="NO"/>
        <WORKFLOWVARIABLE DATATYPE ="integer" DEFAULTVALUE ="" DESCRIPTION ="Error code for this task&apos;s execution" ISNULL ="NO" ISPERSISTENT ="NO" NAME ="$Start.ErrorCode" USERDEFINED ="NO"/>
        <WORKFLOWVARIABLE DATATYPE ="string" DEFAULTVALUE ="" DESCRIPTION ="Error message for this task&apos;s execution" ISNULL ="NO" ISPERSISTENT ="NO" NAME ="$Start.ErrorMsg" USERDEFINED ="NO"/>
        <ATTRIBUTE NAME ="Parameter Filename" VALUE =""/>
        <ATTRIBUTE NAME ="Write Backward Compatible Workflow Log File" VALUE ="YES"/>
        <ATTRIBUTE NAME ="Workflow Log File Name" VALUE ="wf_landing_sfdc_to_cdm_office_party_role.log"/>
        <ATTRIBUTE NAME ="Workflow Log File Directory" VALUE ="$PMWorkflowLogDir&#x5c;cdm&#x5c;"/>
        <ATTRIBUTE NAME ="Save Workflow log by" VALUE ="By runs"/>
        <ATTRIBUTE NAME ="Save workflow log for these runs" VALUE ="0"/>
        <ATTRIBUTE NAME ="Service Name" VALUE =""/>
        <ATTRIBUTE NAME ="Service Timeout" VALUE ="0"/>
        <ATTRIBUTE NAME ="Is Service Visible" VALUE ="NO"/>
        <ATTRIBUTE NAME ="Is Service Protected" VALUE ="NO"/>
        <ATTRIBUTE NAME ="Fail task after wait time" VALUE ="0"/>
        <ATTRIBUTE NAME ="Enable HA recovery" VALUE ="NO"/>
        <ATTRIBUTE NAME ="Automatically recover terminated tasks" VALUE ="NO"/>
        <ATTRIBUTE NAME ="Service Level Name" VALUE ="Default"/>
        <ATTRIBUTE NAME ="Allow concurrent run with unique run instance name" VALUE ="NO"/>
        <ATTRIBUTE NAME ="Allow concurrent run with same run instance name" VALUE ="NO"/>
        <ATTRIBUTE NAME ="Maximum number of concurrent runs" VALUE ="0"/>
        <ATTRIBUTE NAME ="Assigned Web Services Hubs" VALUE =""/>
        <ATTRIBUTE NAME ="Maximum number of concurrent runs per Hub" VALUE ="1000"/>
        <ATTRIBUTE NAME ="Expected Service Time" VALUE ="1"/>
    </WORKFLOW>
</FOLDER>
</REPOSITORY>
</POWERMART>