<?xml version="1.0" encoding="UTF-8"?>
<POWERMART CREATION_DATE="08/12/2023 12:30:45" REPOSITORY_VERSION="186.95">
<REPOSITORY NAME="REP_DEV" VERSION="186" CODEPAGE="UTF-8" DATABASETYPE="Oracle">
<FOLDER NAME="SAMPLE_FOLDER" GROUP="ETL_DEVELOPERS" OWNER="ADMIN" SHARED="SHARED" DESCRIPTION="Sample folder" PERMISSIONS="rwx---r--" UUID="86f91f2d-e03d-4f58-b0a4-7c45c3e3756e">
<MAPPING DESCRIPTION="Sample Mapping" ISVALID="YES" NAME="m_sample_mapping" OBJECTVERSION="1" VERSIONNUMBER="1">
<TRANSFORMATION DESCRIPTION="Source Qualifier" NAME="SQ_SOURCE_TABLE" OBJECTVERSION="1" REUSABLE="NO" TYPE="Source Qualifier" VERSIONNUMBER="1">
<TRANSFORMFIELD DATATYPE="decimal" DEFAULTVALUE="" DESCRIPTION="" NAME="CUSTOMER_ID" PICTURETEXT="" PORTTYPE="INPUT/OUTPUT" PRECISION="10" SCALE="0"/>
<TRANSFORMFIELD DATATYPE="string" DEFAULTVALUE="" DESCRIPTION="" NAME="CUSTOMER_NAME" PICTURETEXT="" PORTTYPE="INPUT/OUTPUT" PRECISION="50" SCALE="0"/>
<TRANSFORMFIELD DATATYPE="string" DEFAULTVALUE="" DESCRIPTION="" NAME="EMAIL" PICTURETEXT="" PORTTYPE="INPUT/OUTPUT" PRECISION="100" SCALE="0"/>
<TRANSFORMFIELD DATATYPE="date/time" DEFAULTVALUE="" DESCRIPTION="" NAME="REGISTRATION_DATE" PICTURETEXT="" PORTTYPE="INPUT/OUTPUT" PRECISION="29" SCALE="9"/>
</TRANSFORMATION>
<TRANSFORMATION DESCRIPTION="Expression Transformation" NAME="EXP_TRANSFORM" OBJECTVERSION="1" REUSABLE="NO" TYPE="Expression" VERSIONNUMBER="1">
<TRANSFORMFIELD DATATYPE="decimal" DEFAULTVALUE="" DESCRIPTION="" EXPRESSION="SQ_SOURCE_TABLE.CUSTOMER_ID" NAME="CUSTOMER_ID" PICTURETEXT="" PORTTYPE="INPUT/OUTPUT" PRECISION="10" SCALE="0"/>
<TRANSFORMFIELD DATATYPE="string" DEFAULTVALUE="" DESCRIPTION="" EXPRESSION="UPPER(SQ_SOURCE_TABLE.CUSTOMER_NAME)" NAME="CUSTOMER_NAME" PICTURETEXT="" PORTTYPE="OUTPUT" PRECISION="50" SCALE="0"/>
<TRANSFORMFIELD DATATYPE="string" DEFAULTVALUE="" DESCRIPTION="" EXPRESSION="SQ_SOURCE_TABLE.EMAIL" NAME="EMAIL" PICTURETEXT="" PORTTYPE="INPUT/OUTPUT" PRECISION="100" SCALE="0"/>
<TRANSFORMFIELD DATATYPE="date/time" DEFAULTVALUE="" DESCRIPTION="" EXPRESSION="SQ_SOURCE_TABLE.REGISTRATION_DATE" NAME="REGISTRATION_DATE" PICTURETEXT="" PORTTYPE="INPUT/OUTPUT" PRECISION="29" SCALE="9"/>
<TRANSFORMFIELD DATATYPE="string" DEFAULTVALUE="" DESCRIPTION="" EXPRESSION="TO_CHAR(SQ_SOURCE_TABLE.REGISTRATION_DATE, 'YYYY-MM-DD')" NAME="REGISTRATION_DATE_STR" PICTURETEXT="" PORTTYPE="OUTPUT" PRECISION="10" SCALE="0"/>
<TRANSFORMFIELD DATATYPE="integer" DEFAULTVALUE="" DESCRIPTION="Calculated data quality score" EXPRESSION="DECODE(ISNULL(SQ_SOURCE_TABLE.EMAIL), TRUE, 50, 100)" NAME="DQ_SCORE" PICTURETEXT="" PORTTYPE="OUTPUT" PRECISION="10" SCALE="0"/>
</TRANSFORMATION>
<TRANSFORMATION DESCRIPTION="Router Transformation" NAME="RTR_FILTER" OBJECTVERSION="1" REUSABLE="NO" TYPE="Router" VERSIONNUMBER="1">
<TRANSFORMFIELD DATATYPE="decimal" DEFAULTVALUE="" DESCRIPTION="" NAME="CUSTOMER_ID" PICTURETEXT="" PORTTYPE="INPUT/OUTPUT" PRECISION="10" SCALE="0"/>
<TRANSFORMFIELD DATATYPE="string" DEFAULTVALUE="" DESCRIPTION="" NAME="CUSTOMER_NAME" PICTURETEXT="" PORTTYPE="INPUT/OUTPUT" PRECISION="50" SCALE="0"/>
<TRANSFORMFIELD DATATYPE="string" DEFAULTVALUE="" DESCRIPTION="" NAME="EMAIL" PICTURETEXT="" PORTTYPE="INPUT/OUTPUT" PRECISION="100" SCALE="0"/>
<TRANSFORMFIELD DATATYPE="date/time" DEFAULTVALUE="" DESCRIPTION="" NAME="REGISTRATION_DATE" PICTURETEXT="" PORTTYPE="INPUT/OUTPUT" PRECISION="29" SCALE="9"/>
<TRANSFORMFIELD DATATYPE="string" DEFAULTVALUE="" DESCRIPTION="" NAME="REGISTRATION_DATE_STR" PICTURETEXT="" PORTTYPE="INPUT/OUTPUT" PRECISION="10" SCALE="0"/>
<TRANSFORMFIELD DATATYPE="integer" DEFAULTVALUE="" DESCRIPTION="" NAME="DQ_SCORE" PICTURETEXT="" PORTTYPE="INPUT/OUTPUT" PRECISION="10" SCALE="0"/>
<GROUP DESCRIPTION="Valid customers" EXPRESSION="DQ_SCORE = 100" NAME="VALID_CUSTOMERS"/>
<GROUP DESCRIPTION="Invalid customers" EXPRESSION="DQ_SCORE &lt; 100" NAME="INVALID_CUSTOMERS"/>
</TRANSFORMATION>
<INSTANCE DESCRIPTION="" NAME="SOURCE_TABLE" TRANSFORMATION_NAME="SOURCE_TABLE" TRANSFORMATION_TYPE="Source Definition" TYPE="TRANSFORMATION"/>
<INSTANCE DESCRIPTION="" NAME="SQ_SOURCE_TABLE" TRANSFORMATION_NAME="SQ_SOURCE_TABLE" TRANSFORMATION_TYPE="Source Qualifier" TYPE="TRANSFORMATION"/>
<INSTANCE DESCRIPTION="" NAME="TARGET_VALID" TRANSFORMATION_NAME="TARGET_VALID" TRANSFORMATION_TYPE="Target Definition" TYPE="TRANSFORMATION"/>
<INSTANCE DESCRIPTION="" NAME="TARGET_INVALID" TRANSFORMATION_NAME="TARGET_INVALID" TRANSFORMATION_TYPE="Target Definition" TYPE="TRANSFORMATION"/>
<INSTANCE DESCRIPTION="" NAME="EXP_TRANSFORM" TRANSFORMATION_NAME="EXP_TRANSFORM" TRANSFORMATION_TYPE="Expression" TYPE="TRANSFORMATION"/>
<INSTANCE DESCRIPTION="" NAME="RTR_FILTER" TRANSFORMATION_NAME="RTR_FILTER" TRANSFORMATION_TYPE="Router" TYPE="TRANSFORMATION"/>
<CONNECTOR FROMFIELD="CUSTOMER_ID" FROMINSTANCE="SQ_SOURCE_TABLE" FROMINSTANCETYPE="Source Qualifier" TOFIELD="CUSTOMER_ID" TOINSTANCE="EXP_TRANSFORM" TOINSTANCETYPE="Expression"/>
<CONNECTOR FROMFIELD="CUSTOMER_NAME" FROMINSTANCE="SQ_SOURCE_TABLE" FROMINSTANCETYPE="Source Qualifier" TOFIELD="CUSTOMER_NAME" TOINSTANCE="EXP_TRANSFORM" TOINSTANCETYPE="Expression"/>
<CONNECTOR FROMFIELD="EMAIL" FROMINSTANCE="SQ_SOURCE_TABLE" FROMINSTANCETYPE="Source Qualifier" TOFIELD="EMAIL" TOINSTANCE="EXP_TRANSFORM" TOINSTANCETYPE="Expression"/>
<CONNECTOR FROMFIELD="REGISTRATION_DATE" FROMINSTANCE="SQ_SOURCE_TABLE" FROMINSTANCETYPE="Source Qualifier" TOFIELD="REGISTRATION_DATE" TOINSTANCE="EXP_TRANSFORM" TOINSTANCETYPE="Expression"/>
<CONNECTOR FROMFIELD="CUSTOMER_ID" FROMINSTANCE="EXP_TRANSFORM" FROMINSTANCETYPE="Expression" TOFIELD="CUSTOMER_ID" TOINSTANCE="RTR_FILTER" TOINSTANCETYPE="Router"/>
<CONNECTOR FROMFIELD="CUSTOMER_NAME" FROMINSTANCE="EXP_TRANSFORM" FROMINSTANCETYPE="Expression" TOFIELD="CUSTOMER_NAME" TOINSTANCE="RTR_FILTER" TOINSTANCETYPE="Router"/>
<CONNECTOR FROMFIELD="EMAIL" FROMINSTANCE="EXP_TRANSFORM" FROMINSTANCETYPE="Expression" TOFIELD="EMAIL" TOINSTANCE="RTR_FILTER" TOINSTANCETYPE="Router"/>
<CONNECTOR FROMFIELD="REGISTRATION_DATE" FROMINSTANCE="EXP_TRANSFORM" FROMINSTANCETYPE="Expression" TOFIELD="REGISTRATION_DATE" TOINSTANCE="RTR_FILTER" TOINSTANCETYPE="Router"/>
<CONNECTOR FROMFIELD="REGISTRATION_DATE_STR" FROMINSTANCE="EXP_TRANSFORM" FROMINSTANCETYPE="Expression" TOFIELD="REGISTRATION_DATE_STR" TOINSTANCE="RTR_FILTER" TOINSTANCETYPE="Router"/>
<CONNECTOR FROMFIELD="DQ_SCORE" FROMINSTANCE="EXP_TRANSFORM" FROMINSTANCETYPE="Expression" TOFIELD="DQ_SCORE" TOINSTANCE="RTR_FILTER" TOINSTANCETYPE="Router"/>
<CONNECTOR FROMFIELD="CUSTOMER_ID" FROMINSTANCE="RTR_FILTER" FROMINSTANCETYPE="Router" TOFIELD="CUSTOMER_ID" TOINSTANCE="TARGET_VALID" TOINSTANCETYPE="Target Definition" GROUP="VALID_CUSTOMERS"/>
<CONNECTOR FROMFIELD="CUSTOMER_NAME" FROMINSTANCE="RTR_FILTER" FROMINSTANCETYPE="Router" TOFIELD="CUSTOMER_NAME" TOINSTANCE="TARGET_VALID" TOINSTANCETYPE="Target Definition" GROUP="VALID_CUSTOMERS"/>
<CONNECTOR FROMFIELD="EMAIL" FROMINSTANCE="RTR_FILTER" FROMINSTANCETYPE="Router" TOFIELD="EMAIL" TOINSTANCE="TARGET_VALID" TOINSTANCETYPE="Target Definition" GROUP="VALID_CUSTOMERS"/>
<CONNECTOR FROMFIELD="REGISTRATION_DATE" FROMINSTANCE="RTR_FILTER" FROMINSTANCETYPE="Router" TOFIELD="REGISTRATION_DATE" TOINSTANCE="TARGET_VALID" TOINSTANCETYPE="Target Definition" GROUP="VALID_CUSTOMERS"/>
<CONNECTOR FROMFIELD="CUSTOMER_ID" FROMINSTANCE="RTR_FILTER" FROMINSTANCETYPE="Router" TOFIELD="CUSTOMER_ID" TOINSTANCE="TARGET_INVALID" TOINSTANCETYPE="Target Definition" GROUP="INVALID_CUSTOMERS"/>
<CONNECTOR FROMFIELD="CUSTOMER_NAME" FROMINSTANCE="RTR_FILTER" FROMINSTANCETYPE="Router" TOFIELD="CUSTOMER_NAME" TOINSTANCE="TARGET_INVALID" TOINSTANCETYPE="Target Definition" GROUP="INVALID_CUSTOMERS"/>
<CONNECTOR FROMFIELD="EMAIL" FROMINSTANCE="RTR_FILTER" FROMINSTANCETYPE="Router" TOFIELD="EMAIL" TOINSTANCE="TARGET_INVALID" TOINSTANCETYPE="Target Definition" GROUP="INVALID_CUSTOMERS"/>
<CONNECTOR FROMFIELD="DQ_SCORE" FROMINSTANCE="RTR_FILTER" FROMINSTANCETYPE="Router" TOFIELD="DQ_SCORE" TOINSTANCE="TARGET_INVALID" TOINSTANCETYPE="Target Definition" GROUP="INVALID_CUSTOMERS"/>
<SOURCE DBDNAME="CUSTOMER_DB" DATABASETYPE="Oracle" NAME="SOURCE_TABLE" OBJECTVERSION="1" VERSIONNUMBER="1">
<SOURCEFIELD DATATYPE="decimal" DESCRIPTION="Primary key" KEYTYPE="PRIMARY KEY" NAME="CUSTOMER_ID" NULLABLE="NO" PRECISION="10" SCALE="0"/>
<SOURCEFIELD DATATYPE="string" DESCRIPTION="Customer full name" NAME="CUSTOMER_NAME" NULLABLE="NO" PRECISION="50" SCALE="0"/>
<SOURCEFIELD DATATYPE="string" DESCRIPTION="Customer email address" NAME="EMAIL" NULLABLE="YES" PRECISION="100" SCALE="0"/>
<SOURCEFIELD DATATYPE="date/time" DESCRIPTION="When customer registered" NAME="REGISTRATION_DATE" NULLABLE="NO" PRECISION="29" SCALE="9"/>
</SOURCE>
<TARGET DBDNAME="DATA_WAREHOUSE" DATABASETYPE="Oracle" NAME="TARGET_VALID" OBJECTVERSION="1" VERSIONNUMBER="1">
<TARGETFIELD DATATYPE="decimal" DESCRIPTION="Primary key" KEYTYPE="PRIMARY KEY" NAME="CUSTOMER_ID" NULLABLE="NO" PRECISION="10" SCALE="0"/>
<TARGETFIELD DATATYPE="string" DESCRIPTION="Customer full name" NAME="CUSTOMER_NAME" NULLABLE="NO" PRECISION="50" SCALE="0"/>
<TARGETFIELD DATATYPE="string" DESCRIPTION="Customer email address" NAME="EMAIL" NULLABLE="NO" PRECISION="100" SCALE="0"/>
<TARGETFIELD DATATYPE="date/time" DESCRIPTION="When customer registered" NAME="REGISTRATION_DATE" NULLABLE="NO" PRECISION="29" SCALE="9"/>
</TARGET>
<TARGET DBDNAME="DATA_WAREHOUSE" DATABASETYPE="Oracle" NAME="TARGET_INVALID" OBJECTVERSION="1" VERSIONNUMBER="1">
<TARGETFIELD DATATYPE="decimal" DESCRIPTION="Primary key" KEYTYPE="PRIMARY KEY" NAME="CUSTOMER_ID" NULLABLE="NO" PRECISION="10" SCALE="0"/>
<TARGETFIELD DATATYPE="string" DESCRIPTION="Customer full name" NAME="CUSTOMER_NAME" NULLABLE="NO" PRECISION="50" SCALE="0"/>
<TARGETFIELD DATATYPE="string" DESCRIPTION="Customer email address" NAME="EMAIL" NULLABLE="YES" PRECISION="100" SCALE="0"/>
<TARGETFIELD DATATYPE="integer" DESCRIPTION="Data quality score" NAME="DQ_SCORE" NULLABLE="NO" PRECISION="10" SCALE="0"/>
</TARGET>
<TABLEATTRIBUTE NAME="SQL Query" VALUE="SELECT * FROM CUSTOMER_TABLE WHERE REGISTRATION_DATE > ADD_MONTHS(SYSDATE, -12)"/>
</MAPPING>
<WORKFLOW DESCRIPTION="Sample workflow" NAME="WF_SAMPLE_MAPPING" REUSABLE="NO" SCHEDULERNAME="Scheduler" SERVERNAME="Integration_Server" VERSIONNUMBER="1">
<SESSION DESCRIPTION="Session for sample mapping" MAPPINGNAME="m_sample_mapping" NAME="S_m_sample_mapping" REUSABLE="NO" SORTORDER="0" VERSIONNUMBER="1">
</SESSION>
</WORKFLOW>
</FOLDER>
</REPOSITORY>
</POWERMART>
