<?xml version="1.0" encoding="UTF-8"?>
<!-- Informatica proprietary -->
<!DOCTYPE POWERMART SYSTEM "powrmart.dtd">
<POWERMART CREATION_DATE="03/20/2025 12:59:19" REPOSITORY_VERSION="189.98">
<REPOSITORY NAME="pc105_repo_dev2_3" VERSION="189" CODEPAGE="UTF-8" DATABASETYPE="Oracle">
<FOLDER NAME="CDM_DEV3_SFDC" GROUP="" OWNER="Administrator" SHARED="NOTSHARED" DESCRIPTION="" PERMISSIONS="rwx---r--" UUID="5404d1b7-cc63-4bb7-9210-a5b0d9e4e4dc">
    <SOURCE BUSINESSNAME ="" DATABASETYPE ="Microsoft SQL Server" DBDNAME ="CDM_SQL_PRE_LANDING_SRC" DESCRIPTION ="" NAME ="pre_land_sfdc_contact" OBJECTVERSION ="1" OWNERNAME ="dbo" VERSIONNUMBER ="1">
        <SOURCEFIELD BUSINESSNAME ="" DATATYPE ="nvarchar" DESCRIPTION ="" FIELDNUMBER ="1" FIELDPROPERTY ="0" FIELDTYPE ="ELEMITEM" HIDDEN ="NO" KEYTYPE ="NOT A KEY" LENGTH ="0" LEVEL ="0" NAME ="Id" NULLABLE ="NULL" OCCURS ="0" OFFSET ="0" PHYSICALLENGTH ="18" PHYSICALOFFSET ="0" PICTURETEXT ="" PRECISION ="18" SCALE ="0" USAGE_FLAGS =""/>
        <SOURCEFIELD BUSINESSNAME ="" DATATYPE ="nvarchar" DESCRIPTION ="" FIELDNUMBER ="3" FIELDPROPERTY ="0" FIELDTYPE ="ELEMITEM" HIDDEN ="NO" KEYTYPE ="NOT A KEY" LENGTH ="0" LEVEL ="0" NAME ="AccountId" NULLABLE ="NULL" OCCURS ="0" OFFSET ="0" PHYSICALLENGTH ="18" PHYSICALOFFSET ="28" PICTURETEXT ="" PRECISION ="18" SCALE ="0" USAGE_FLAGS =""/>
        <SOURCEFIELD BUSINESSNAME ="" DATATYPE ="nvarchar" DESCRIPTION ="" FIELDNUMBER ="27" FIELDPROPERTY ="0" FIELDTYPE ="ELEMITEM" HIDDEN ="NO" KEYTYPE ="NOT A KEY" LENGTH ="0" LEVEL ="0" NAME ="Contact_Role__c" NULLABLE ="NULL" OCCURS ="0" OFFSET ="0" PHYSICALLENGTH ="255" PHYSICALOFFSET ="1804" PICTURETEXT ="" PRECISION ="255" SCALE ="0" USAGE_FLAGS =""/>
    </SOURCE>
    <SOURCE BUSINESSNAME ="" DATABASETYPE ="Microsoft SQL Server" DBDNAME ="CDM_SQL_PRE_LANDING_SRC" DESCRIPTION ="" NAME ="pre_land_sfdc_account" OBJECTVERSION ="1" OWNERNAME ="dbo" VERSIONNUMBER ="1">
        <SOURCEFIELD BUSINESSNAME ="" DATATYPE ="nvarchar" DESCRIPTION ="" FIELDNUMBER ="1" FIELDPROPERTY ="0" FIELDTYPE ="ELEMITEM" HIDDEN ="NO" KEYTYPE ="NOT A KEY" LENGTH ="0" LEVEL ="0" NAME ="Id" NULLABLE ="NULL" OCCURS ="0" OFFSET ="0" PHYSICALLENGTH ="18" PHYSICALOFFSET ="0" PICTURETEXT ="" PRECISION ="18" SCALE ="0" USAGE_FLAGS =""/>
        <SOURCEFIELD BUSINESSNAME ="" DATATYPE ="nvarchar" DESCRIPTION ="" FIELDNUMBER ="2" FIELDPROPERTY ="0" FIELDTYPE ="ELEMITEM" HIDDEN ="NO" KEYTYPE ="NOT A KEY" LENGTH ="0" LEVEL ="0" NAME ="Name" NULLABLE ="NULL" OCCURS ="0" OFFSET ="0" PHYSICALLENGTH ="255" PHYSICALOFFSET ="18" PICTURETEXT ="" PRECISION ="255" SCALE ="0" USAGE_FLAGS =""/>
    </SOURCE>
    <TARGET BUSINESSNAME ="" DATABASETYPE ="Oracle" DBDNAME ="CDM_ORACLE_LANDING_TGT" DESCRIPTION ="" NAME ="land_party_relationship" OBJECTVERSION ="1" OWNERNAME ="CDM_LANDING" VERSIONNUMBER ="1">
        <TARGETFIELD BUSINESSNAME ="" DATATYPE ="varchar2" DESCRIPTION ="" KEYTYPE ="NOT A KEY" NAME ="party_relationship_id" NULLABLE ="NULL" PHYSICALLENGTH ="18" PHYSICALTYPE ="varchar2" PRECISION ="18" SCALE ="0"/>
        <TARGETFIELD BUSINESSNAME ="" DATATYPE ="varchar2" DESCRIPTION ="" KEYTYPE ="NOT A KEY" NAME ="from_party_id" NULLABLE ="NULL" PHYSICALLENGTH ="18" PHYSICALTYPE ="varchar2" PRECISION ="18" SCALE ="0"/>
        <TARGETFIELD BUSINESSNAME ="" DATATYPE ="varchar2" DESCRIPTION ="" KEYTYPE ="NOT A KEY" NAME ="to_party_id" NULLABLE ="NULL" PHYSICALLENGTH ="18" PHYSICALTYPE ="varchar2" PRECISION ="18" SCALE ="0"/>
        <TARGETFIELD BUSINESSNAME ="" DATATYPE ="varchar2" DESCRIPTION ="" KEYTYPE ="NOT A KEY" NAME ="relationship_type_cd" NULLABLE ="NULL" PHYSICALLENGTH ="25" PHYSICALTYPE ="varchar2" PRECISION ="25" SCALE ="0"/>
        <TARGETFIELD BUSINESSNAME ="" DATATYPE ="varchar2" DESCRIPTION ="" KEYTYPE ="NOT A KEY" NAME ="relationship_status_cd" NULLABLE ="NULL" PHYSICALLENGTH ="10" PHYSICALTYPE ="varchar2" PRECISION ="10" SCALE ="0"/>
    </TARGET>
    <TRANSFORMATION DESCRIPTION ="" NAME ="SQ_pre_land_sfdc_contact" OBJECTVERSION ="1" REUSABLE ="NO" TYPE ="Source Qualifier" VERSIONNUMBER ="1">
        <TRANSFORMFIELD DATATYPE ="nvarchar" DEFAULTVALUE ="" DESCRIPTION ="" NAME ="Id" PICTURETEXT ="" PORTTYPE ="INPUT/OUTPUT" PRECISION ="18" SCALE ="0"/>
        <TRANSFORMFIELD DATATYPE ="nvarchar" DEFAULTVALUE ="" DESCRIPTION ="" NAME ="AccountId" PICTURETEXT ="" PORTTYPE ="INPUT/OUTPUT" PRECISION ="18" SCALE ="0"/>
        <TRANSFORMFIELD DATATYPE ="nvarchar" DEFAULTVALUE ="" DESCRIPTION ="" NAME ="Contact_Role__c" PICTURETEXT ="" PORTTYPE ="INPUT/OUTPUT" PRECISION ="255" SCALE ="0"/>
    </TRANSFORMATION>
    <TRANSFORMATION DESCRIPTION ="" NAME ="SQ_pre_land_sfdc_account" OBJECTVERSION ="1" REUSABLE ="NO" TYPE ="Source Qualifier" VERSIONNUMBER ="1">
        <TRANSFORMFIELD DATATYPE ="nvarchar" DEFAULTVALUE ="" DESCRIPTION ="" NAME ="Id" PICTURETEXT ="" PORTTYPE ="INPUT/OUTPUT" PRECISION ="18" SCALE ="0"/>
        <TRANSFORMFIELD DATATYPE ="nvarchar" DEFAULTVALUE ="" DESCRIPTION ="" NAME ="Name" PICTURETEXT ="" PORTTYPE ="INPUT/OUTPUT" PRECISION ="255" SCALE ="0"/>
    </TRANSFORMATION>
    <TRANSFORMATION DESCRIPTION ="" NAME ="JNR_Contact_Account" OBJECTVERSION ="1" REUSABLE ="NO" TYPE ="Joiner" VERSIONNUMBER ="1">
        <TRANSFORMFIELD DATATYPE ="nvarchar" DEFAULTVALUE ="" DESCRIPTION ="" NAME ="Id" PICTURETEXT ="" PORTTYPE ="INPUT/OUTPUT" PRECISION ="18" SCALE ="0"/>
        <TRANSFORMFIELD DATATYPE ="nvarchar" DEFAULTVALUE ="" DESCRIPTION ="" NAME ="AccountId" PICTURETEXT ="" PORTTYPE ="INPUT/OUTPUT" PRECISION ="18" SCALE ="0"/>
        <TRANSFORMFIELD DATATYPE ="nvarchar" DEFAULTVALUE ="" DESCRIPTION ="" NAME ="Contact_Role__c" PICTURETEXT ="" PORTTYPE ="INPUT/OUTPUT" PRECISION ="255" SCALE ="0"/>
        <TRANSFORMFIELD DATATYPE ="nvarchar" DEFAULTVALUE ="" DESCRIPTION ="" NAME ="Account_Id" PICTURETEXT ="" PORTTYPE ="INPUT/OUTPUT" PRECISION ="18" SCALE ="0"/>
        <TRANSFORMFIELD DATATYPE ="nvarchar" DEFAULTVALUE ="" DESCRIPTION ="" NAME ="Account_Name" PICTURETEXT ="" PORTTYPE ="INPUT/OUTPUT" PRECISION ="255" SCALE ="0"/>
        <TRANSFORMFIELD DATATYPE ="nvarchar" DEFAULTVALUE ="" DESCRIPTION ="" NAME ="MASTER_ID" PICTURETEXT ="" PORTTYPE ="INPUT/OUTPUT" PRECISION ="18" SCALE ="0"/>
        <TRANSFORMFIELD DATATYPE ="nvarchar" DEFAULTVALUE ="" DESCRIPTION ="" NAME ="DETAIL_ID" PICTURETEXT ="" PORTTYPE ="INPUT/OUTPUT" PRECISION ="18" SCALE ="0"/>
        <TRANSFORMFIELD DATATYPE ="string" DEFAULTVALUE ="" DESCRIPTION ="" EXPRESSION ="TO_CHAR(SYSDATE, 'YYYYMMDDHH24MISS') || SQ_pre_land_sfdc_contact.Id" NAME ="relationship_id" PICTURETEXT ="" PORTTYPE ="OUTPUT" PRECISION ="18" SCALE ="0"/>
    </TRANSFORMATION>
    <TRANSFORMATION DESCRIPTION ="" NAME ="EXP_Contact_To_Party_Relationship" OBJECTVERSION ="1" REUSABLE ="NO" TYPE ="Expression" VERSIONNUMBER ="1">
        <TRANSFORMFIELD DATATYPE ="nvarchar" DEFAULTVALUE ="" DESCRIPTION ="" EXPRESSION ="JNR_Contact_Account.Id" NAME ="Contact_Id" PICTURETEXT ="" PORTTYPE ="OUTPUT" PRECISION ="18" SCALE ="0"/>
        <TRANSFORMFIELD DATATYPE ="nvarchar" DEFAULTVALUE ="" DESCRIPTION ="" EXPRESSION ="JNR_Contact_Account.Account_Id" NAME ="Account_Id" PICTURETEXT ="" PORTTYPE ="OUTPUT" PRECISION ="18" SCALE ="0"/>
        <TRANSFORMFIELD DATATYPE ="nvarchar" DEFAULTVALUE ="" DESCRIPTION ="" EXPRESSION ="JNR_Contact_Account.Contact_Role__c" NAME ="Contact_Role__c" PICTURETEXT ="" PORTTYPE ="OUTPUT" PRECISION ="255" SCALE ="0"/>
        <TRANSFORMFIELD DATATYPE ="string" DEFAULTVALUE ="" DESCRIPTION ="" EXPRESSION ="'CONTACT'" NAME ="relationship_type_cd" PICTURETEXT ="" PORTTYPE ="OUTPUT" PRECISION ="25" SCALE ="0"/>
        <TRANSFORMFIELD DATATYPE ="string" DEFAULTVALUE ="" DESCRIPTION ="" EXPRESSION ="'ACTIVE'" NAME ="relationship_status_cd" PICTURETEXT ="" PORTTYPE ="OUTPUT" PRECISION ="10" SCALE ="0"/>
        <TRANSFORMFIELD DATATYPE ="nvarchar" DEFAULTVALUE ="" DESCRIPTION ="" EXPRESSION ="JNR_Contact_Account.relationship_id" NAME ="relationship_id" PICTURETEXT ="" PORTTYPE ="OUTPUT" PRECISION ="18" SCALE ="0"/>
    </TRANSFORMATION>
    <INSTANCE DESCRIPTION ="" NAME ="pre_land_sfdc_contact" TRANSFORMATION_NAME ="pre_land_sfdc_contact" TRANSFORMATION_TYPE ="Source Definition" TYPE ="TRANSFORMATION"/>
    <INSTANCE DESCRIPTION ="" NAME ="pre_land_sfdc_account" TRANSFORMATION_NAME ="pre_land_sfdc_account" TRANSFORMATION_TYPE ="Source Definition" TYPE ="TRANSFORMATION"/>
    <INSTANCE DESCRIPTION ="" NAME ="SQ_pre_land_sfdc_contact" TRANSFORMATION_NAME ="SQ_pre_land_sfdc_contact" TRANSFORMATION_TYPE ="Source Qualifier" TYPE ="TRANSFORMATION"/>
    <INSTANCE DESCRIPTION ="" NAME ="SQ_pre_land_sfdc_account" TRANSFORMATION_NAME ="SQ_pre_land_sfdc_account" TRANSFORMATION_TYPE ="Source Qualifier" TYPE ="TRANSFORMATION"/>
    <INSTANCE DESCRIPTION ="" NAME ="JNR_Contact_Account" TRANSFORMATION_NAME ="JNR_Contact_Account" TRANSFORMATION_TYPE ="Joiner" TYPE ="TRANSFORMATION"/>
    <INSTANCE DESCRIPTION ="" NAME ="EXP_Contact_To_Party_Relationship" TRANSFORMATION_NAME ="EXP_Contact_To_Party_Relationship" TRANSFORMATION_TYPE ="Expression" TYPE ="TRANSFORMATION"/>
    <INSTANCE DESCRIPTION ="" NAME ="land_party_relationship" TRANSFORMATION_NAME ="land_party_relationship" TRANSFORMATION_TYPE ="Target Definition" TYPE ="TRANSFORMATION"/>
    <CONNECTOR FROMFIELD ="Id" FROMINSTANCE ="SQ_pre_land_sfdc_contact" FROMINSTANCETYPE ="Source Qualifier" TOFIELD ="Id" TOINSTANCE ="JNR_Contact_Account" TOINSTANCETYPE ="Joiner"/>
    <CONNECTOR FROMFIELD ="AccountId" FROMINSTANCE ="SQ_pre_land_sfdc_contact" FROMINSTANCETYPE ="Source Qualifier" TOFIELD ="AccountId" TOINSTANCE ="JNR_Contact_Account" TOINSTANCETYPE ="Joiner"/>
    <CONNECTOR FROMFIELD ="Contact_Role__c" FROMINSTANCE ="SQ_pre_land_sfdc_contact" FROMINSTANCETYPE ="Source Qualifier" TOFIELD ="Contact_Role__c" TOINSTANCE ="JNR_Contact_Account" TOINSTANCETYPE ="Joiner"/>
    <CONNECTOR FROMFIELD ="Id" FROMINSTANCE ="SQ_pre_land_sfdc_account" FROMINSTANCETYPE ="Source Qualifier" TOFIELD ="Account_Id" TOINSTANCE ="JNR_Contact_Account" TOINSTANCETYPE ="Joiner"/>
    <CONNECTOR FROMFIELD ="Name" FROMINSTANCE ="SQ_pre_land_sfdc_account" FROMINSTANCETYPE ="Source Qualifier" TOFIELD ="Account_Name" TOINSTANCE ="JNR_Contact_Account" TOINSTANCETYPE ="Joiner"/>
    <CONNECTOR FROMFIELD ="Id" FROMINSTANCE ="JNR_Contact_Account" FROMINSTANCETYPE ="Joiner" TOFIELD ="Contact_Id" TOINSTANCE ="EXP_Contact_To_Party_Relationship" TOINSTANCETYPE ="Expression"/>
    <CONNECTOR FROMFIELD ="Account_Id" FROMINSTANCE ="JNR_Contact_Account" FROMINSTANCETYPE ="Joiner" TOFIELD ="Account_Id" TOINSTANCE ="EXP_Contact_To_Party_Relationship" TOINSTANCETYPE ="Expression"/>
    <CONNECTOR FROMFIELD ="Contact_Role__c" FROMINSTANCE ="JNR_Contact_Account" FROMINSTANCETYPE ="Joiner" TOFIELD ="Contact_Role__c" TOINSTANCE ="EXP_Contact_To_Party_Relationship" TOINSTANCETYPE ="Expression"/>
    <CONNECTOR FROMFIELD ="relationship_id" FROMINSTANCE ="JNR_Contact_Account" FROMINSTANCETYPE ="Joiner" TOFIELD ="relationship_id" TOINSTANCE ="EXP_Contact_To_Party_Relationship" TOINSTANCETYPE ="Expression"/>
    <CONNECTOR FROMFIELD ="Contact_Id" FROMINSTANCE ="EXP_Contact_To_Party_Relationship" FROMINSTANCETYPE ="Expression" TOFIELD ="from_party_id" TOINSTANCE ="land_party_relationship" TOINSTANCETYPE ="Target Definition"/>
    <CONNECTOR FROMFIELD ="Account_Id" FROMINSTANCE ="EXP_Contact_To_Party_Relationship" FROMINSTANCETYPE ="Expression" TOFIELD ="to_party_id" TOINSTANCE ="land_party_relationship" TOINSTANCETYPE ="Target Definition"/>
    <CONNECTOR FROMFIELD ="relationship_type_cd" FROMINSTANCE ="EXP_Contact_To_Party_Relationship" FROMINSTANCETYPE ="Expression" TOFIELD ="relationship_type_cd" TOINSTANCE ="land_party_relationship" TOINSTANCETYPE ="Target Definition"/>
    <CONNECTOR FROMFIELD ="relationship_status_cd" FROMINSTANCE ="EXP_Contact_To_Party_Relationship" FROMINSTANCETYPE ="Expression" TOFIELD ="relationship_status_cd" TOINSTANCE ="land_party_relationship" TOINSTANCETYPE ="Target Definition"/>
    <CONNECTOR FROMFIELD ="relationship_id" FROMINSTANCE ="EXP_Contact_To_Party_Relationship" FROMINSTANCETYPE ="Expression" TOFIELD ="party_relationship_id" TOINSTANCE ="land_party_relationship" TOINSTANCETYPE ="Target Definition"/>
</FOLDER>
</REPOSITORY>
</POWERMART>