<?xml version="1.0" encoding="UTF-8"?>
<!-- Informatica proprietary -->
<!DOCTYPE POWERMART SYSTEM "powrmart.dtd">
<POWERMART CREATION_DATE="03/20/2025 12:58:40" REPOSITORY_VERSION="189.98">
<REPOSITORY NAME="pc105_repo_dev2_3" VERSION="189" CODEPAGE="UTF-8" DATABASETYPE="Oracle">
<FOLDER NAME="CDM_DEV3_SFDC" GROUP="" OWNER="Administrator" SHARED="NOTSHARED" DESCRIPTION="" PERMISSIONS="rwx---r--" UUID="5404d1b7-cc63-4bb7-9210-a5b0d9e4e4dc">
    <SOURCE BUSINESSNAME ="" DATABASETYPE ="Microsoft SQL Server" DBDNAME ="CDM_SQL_PRE_LANDING_SRC" DESCRIPTION ="" NAME ="pre_land_sfdc_contact" OBJECTVERSION ="1" OWNERNAME ="dbo" VERSIONNUMBER ="1">
        <SOURCEFIELD BUSINESSNAME ="" DATATYPE ="nvarchar" DESCRIPTION ="" FIELDNUMBER ="1" FIELDPROPERTY ="0" FIELDTYPE ="ELEMITEM" HIDDEN ="NO" KEYTYPE ="NOT A KEY" LENGTH ="0" LEVEL ="0" NAME ="Id" NULLABLE ="NULL" OCCURS ="0" OFFSET ="0" PHYSICALLENGTH ="18" PHYSICALOFFSET ="0" PICTURETEXT ="" PRECISION ="18" SCALE ="0" USAGE_FLAGS =""/>
        <SOURCEFIELD BUSINESSNAME ="" DATATYPE ="nvarchar" DESCRIPTION ="" FIELDNUMBER ="2" FIELDPROPERTY ="0" FIELDTYPE ="ELEMITEM" HIDDEN ="NO" KEYTYPE ="NOT A KEY" LENGTH ="0" LEVEL ="0" NAME ="IsDeleted" NULLABLE ="NULL" OCCURS ="0" OFFSET ="0" PHYSICALLENGTH ="10" PHYSICALOFFSET ="18" PICTURETEXT ="" PRECISION ="10" SCALE ="0" USAGE_FLAGS =""/>
        <SOURCEFIELD BUSINESSNAME ="" DATATYPE ="nvarchar" DESCRIPTION ="" FIELDNUMBER ="3" FIELDPROPERTY ="0" FIELDTYPE ="ELEMITEM" HIDDEN ="NO" KEYTYPE ="NOT A KEY" LENGTH ="0" LEVEL ="0" NAME ="AccountId" NULLABLE ="NULL" OCCURS ="0" OFFSET ="0" PHYSICALLENGTH ="18" PHYSICALOFFSET ="28" PICTURETEXT ="" PRECISION ="18" SCALE ="0" USAGE_FLAGS =""/>
        <SOURCEFIELD BUSINESSNAME ="" DATATYPE ="nvarchar" DESCRIPTION ="" FIELDNUMBER ="4" FIELDPROPERTY ="0" FIELDTYPE ="ELEMITEM" HIDDEN ="NO" KEYTYPE ="NOT A KEY" LENGTH ="0" LEVEL ="0" NAME ="LastName" NULLABLE ="NULL" OCCURS ="0" OFFSET ="0" PHYSICALLENGTH ="80" PHYSICALOFFSET ="46" PICTURETEXT ="" PRECISION ="80" SCALE ="0" USAGE_FLAGS =""/>
        <SOURCEFIELD BUSINESSNAME ="" DATATYPE ="nvarchar" DESCRIPTION ="" FIELDNUMBER ="5" FIELDPROPERTY ="0" FIELDTYPE ="ELEMITEM" HIDDEN ="NO" KEYTYPE ="NOT A KEY" LENGTH ="0" LEVEL ="0" NAME ="FirstName" NULLABLE ="NULL" OCCURS ="0" OFFSET ="0" PHYSICALLENGTH ="40" PHYSICALOFFSET ="126" PICTURETEXT ="" PRECISION ="40" SCALE ="0" USAGE_FLAGS =""/>
    </SOURCE>
    <TARGET BUSINESSNAME ="" DATABASETYPE ="Oracle" DBDNAME ="CDM_ORACLE_LANDING_TGT" DESCRIPTION ="" NAME ="land_party" OBJECTVERSION ="1" OWNERNAME ="CDM_LANDING" VERSIONNUMBER ="1">
        <TARGETFIELD BUSINESSNAME ="" DATATYPE ="varchar2" DESCRIPTION ="" KEYTYPE ="NOT A KEY" NAME ="party_id" NULLABLE ="NULL" PHYSICALLENGTH ="18" PHYSICALTYPE ="varchar2" PRECISION ="18" SCALE ="0"/>
        <TARGETFIELD BUSINESSNAME ="" DATATYPE ="varchar2" DESCRIPTION ="" KEYTYPE ="NOT A KEY" NAME ="source_id" NULLABLE ="NULL" PHYSICALLENGTH ="10" PHYSICALTYPE ="varchar2" PRECISION ="10" SCALE ="0"/>
        <TARGETFIELD BUSINESSNAME ="" DATATYPE ="varchar2" DESCRIPTION ="" KEYTYPE ="NOT A KEY" NAME ="source_system_id" NULLABLE ="NULL" PHYSICALLENGTH ="10" PHYSICALTYPE ="varchar2" PRECISION ="10" SCALE ="0"/>
        <TARGETFIELD BUSINESSNAME ="" DATATYPE ="varchar2" DESCRIPTION ="" KEYTYPE ="NOT A KEY" NAME ="party_type_cd" NULLABLE ="NULL" PHYSICALLENGTH ="25" PHYSICALTYPE ="varchar2" PRECISION ="25" SCALE ="0"/>
        <TARGETFIELD BUSINESSNAME ="" DATATYPE ="varchar2" DESCRIPTION ="" KEYTYPE ="NOT A KEY" NAME ="party_status_cd" NULLABLE ="NULL" PHYSICALLENGTH ="10" PHYSICALTYPE ="varchar2" PRECISION ="10" SCALE ="0"/>
    </TARGET>
    <TRANSFORMATION DESCRIPTION ="" NAME ="SQ_pre_land_sfdc_contact" OBJECTVERSION ="1" REUSABLE ="NO" TYPE ="Source Qualifier" VERSIONNUMBER ="1">
        <TRANSFORMFIELD DATATYPE ="nvarchar" DEFAULTVALUE ="" DESCRIPTION ="" NAME ="Id" PICTURETEXT ="" PORTTYPE ="INPUT/OUTPUT" PRECISION ="18" SCALE ="0"/>
        <TRANSFORMFIELD DATATYPE ="nvarchar" DEFAULTVALUE ="" DESCRIPTION ="" NAME ="IsDeleted" PICTURETEXT ="" PORTTYPE ="INPUT/OUTPUT" PRECISION ="10" SCALE ="0"/>
        <TRANSFORMFIELD DATATYPE ="nvarchar" DEFAULTVALUE ="" DESCRIPTION ="" NAME ="AccountId" PICTURETEXT ="" PORTTYPE ="INPUT/OUTPUT" PRECISION ="18" SCALE ="0"/>
        <TRANSFORMFIELD DATATYPE ="nvarchar" DEFAULTVALUE ="" DESCRIPTION ="" NAME ="LastName" PICTURETEXT ="" PORTTYPE ="INPUT/OUTPUT" PRECISION ="80" SCALE ="0"/>
        <TRANSFORMFIELD DATATYPE ="nvarchar" DEFAULTVALUE ="" DESCRIPTION ="" NAME ="FirstName" PICTURETEXT ="" PORTTYPE ="INPUT/OUTPUT" PRECISION ="40" SCALE ="0"/>
    </TRANSFORMATION>
    <TRANSFORMATION DESCRIPTION ="" NAME ="EXP_Contact_To_Party" OBJECTVERSION ="1" REUSABLE ="NO" TYPE ="Expression" VERSIONNUMBER ="1">
        <TRANSFORMFIELD DATATYPE ="nvarchar" DEFAULTVALUE ="" DESCRIPTION ="" EXPRESSION ="SQ_pre_land_sfdc_contact.Id" NAME ="Id" PICTURETEXT ="" PORTTYPE ="INPUT/OUTPUT" PRECISION ="18" SCALE ="0"/>
        <TRANSFORMFIELD DATATYPE ="nvarchar" DEFAULTVALUE ="" DESCRIPTION ="" EXPRESSION ="SQ_pre_land_sfdc_contact.LastName" NAME ="LastName" PICTURETEXT ="" PORTTYPE ="INPUT/OUTPUT" PRECISION ="80" SCALE ="0"/>
        <TRANSFORMFIELD DATATYPE ="nvarchar" DEFAULTVALUE ="" DESCRIPTION ="" EXPRESSION ="SQ_pre_land_sfdc_contact.FirstName" NAME ="FirstName" PICTURETEXT ="" PORTTYPE ="INPUT/OUTPUT" PRECISION ="40" SCALE ="0"/>
        <TRANSFORMFIELD DATATYPE ="string" DEFAULTVALUE ="" DESCRIPTION ="" EXPRESSION ="'INDIVIDUAL'" NAME ="party_type_cd" PICTURETEXT ="" PORTTYPE ="OUTPUT" PRECISION ="25" SCALE ="0"/>
        <TRANSFORMFIELD DATATYPE ="string" DEFAULTVALUE ="" DESCRIPTION ="" EXPRESSION ="DECODE(SQ_pre_land_sfdc_contact.IsDeleted,'true','INACTIVE','ACTIVE')" NAME ="party_status_cd" PICTURETEXT ="" PORTTYPE ="OUTPUT" PRECISION ="10" SCALE ="0"/>
    </TRANSFORMATION>
    <INSTANCE DESCRIPTION ="" NAME ="pre_land_sfdc_contact" TRANSFORMATION_NAME ="pre_land_sfdc_contact" TRANSFORMATION_TYPE ="Source Definition" TYPE ="TRANSFORMATION"/>
    <INSTANCE DESCRIPTION ="" NAME ="SQ_pre_land_sfdc_contact" TRANSFORMATION_NAME ="SQ_pre_land_sfdc_contact" TRANSFORMATION_TYPE ="Source Qualifier" TYPE ="TRANSFORMATION"/>
    <INSTANCE DESCRIPTION ="" NAME ="EXP_Contact_To_Party" TRANSFORMATION_NAME ="EXP_Contact_To_Party" TRANSFORMATION_TYPE ="Expression" TYPE ="TRANSFORMATION"/>
    <INSTANCE DESCRIPTION ="" NAME ="land_party" TRANSFORMATION_NAME ="land_party" TRANSFORMATION_TYPE ="Target Definition" TYPE ="TRANSFORMATION"/>
    <CONNECTOR FROMFIELD ="Id" FROMINSTANCE ="SQ_pre_land_sfdc_contact" FROMINSTANCETYPE ="Source Qualifier" TOFIELD ="Id" TOINSTANCE ="EXP_Contact_To_Party" TOINSTANCETYPE ="Expression"/>
    <CONNECTOR FROMFIELD ="LastName" FROMINSTANCE ="SQ_pre_land_sfdc_contact" FROMINSTANCETYPE ="Source Qualifier" TOFIELD ="LastName" TOINSTANCE ="EXP_Contact_To_Party" TOINSTANCETYPE ="Expression"/>
    <CONNECTOR FROMFIELD ="FirstName" FROMINSTANCE ="SQ_pre_land_sfdc_contact" FROMINSTANCETYPE ="Source Qualifier" TOFIELD ="FirstName" TOINSTANCE ="EXP_Contact_To_Party" TOINSTANCETYPE ="Expression"/>
    <CONNECTOR FROMFIELD ="IsDeleted" FROMINSTANCE ="SQ_pre_land_sfdc_contact" FROMINSTANCETYPE ="Source Qualifier" TOFIELD ="IsDeleted" TOINSTANCE ="EXP_Contact_To_Party" TOINSTANCETYPE ="Expression"/>
    <CONNECTOR FROMFIELD ="Id" FROMINSTANCE ="EXP_Contact_To_Party" FROMINSTANCETYPE ="Expression" TOFIELD ="party_id" TOINSTANCE ="land_party" TOINSTANCETYPE ="Target Definition"/>
    <CONNECTOR FROMFIELD ="party_type_cd" FROMINSTANCE ="EXP_Contact_To_Party" FROMINSTANCETYPE ="Expression" TOFIELD ="party_type_cd" TOINSTANCE ="land_party" TOINSTANCETYPE ="Target Definition"/>
    <CONNECTOR FROMFIELD ="party_status_cd" FROMINSTANCE ="EXP_Contact_To_Party" FROMINSTANCETYPE ="Expression" TOFIELD ="party_status_cd" TOINSTANCE ="land_party" TOINSTANCETYPE ="Target Definition"/>
</FOLDER>
</REPOSITORY>
</POWERMART>