<?xml version="1.0" encoding="UTF-8"?>
<!-- Informatica proprietary -->
<!DOCTYPE POWERMART SYSTEM "powrmart.dtd">
<POWERMART CREATION_DATE="03/20/2025 13:00:00" REPOSITORY_VERSION="189.98">
<REPOSITORY NAME="pc105_repo_dev2_3" VERSION="189" CODEPAGE="UTF-8" DATABASETYPE="Oracle">
<FOLDER NAME="CDM_DEV3_SFDC" GROUP="" OWNER="Administrator" SHARED="NOTSHARED" DESCRIPTION="" PERMISSIONS="rwx---r--" UUID="5404d1b7-cc63-4bb7-9210-a5b0d9e4e4dc">
    <SOURCE BUSINESSNAME ="" DATABASETYPE ="Microsoft SQL Server" DBDNAME ="CDM_SQL_PRE_LANDING_SRC" DESCRIPTION ="" NAME ="pre_land_sfdc_contact" OBJECTVERSION ="1" OWNERNAME ="dbo" VERSIONNUMBER ="1">
        <SOURCEFIELD BUSINESSNAME ="" DATATYPE ="nvarchar" DESCRIPTION ="" FIELDNUMBER ="1" FIELDPROPERTY ="0" FIELDTYPE ="ELEMITEM" HIDDEN ="NO" KEYTYPE ="NOT A KEY" LENGTH ="0" LEVEL ="0" NAME ="Id" NULLABLE ="NULL" OCCURS ="0" OFFSET ="0" PHYSICALLENGTH ="18" PHYSICALOFFSET ="0" PICTURETEXT ="" PRECISION ="18" SCALE ="0" USAGE_FLAGS =""/>
        <SOURCEFIELD BUSINESSNAME ="" DATATYPE ="nvarchar" DESCRIPTION ="" FIELDNUMBER ="19" FIELDPROPERTY ="0" FIELDTYPE ="ELEMITEM" HIDDEN ="NO" KEYTYPE ="NOT A KEY" LENGTH ="0" LEVEL ="0" NAME ="Phone" NULLABLE ="NULL" OCCURS ="0" OFFSET ="0" PHYSICALLENGTH ="40" PHYSICALOFFSET ="1295" PICTURETEXT ="" PRECISION ="40" SCALE ="0" USAGE_FLAGS =""/>
        <SOURCEFIELD BUSINESSNAME ="" DATATYPE ="nvarchar" DESCRIPTION ="" FIELDNUMBER ="20" FIELDPROPERTY ="0" FIELDTYPE ="ELEMITEM" HIDDEN ="NO" KEYTYPE ="NOT A KEY" LENGTH ="0" LEVEL ="0" NAME ="Fax" NULLABLE ="NULL" OCCURS ="0" OFFSET ="0" PHYSICALLENGTH ="40" PHYSICALOFFSET ="1335" PICTURETEXT ="" PRECISION ="40" SCALE ="0" USAGE_FLAGS =""/>
        <SOURCEFIELD BUSINESSNAME ="" DATATYPE ="nvarchar" DESCRIPTION ="" FIELDNUMBER ="21" FIELDPROPERTY ="0" FIELDTYPE ="ELEMITEM" HIDDEN ="NO" KEYTYPE ="NOT A KEY" LENGTH ="0" LEVEL ="0" NAME ="Email" NULLABLE ="NULL" OCCURS ="0" OFFSET ="0" PHYSICALLENGTH ="80" PHYSICALOFFSET ="1375" PICTURETEXT ="" PRECISION ="80" SCALE ="0" USAGE_FLAGS =""/>
    </SOURCE>
    <TARGET BUSINESSNAME ="" DATABASETYPE ="Oracle" DBDNAME ="CDM_ORACLE_LANDING_TGT" DESCRIPTION ="" NAME ="land_party_mechanism" OBJECTVERSION ="1" OWNERNAME ="CDM_LANDING" VERSIONNUMBER ="1">
        <TARGETFIELD BUSINESSNAME ="" DATATYPE ="varchar2" DESCRIPTION ="" KEYTYPE ="NOT A KEY" NAME ="party_mechanism_id" NULLABLE ="NULL" PHYSICALLENGTH ="18" PHYSICALTYPE ="varchar2" PRECISION ="18" SCALE ="0"/>
        <TARGETFIELD BUSINESSNAME ="" DATATYPE ="varchar2" DESCRIPTION ="" KEYTYPE ="NOT A KEY" NAME ="party_id" NULLABLE ="NULL" PHYSICALLENGTH ="18" PHYSICALTYPE ="varchar2" PRECISION ="18" SCALE ="0"/>
        <TARGETFIELD BUSINESSNAME ="" DATATYPE ="varchar2" DESCRIPTION ="" KEYTYPE ="NOT A KEY" NAME ="mechanism_type_cd" NULLABLE ="NULL" PHYSICALLENGTH ="25" PHYSICALTYPE ="varchar2" PRECISION ="25" SCALE ="0"/>
        <TARGETFIELD BUSINESSNAME ="" DATATYPE ="varchar2" DESCRIPTION ="" KEYTYPE ="NOT A KEY" NAME ="mechanism_value" NULLABLE ="NULL" PHYSICALLENGTH ="255" PHYSICALTYPE ="varchar2" PRECISION ="255" SCALE ="0"/>
        <TARGETFIELD BUSINESSNAME ="" DATATYPE ="varchar2" DESCRIPTION ="" KEYTYPE ="NOT A KEY" NAME ="mechanism_status_cd" NULLABLE ="NULL" PHYSICALLENGTH ="10" PHYSICALTYPE ="varchar2" PRECISION ="10" SCALE ="0"/>
    </TARGET>
    <TRANSFORMATION DESCRIPTION ="" NAME ="SQ_pre_land_sfdc_contact" OBJECTVERSION ="1" REUSABLE ="NO" TYPE ="Source Qualifier" VERSIONNUMBER ="1">
        <TRANSFORMFIELD DATATYPE ="nvarchar" DEFAULTVALUE ="" DESCRIPTION ="" NAME ="Id" PICTURETEXT ="" PORTTYPE ="INPUT/OUTPUT" PRECISION ="18" SCALE ="0"/>
        <TRANSFORMFIELD DATATYPE ="nvarchar" DEFAULTVALUE ="" DESCRIPTION ="" NAME ="Phone" PICTURETEXT ="" PORTTYPE ="INPUT/OUTPUT" PRECISION ="40" SCALE ="0"/>
        <TRANSFORMFIELD DATATYPE ="nvarchar" DEFAULTVALUE ="" DESCRIPTION ="" NAME ="Fax" PICTURETEXT ="" PORTTYPE ="INPUT/OUTPUT" PRECISION ="40" SCALE ="0"/>
        <TRANSFORMFIELD DATATYPE ="nvarchar" DEFAULTVALUE ="" DESCRIPTION ="" NAME ="Email" PICTURETEXT ="" PORTTYPE ="INPUT/OUTPUT" PRECISION ="80" SCALE ="0"/>
    </TRANSFORMATION>
    <TRANSFORMATION DESCRIPTION ="" NAME ="EXP_Contact_To_Mechanism_Phone" OBJECTVERSION ="1" REUSABLE ="NO" TYPE ="Expression" VERSIONNUMBER ="1">
        <TRANSFORMFIELD DATATYPE ="nvarchar" DEFAULTVALUE ="" DESCRIPTION ="" EXPRESSION ="SQ_pre_land_sfdc_contact.Id" NAME ="Id" PICTURETEXT ="" PORTTYPE ="INPUT/OUTPUT" PRECISION ="18" SCALE ="0"/>
        <TRANSFORMFIELD DATATYPE ="nvarchar" DEFAULTVALUE ="" DESCRIPTION ="" EXPRESSION ="SQ_pre_land_sfdc_contact.Phone" NAME ="Phone" PICTURETEXT ="" PORTTYPE ="INPUT/OUTPUT" PRECISION ="40" SCALE ="0"/>
        <TRANSFORMFIELD DATATYPE ="string" DEFAULTVALUE ="" DESCRIPTION ="" EXPRESSION ="'PHONE'" NAME ="mechanism_type_cd" PICTURETEXT ="" PORTTYPE ="OUTPUT" PRECISION ="25" SCALE ="0"/>
        <TRANSFORMFIELD DATATYPE ="string" DEFAULTVALUE ="" DESCRIPTION ="" EXPRESSION ="'ACTIVE'" NAME ="mechanism_status_cd" PICTURETEXT ="" PORTTYPE ="OUTPUT" PRECISION ="10" SCALE ="0"/>
    </TRANSFORMATION>
    <TRANSFORMATION DESCRIPTION ="" NAME ="EXP_Contact_To_Mechanism_Email" OBJECTVERSION ="1" REUSABLE ="NO" TYPE ="Expression" VERSIONNUMBER ="1">
        <TRANSFORMFIELD DATATYPE ="nvarchar" DEFAULTVALUE ="" DESCRIPTION ="" EXPRESSION ="SQ_pre_land_sfdc_contact.Id" NAME ="Id" PICTURETEXT ="" PORTTYPE ="INPUT/OUTPUT" PRECISION ="18" SCALE ="0"/>
        <TRANSFORMFIELD DATATYPE ="nvarchar" DEFAULTVALUE ="" DESCRIPTION ="" EXPRESSION ="SQ_pre_land_sfdc_contact.Email" NAME ="Email" PICTURETEXT ="" PORTTYPE ="INPUT/OUTPUT" PRECISION ="80" SCALE ="0"/>
        <TRANSFORMFIELD DATATYPE ="string" DEFAULTVALUE ="" DESCRIPTION ="" EXPRESSION ="'EMAIL'" NAME ="mechanism_type_cd" PICTURETEXT ="" PORTTYPE ="OUTPUT" PRECISION ="25" SCALE ="0"/>
        <TRANSFORMFIELD DATATYPE ="string" DEFAULTVALUE ="" DESCRIPTION ="" EXPRESSION ="'ACTIVE'" NAME ="mechanism_status_cd" PICTURETEXT ="" PORTTYPE ="OUTPUT" PRECISION ="10" SCALE ="0"/>
    </TRANSFORMATION>
    <INSTANCE DESCRIPTION ="" NAME ="pre_land_sfdc_contact" TRANSFORMATION_NAME ="pre_land_sfdc_contact" TRANSFORMATION_TYPE ="Source Definition" TYPE ="TRANSFORMATION"/>
    <INSTANCE DESCRIPTION ="" NAME ="SQ_pre_land_sfdc_contact" TRANSFORMATION_NAME ="SQ_pre_land_sfdc_contact" TRANSFORMATION_TYPE ="Source Qualifier" TYPE ="TRANSFORMATION"/>
    <INSTANCE DESCRIPTION ="" NAME ="EXP_Contact_To_Mechanism_Phone" TRANSFORMATION_NAME ="EXP_Contact_To_Mechanism_Phone" TRANSFORMATION_TYPE ="Expression" TYPE ="TRANSFORMATION"/>
    <INSTANCE DESCRIPTION ="" NAME ="EXP_Contact_To_Mechanism_Email" TRANSFORMATION_NAME ="EXP_Contact_To_Mechanism_Email" TRANSFORMATION_TYPE ="Expression" TYPE ="TRANSFORMATION"/>
    <INSTANCE DESCRIPTION ="" NAME ="land_party_mechanism" TRANSFORMATION_NAME ="land_party_mechanism" TRANSFORMATION_TYPE ="Target Definition" TYPE ="TRANSFORMATION"/>
    <CONNECTOR FROMFIELD ="Id" FROMINSTANCE ="SQ_pre_land_sfdc_contact" FROMINSTANCETYPE ="Source Qualifier" TOFIELD ="Id" TOINSTANCE ="EXP_Contact_To_Mechanism_Phone" TOINSTANCETYPE ="Expression"/>
    <CONNECTOR FROMFIELD ="Phone" FROMINSTANCE ="SQ_pre_land_sfdc_contact" FROMINSTANCETYPE ="Source Qualifier" TOFIELD ="Phone" TOINSTANCE ="EXP_Contact_To_Mechanism_Phone" TOINSTANCETYPE ="Expression"/>
    <CONNECTOR FROMFIELD ="Id" FROMINSTANCE ="SQ_pre_land_sfdc_contact" FROMINSTANCETYPE ="Source Qualifier" TOFIELD ="Id" TOINSTANCE ="EXP_Contact_To_Mechanism_Email" TOINSTANCETYPE ="Expression"/>
    <CONNECTOR FROMFIELD ="Email" FROMINSTANCE ="SQ_pre_land_sfdc_contact" FROMINSTANCETYPE ="Source Qualifier" TOFIELD ="Email" TOINSTANCE ="EXP_Contact_To_Mechanism_Email" TOINSTANCETYPE ="Expression"/>
    <CONNECTOR FROMFIELD ="Id" FROMINSTANCE ="EXP_Contact_To_Mechanism_Phone" FROMINSTANCETYPE ="Expression" TOFIELD ="party_id" TOINSTANCE ="land_party_mechanism" TOINSTANCETYPE ="Target Definition"/>
    <CONNECTOR FROMFIELD ="Phone" FROMINSTANCE ="EXP_Contact_To_Mechanism_Phone" FROMINSTANCETYPE ="Expression" TOFIELD ="mechanism_value" TOINSTANCE ="land_party_mechanism" TOINSTANCETYPE ="Target Definition"/>
    <CONNECTOR FROMFIELD ="mechanism_type_cd" FROMINSTANCE ="EXP_Contact_To_Mechanism_Phone" FROMINSTANCETYPE ="Expression" TOFIELD ="mechanism_type_cd" TOINSTANCE ="land_party_mechanism" TOINSTANCETYPE ="Target Definition"/>
    <CONNECTOR FROMFIELD ="mechanism_status_cd" FROMINSTANCE ="EXP_Contact_To_Mechanism_Phone" FROMINSTANCETYPE ="Expression" TOFIELD ="mechanism_status_cd" TOINSTANCE ="land_party_mechanism" TOINSTANCETYPE ="Target Definition"/>
    <CONNECTOR FROMFIELD ="Id" FROMINSTANCE ="EXP_Contact_To_Mechanism_Email" FROMINSTANCETYPE ="Expression" TOFIELD ="party_id" TOINSTANCE ="land_party_mechanism" TOINSTANCETYPE ="Target Definition"/>
    <CONNECTOR FROMFIELD ="Email" FROMINSTANCE ="EXP_Contact_To_Mechanism_Email" FROMINSTANCETYPE ="Expression" TOFIELD ="mechanism_value" TOINSTANCE ="land_party_mechanism" TOINSTANCETYPE ="Target Definition"/>
    <CONNECTOR FROMFIELD ="mechanism_type_cd" FROMINSTANCE ="EXP_Contact_To_Mechanism_Email" FROMINSTANCETYPE ="Expression" TOFIELD ="mechanism_type_cd" TOINSTANCE ="land_party_mechanism" TOINSTANCETYPE ="Target Definition"/>
    <CONNECTOR FROMFIELD ="mechanism_status_cd" FROMINSTANCE ="EXP_Contact_To_Mechanism_Email" FROMINSTANCETYPE ="Expression" TOFIELD ="mechanism_status_cd" TOINSTANCE ="land_party_mechanism" TOINSTANCETYPE ="Target Definition"/>
</FOLDER>
</REPOSITORY>
</POWERMART>