{
  "global_stats": {
    "total_mappings": 16,
    "source_tables": [
      "pre_land_sfdc_contact",
      "TODAY_PARTY_ROLE_XFORM",
      "pre_land_sfdc_org_office_role",
      "TODAY_PARTY_REL_XFORM",
      "pre_land_sfdc_contact_connection",
      "pre_land_sfdc_organization",
      "TODAY_PARTY_XFORM",
      "pre_land_sfdc_office",
      "TODAY_PARTY_CNTCT_MCHSM_XFORM"
    ],
    "target_tables": [
      "today_party_rel_xform",
      "TODAY_PARTY_CNTCT_MCHSM_XFORM",
      "C_LDG_PARTY_ROLE",
      "C_LDG_PARTY_CNTCT_MCHSM",
      "C_LDG_PARTY_REL",
      "C_LDG_PARTY",
      "today_party_xform",
      "today_party_role_xform"
    ],
    "total_sources": 9,
    "total_targets": 8,
    "transformation_types": {
      "Update Strategy": 5,
      "Expression": 49,
      "Source Qualifier": 33,
      "Lookup Procedure": 29,
      "Custom Transformation": 6,
      "Filter": 29,
      "Stored Procedure": 4,
      "Input Transformation": 1,
      "Output Transformation": 1,
      "Mapplet": 1,
      "Aggregator": 4,
      "Router": 1,
      "Sorter": 2,
      "Joiner": 1
    }
  },
  "mapping_summaries": [
    {
      "name": "m_landing_party_contact_mechanism_delta",
      "sources": [
        "TODAY_PARTY_CNTCT_MCHSM_XFORM"
      ],
      "targets": [
        "C_LDG_PARTY_CNTCT_MCHSM"
      ],
      "transformations": 17
    },
    {
      "name": "m_landing_party_delta",
      "sources": [
        "TODAY_PARTY_XFORM"
      ],
      "targets": [
        "C_LDG_PARTY"
      ],
      "transformations": 8
    },
    {
      "name": "m_landing_party_rel_delta",
      "sources": [
        "TODAY_PARTY_REL_XFORM"
      ],
      "targets": [
        "C_LDG_PARTY_REL"
      ],
      "transformations": 8
    },
    {
      "name": "m_landing_party_role_delta",
      "sources": [
        "TODAY_PARTY_ROLE_XFORM"
      ],
      "targets": [
        "C_LDG_PARTY_ROLE"
      ],
      "transformations": 8
    },
    {
      "name": "m_landing_sfdc_to_cdm_contact_party",
      "sources": [
        "pre_land_sfdc_contact"
      ],
      "targets": [
        "today_party_xform"
      ],
      "transformations": 7
    },
    {
      "name": "m_landing_sfdc_to_cdm_contact_party_mechanism",
      "sources": [
        "pre_land_sfdc_contact"
      ],
      "targets": [
        "TODAY_PARTY_CNTCT_MCHSM_XFORM"
      ],
      "transformations": 6
    },
    {
      "name": "m_landing_sfdc_to_cdm_contact_party_rel_new",
      "sources": [
        "pre_land_sfdc_contact"
      ],
      "targets": [
        "today_party_rel_xform"
      ],
      "transformations": 36
    },
    {
      "name": "m_landing_sfdc_to_cdm_contact_party_role",
      "sources": [
        "pre_land_sfdc_contact",
        "pre_land_sfdc_contact_connection"
      ],
      "targets": [
        "today_party_role_xform"
      ],
      "transformations": 10
    },
    {
      "name": "m_landing_sfdc_to_cdm_office_party",
      "sources": [
        "pre_land_sfdc_office"
      ],
      "targets": [
        "today_party_xform"
      ],
      "transformations": 6
    },
    {
      "name": "m_landing_sfdc_to_cdm_office_party_contact_mechanism",
      "sources": [
        "pre_land_sfdc_office"
      ],
      "targets": [
        "TODAY_PARTY_CNTCT_MCHSM_XFORM"
      ],
      "transformations": 7
    },
    {
      "name": "m_landing_sfdc_to_cdm_office_party_rel",
      "sources": [
        "pre_land_sfdc_office"
      ],
      "targets": [
        "today_party_rel_xform"
      ],
      "transformations": 11
    },
    {
      "name": "m_landing_sfdc_to_cdm_office_party_role",
      "sources": [
        "pre_land_sfdc_org_office_role"
      ],
      "targets": [
        "today_party_role_xform"
      ],
      "transformations": 7
    },
    {
      "name": "m_landing_sfdc_to_cdm_organization_party",
      "sources": [
        "pre_land_sfdc_organization"
      ],
      "targets": [
        "today_party_xform"
      ],
      "transformations": 11
    },
    {
      "name": "m_landing_sfdc_to_cdm_organization_party_contact_mechanism",
      "sources": [
        "pre_land_sfdc_organization"
      ],
      "targets": [
        "TODAY_PARTY_CNTCT_MCHSM_XFORM"
      ],
      "transformations": 7
    },
    {
      "name": "m_landing_sfdc_to_cdm_organization_party_rel",
      "sources": [
        "pre_land_sfdc_organization"
      ],
      "targets": [
        "today_party_rel_xform"
      ],
      "transformations": 4
    },
    {
      "name": "m_landing_sfdc_to_cdm_organization_party_role",
      "sources": [
        "pre_land_sfdc_org_office_role",
        "pre_land_sfdc_organization"
      ],
      "targets": [
        "today_party_role_xform"
      ],
      "transformations": 13
    }
  ],
  "analyzed_files": 16
}