{
  "mapping_name": "m_landing_sfdc_to_cdm_office_party_role",
  "xml_path": "/tmp/informatica_xml_e14a3kqh/INFORMATICA XML MAPPING/TODAY_LAYER_XML_MAPPING/wf_landing_sfdc_to_cdm_office_party_role.xml",
  "sources": [
    {
      "name": "pre_land_sfdc_org_office_role",
      "type": "Unknown",
      "dbdname": "CDM_SQL_PRE_LANDING_SRC",
      "fields": [
        {
          "name": "Id",
          "datatype": "nvarchar",
          "precision": "18",
          "scale": "0",
          "nullable": false,
          "description": "",
          "default_value": "",
          "schema_info": {
            "field_name": "Id",
            "field_type": "nvarchar",
            "nullable": false,
            "precision": "18",
            "scale": "0",
            "primary_key": false,
            "unique": false,
            "foreign_key": false,
            "default": ""
          }
        },
        {
          "name": "CreatedDate",
          "datatype": "nvarchar",
          "precision": "29",
          "scale": "0",
          "nullable": false,
          "description": "",
          "default_value": "",
          "schema_info": {
            "field_name": "CreatedDate",
            "field_type": "nvarchar",
            "nullable": false,
            "precision": "29",
            "scale": "0",
            "primary_key": false,
            "unique": false,
            "foreign_key": false,
            "default": ""
          }
        },
        {
          "name": "CreatedByAlias",
          "datatype": "nvarchar",
          "precision": "8",
          "scale": "0",
          "nullable": false,
          "description": "",
          "default_value": "",
          "schema_info": {
            "field_name": "CreatedByAlias",
            "field_type": "nvarchar",
            "nullable": false,
            "precision": "8",
            "scale": "0",
            "primary_key": false,
            "unique": false,
            "foreign_key": false,
            "default": ""
          }
        },
        {
          "name": "LastModifiedDate",
          "datatype": "nvarchar",
          "precision": "29",
          "scale": "0",
          "nullable": false,
          "description": "",
          "default_value": "",
          "schema_info": {
            "field_name": "LastModifiedDate",
            "field_type": "nvarchar",
            "nullable": false,
            "precision": "29",
            "scale": "0",
            "primary_key": false,
            "unique": false,
            "foreign_key": false,
            "default": ""
          }
        },
        {
          "name": "LastModifiedAlias",
          "datatype": "nvarchar",
          "precision": "8",
          "scale": "0",
          "nullable": false,
          "description": "",
          "default_value": "",
          "schema_info": {
            "field_name": "LastModifiedAlias",
            "field_type": "nvarchar",
            "nullable": false,
            "precision": "8",
            "scale": "0",
            "primary_key": false,
            "unique": false,
            "foreign_key": false,
            "default": ""
          }
        },
        {
          "name": "LastActivityDate",
          "datatype": "nvarchar",
          "precision": "29",
          "scale": "0",
          "nullable": false,
          "description": "",
          "default_value": "",
          "schema_info": {
            "field_name": "LastActivityDate",
            "field_type": "nvarchar",
            "nullable": false,
            "precision": "29",
            "scale": "0",
            "primary_key": false,
            "unique": false,
            "foreign_key": false,
            "default": ""
          }
        },
        {
          "name": "Role_Start_Date__c",
          "datatype": "nvarchar",
          "precision": "29",
          "scale": "0",
          "nullable": false,
          "description": "",
          "default_value": "",
          "schema_info": {
            "field_name": "Role_Start_Date__c",
            "field_type": "nvarchar",
            "nullable": false,
            "precision": "29",
            "scale": "0",
            "primary_key": false,
            "unique": false,
            "foreign_key": false,
            "default": ""
          }
        },
        {
          "name": "Role_End_Date__c",
          "datatype": "nvarchar",
          "precision": "29",
          "scale": "0",
          "nullable": false,
          "description": "",
          "default_value": "",
          "schema_info": {
            "field_name": "Role_End_Date__c",
            "field_type": "nvarchar",
            "nullable": false,
            "precision": "29",
            "scale": "0",
            "primary_key": false,
            "unique": false,
            "foreign_key": false,
            "default": ""
          }
        },
        {
          "name": "Primary_Role__c",
          "datatype": "nvarchar",
          "precision": "5",
          "scale": "0",
          "nullable": false,
          "description": "",
          "default_value": "",
          "schema_info": {
            "field_name": "Primary_Role__c",
            "field_type": "nvarchar",
            "nullable": false,
            "precision": "5",
            "scale": "0",
            "primary_key": false,
            "unique": false,
            "foreign_key": false,
            "default": ""
          }
        },
        {
          "name": "Role_Inactivation_Reason__c",
          "datatype": "nvarchar",
          "precision": "255",
          "scale": "0",
          "nullable": false,
          "description": "",
          "default_value": "",
          "schema_info": {
            "field_name": "Role_Inactivation_Reason__c",
            "field_type": "nvarchar",
            "nullable": false,
            "precision": "255",
            "scale": "0",
            "primary_key": false,
            "unique": false,
            "foreign_key": false,
            "default": ""
          }
        },
        {
          "name": "Role_Status__c",
          "datatype": "nvarchar",
          "precision": "255",
          "scale": "0",
          "nullable": false,
          "description": "",
          "default_value": "",
          "schema_info": {
            "field_name": "Role_Status__c",
            "field_type": "nvarchar",
            "nullable": false,
            "precision": "255",
            "scale": "0",
            "primary_key": false,
            "unique": false,
            "foreign_key": false,
            "default": ""
          }
        },
        {
          "name": "Role__c",
          "datatype": "nvarchar",
          "precision": "255",
          "scale": "0",
          "nullable": false,
          "description": "",
          "default_value": "",
          "schema_info": {
            "field_name": "Role__c",
            "field_type": "nvarchar",
            "nullable": false,
            "precision": "255",
            "scale": "0",
            "primary_key": false,
            "unique": false,
            "foreign_key": false,
            "default": ""
          }
        },
        {
          "name": "Account_Name__c",
          "datatype": "nvarchar",
          "precision": "18",
          "scale": "0",
          "nullable": false,
          "description": "",
          "default_value": "",
          "schema_info": {
            "field_name": "Account_Name__c",
            "field_type": "nvarchar",
            "nullable": false,
            "precision": "18",
            "scale": "0",
            "primary_key": false,
            "unique": false,
            "foreign_key": false,
            "default": ""
          }
        }
      ]
    }
  ],
  "targets": [
    {
      "name": "today_party_role_xform",
      "type": "Unknown",
      "dbdname": "",
      "fields": [
        {
          "name": "src_rowid",
          "datatype": "bigint",
          "precision": "19",
          "scale": "0",
          "nullable": false,
          "description": "",
          "default_value": "",
          "schema_info": {
            "field_name": "src_rowid",
            "field_type": "bigint",
            "nullable": false,
            "precision": "19",
            "scale": "0",
            "primary_key": false,
            "unique": false,
            "foreign_key": false,
            "default": ""
          }
        },
        {
          "name": "inactivation_reason_id",
          "datatype": "bigint",
          "precision": "19",
          "scale": "0",
          "nullable": false,
          "description": "",
          "default_value": "",
          "schema_info": {
            "field_name": "inactivation_reason_id",
            "field_type": "bigint",
            "nullable": false,
            "precision": "19",
            "scale": "0",
            "primary_key": false,
            "unique": false,
            "foreign_key": false,
            "default": ""
          }
        },
        {
          "name": "status_id",
          "datatype": "bigint",
          "precision": "19",
          "scale": "0",
          "nullable": false,
          "description": "",
          "default_value": "",
          "schema_info": {
            "field_name": "status_id",
            "field_type": "bigint",
            "nullable": false,
            "precision": "19",
            "scale": "0",
            "primary_key": false,
            "unique": false,
            "foreign_key": false,
            "default": ""
          }
        },
        {
          "name": "primary_indicator",
          "datatype": "nchar",
          "precision": "1",
          "scale": "0",
          "nullable": false,
          "description": "",
          "default_value": "",
          "schema_info": {
            "field_name": "primary_indicator",
            "field_type": "nchar",
            "nullable": false,
            "precision": "1",
            "scale": "0",
            "primary_key": false,
            "unique": false,
            "foreign_key": false,
            "default": ""
          }
        },
        {
          "name": "source_party_role_id",
          "datatype": "nvarchar",
          "precision": "255",
          "scale": "0",
          "nullable": false,
          "description": "",
          "default_value": "",
          "schema_info": {
            "field_name": "source_party_role_id",
            "field_type": "nvarchar",
            "nullable": false,
            "precision": "255",
            "scale": "0",
            "primary_key": false,
            "unique": false,
            "foreign_key": false,
            "default": ""
          }
        },
        {
          "name": "role_type_id",
          "datatype": "bigint",
          "precision": "19",
          "scale": "0",
          "nullable": false,
          "description": "",
          "default_value": "",
          "schema_info": {
            "field_name": "role_type_id",
            "field_type": "bigint",
            "nullable": false,
            "precision": "19",
            "scale": "0",
            "primary_key": false,
            "unique": false,
            "foreign_key": false,
            "default": ""
          }
        },
        {
          "name": "last_updated_date",
          "datatype": "nvarchar",
          "precision": "23",
          "scale": "0",
          "nullable": false,
          "description": "",
          "default_value": "",
          "schema_info": {
            "field_name": "last_updated_date",
            "field_type": "nvarchar",
            "nullable": false,
            "precision": "23",
            "scale": "0",
            "primary_key": false,
            "unique": false,
            "foreign_key": false,
            "default": ""
          }
        },
        {
          "name": "source_party_id",
          "datatype": "nvarchar",
          "precision": "255",
          "scale": "0",
          "nullable": false,
          "description": "",
          "default_value": "",
          "schema_info": {
            "field_name": "source_party_id",
            "field_type": "nvarchar",
            "nullable": false,
            "precision": "255",
            "scale": "0",
            "primary_key": false,
            "unique": false,
            "foreign_key": false,
            "default": ""
          }
        },
        {
          "name": "source_system",
          "datatype": "nvarchar",
          "precision": "250",
          "scale": "0",
          "nullable": false,
          "description": "",
          "default_value": "",
          "schema_info": {
            "field_name": "source_system",
            "field_type": "nvarchar",
            "nullable": false,
            "precision": "250",
            "scale": "0",
            "primary_key": false,
            "unique": false,
            "foreign_key": false,
            "default": ""
          }
        },
        {
          "name": "created_by",
          "datatype": "nvarchar",
          "precision": "50",
          "scale": "0",
          "nullable": false,
          "description": "",
          "default_value": "",
          "schema_info": {
            "field_name": "created_by",
            "field_type": "nvarchar",
            "nullable": false,
            "precision": "50",
            "scale": "0",
            "primary_key": false,
            "unique": false,
            "foreign_key": false,
            "default": ""
          }
        },
        {
          "name": "created_date",
          "datatype": "nvarchar",
          "precision": "23",
          "scale": "0",
          "nullable": false,
          "description": "",
          "default_value": "",
          "schema_info": {
            "field_name": "created_date",
            "field_type": "nvarchar",
            "nullable": false,
            "precision": "23",
            "scale": "0",
            "primary_key": false,
            "unique": false,
            "foreign_key": false,
            "default": ""
          }
        },
        {
          "name": "inactivation_date",
          "datatype": "nvarchar",
          "precision": "23",
          "scale": "0",
          "nullable": false,
          "description": "",
          "default_value": "",
          "schema_info": {
            "field_name": "inactivation_date",
            "field_type": "nvarchar",
            "nullable": false,
            "precision": "23",
            "scale": "0",
            "primary_key": false,
            "unique": false,
            "foreign_key": false,
            "default": ""
          }
        },
        {
          "name": "deleted_indicator",
          "datatype": "nchar",
          "precision": "1",
          "scale": "0",
          "nullable": false,
          "description": "",
          "default_value": "",
          "schema_info": {
            "field_name": "deleted_indicator",
            "field_type": "nchar",
            "nullable": false,
            "precision": "1",
            "scale": "0",
            "primary_key": false,
            "unique": false,
            "foreign_key": false,
            "default": ""
          }
        },
        {
          "name": "last_updated_by",
          "datatype": "nvarchar",
          "precision": "50",
          "scale": "0",
          "nullable": false,
          "description": "",
          "default_value": "",
          "schema_info": {
            "field_name": "last_updated_by",
            "field_type": "nvarchar",
            "nullable": false,
            "precision": "50",
            "scale": "0",
            "primary_key": false,
            "unique": false,
            "foreign_key": false,
            "default": ""
          }
        },
        {
          "name": "sub_role_type_id",
          "datatype": "bigint",
          "precision": "19",
          "scale": "0",
          "nullable": false,
          "description": "",
          "default_value": "",
          "schema_info": {
            "field_name": "sub_role_type_id",
            "field_type": "bigint",
            "nullable": false,
            "precision": "19",
            "scale": "0",
            "primary_key": false,
            "unique": false,
            "foreign_key": false,
            "default": ""
          }
        },
        {
          "name": "parent_source_system",
          "datatype": "nvarchar",
          "precision": "50",
          "scale": "0",
          "nullable": false,
          "description": "",
          "default_value": "",
          "schema_info": {
            "field_name": "parent_source_system",
            "field_type": "nvarchar",
            "nullable": false,
            "precision": "50",
            "scale": "0",
            "primary_key": false,
            "unique": false,
            "foreign_key": false,
            "default": ""
          }
        },
        {
          "name": "org_intermediary_number",
          "datatype": "numeric",
          "precision": "15",
          "scale": "0",
          "nullable": false,
          "description": "",
          "default_value": "",
          "schema_info": {
            "field_name": "org_intermediary_number",
            "field_type": "numeric",
            "nullable": false,
            "precision": "15",
            "scale": "0",
            "primary_key": false,
            "unique": false,
            "foreign_key": false,
            "default": ""
          }
        },
        {
          "name": "org_sga_status_id",
          "datatype": "bigint",
          "precision": "19",
          "scale": "0",
          "nullable": false,
          "description": "",
          "default_value": "",
          "schema_info": {
            "field_name": "org_sga_status_id",
            "field_type": "bigint",
            "nullable": false,
            "precision": "19",
            "scale": "0",
            "primary_key": false,
            "unique": false,
            "foreign_key": false,
            "default": ""
          }
        },
        {
          "name": "dually_registered_ind",
          "datatype": "nchar",
          "precision": "1",
          "scale": "0",
          "nullable": false,
          "description": "",
          "default_value": "",
          "schema_info": {
            "field_name": "dually_registered_ind",
            "field_type": "nchar",
            "nullable": false,
            "precision": "1",
            "scale": "0",
            "primary_key": false,
            "unique": false,
            "foreign_key": false,
            "default": ""
          }
        },
        {
          "name": "org_w9_form_on_file_ind",
          "datatype": "nchar",
          "precision": "1",
          "scale": "0",
          "nullable": false,
          "description": "",
          "default_value": "",
          "schema_info": {
            "field_name": "org_w9_form_on_file_ind",
            "field_type": "nchar",
            "nullable": false,
            "precision": "1",
            "scale": "0",
            "primary_key": false,
            "unique": false,
            "foreign_key": false,
            "default": ""
          }
        },
        {
          "name": "prsn_primary_rep_id",
          "datatype": "nvarchar",
          "precision": "9",
          "scale": "0",
          "nullable": false,
          "description": "",
          "default_value": "",
          "schema_info": {
            "field_name": "prsn_primary_rep_id",
            "field_type": "nvarchar",
            "nullable": false,
            "precision": "9",
            "scale": "0",
            "primary_key": false,
            "unique": false,
            "foreign_key": false,
            "default": ""
          }
        },
        {
          "name": "mapping_name",
          "datatype": "nvarchar",
          "precision": "80",
          "scale": "0",
          "nullable": false,
          "description": "",
          "default_value": "",
          "schema_info": {
            "field_name": "mapping_name",
            "field_type": "nvarchar",
            "nullable": false,
            "precision": "80",
            "scale": "0",
            "primary_key": false,
            "unique": false,
            "foreign_key": false,
            "default": ""
          }
        },
        {
          "name": "org_tpa_soltn_idfct_num",
          "datatype": "nvarchar",
          "precision": "32",
          "scale": "0",
          "nullable": false,
          "description": "",
          "default_value": "",
          "schema_info": {
            "field_name": "org_tpa_soltn_idfct_num",
            "field_type": "nvarchar",
            "nullable": false,
            "precision": "32",
            "scale": "0",
            "primary_key": false,
            "unique": false,
            "foreign_key": false,
            "default": ""
          }
        },
        {
          "name": "GRP_PRIMARY_REP_ID",
          "datatype": "varchar",
          "precision": "9",
          "scale": "0",
          "nullable": false,
          "description": "",
          "default_value": "",
          "schema_info": {
            "field_name": "GRP_PRIMARY_REP_ID",
            "field_type": "varchar",
            "nullable": false,
            "precision": "9",
            "scale": "0",
            "primary_key": false,
            "unique": false,
            "foreign_key": false,
            "default": ""
          }
        },
        {
          "name": "DEFERRED_OWNERSHIP_IND",
          "datatype": "nchar",
          "precision": "1",
          "scale": "0",
          "nullable": false,
          "description": "",
          "default_value": "",
          "schema_info": {
            "field_name": "DEFERRED_OWNERSHIP_IND",
            "field_type": "nchar",
            "nullable": false,
            "precision": "1",
            "scale": "0",
            "primary_key": false,
            "unique": false,
            "foreign_key": false,
            "default": ""
          }
        }
      ]
    }
  ],
  "transformations": [
    {
      "name": "SQ_pre_land_sfdc_org_office_role_SFDC",
      "type": "Source Qualifier",
      "properties": {
        "Id": "",
        "CreatedDate": "",
        "CreatedByAlias": "",
        "LastModifiedDate": "",
        "LastModifiedAlias": "",
        "Role_End_Date__c": "",
        "Role_Status__c": "",
        "Role__c": "",
        "Account_Name__c": ""
      },
      "ports": [
        {
          "name": "Id",
          "type": "INPUT/OUTPUT",
          "datatype": "string",
          "expression": ""
        },
        {
          "name": "CreatedDate",
          "type": "INPUT/OUTPUT",
          "datatype": "string",
          "expression": ""
        },
        {
          "name": "CreatedByAlias",
          "type": "INPUT/OUTPUT",
          "datatype": "string",
          "expression": ""
        },
        {
          "name": "LastModifiedDate",
          "type": "INPUT/OUTPUT",
          "datatype": "string",
          "expression": ""
        },
        {
          "name": "LastModifiedAlias",
          "type": "INPUT/OUTPUT",
          "datatype": "string",
          "expression": ""
        },
        {
          "name": "Role_End_Date__c",
          "type": "INPUT/OUTPUT",
          "datatype": "string",
          "expression": ""
        },
        {
          "name": "Role_Status__c",
          "type": "INPUT/OUTPUT",
          "datatype": "string",
          "expression": ""
        },
        {
          "name": "Role__c",
          "type": "INPUT/OUTPUT",
          "datatype": "string",
          "expression": ""
        },
        {
          "name": "Account_Name__c",
          "type": "INPUT/OUTPUT",
          "datatype": "nstring",
          "expression": ""
        }
      ]
    },
    {
      "name": "lkp_values",
      "type": "Lookup Procedure",
      "properties": {
        "src_val_in": "",
        "attrib_nm_in": "",
        "src_sys_nm": "",
        "attrib_nm": "",
        "src_val": "",
        "std_lkup_id": ""
      },
      "ports": [
        {
          "name": "src_val_in",
          "type": "INPUT",
          "datatype": "string",
          "expression": ""
        },
        {
          "name": "attrib_nm_in",
          "type": "INPUT",
          "datatype": "string",
          "expression": ""
        },
        {
          "name": "src_sys_nm",
          "type": "LOOKUP/OUTPUT",
          "datatype": "string",
          "expression": ""
        },
        {
          "name": "attrib_nm",
          "type": "LOOKUP/OUTPUT",
          "datatype": "string",
          "expression": ""
        },
        {
          "name": "src_val",
          "type": "LOOKUP/OUTPUT",
          "datatype": "string",
          "expression": ""
        },
        {
          "name": "std_lkup_id",
          "type": "LOOKUP/RETURN/OUTPUT",
          "datatype": "integer",
          "expression": ""
        }
      ]
    },
    {
      "name": "FILTRANS",
      "type": "Filter",
      "properties": {
        "Role_End_Date__out": "",
        "PRIMARY_INDICATOR": "",
        "Inactive_Reason_Id_out": "",
        "Role_Status_Id_out": "",
        "Role_Type_Id_out": "",
        "Id_Out": "",
        "LastModifiedDate": "",
        "Source_System_Name": "",
        "CreatedByAlias": "",
        "CreatedDate": "",
        "LastModifiedByAlias": "",
        "SOURCE_PARTY_ROLE_ID": "",
        "PARENT_SOURCE_SYSTEM": "",
        "MAPPING_NAME": "",
        "DEFERRED_OWNERSHIP_IND": ""
      },
      "ports": [
        {
          "name": "Role_End_Date__out",
          "type": "INPUT/OUTPUT",
          "datatype": "date/time",
          "expression": ""
        },
        {
          "name": "PRIMARY_INDICATOR",
          "type": "INPUT/OUTPUT",
          "datatype": "string",
          "expression": ""
        },
        {
          "name": "Inactive_Reason_Id_out",
          "type": "INPUT/OUTPUT",
          "datatype": "bigint",
          "expression": ""
        },
        {
          "name": "Role_Status_Id_out",
          "type": "INPUT/OUTPUT",
          "datatype": "bigint",
          "expression": ""
        },
        {
          "name": "Role_Type_Id_out",
          "type": "INPUT/OUTPUT",
          "datatype": "bigint",
          "expression": ""
        },
        {
          "name": "Id_Out",
          "type": "INPUT/OUTPUT",
          "datatype": "nstring",
          "expression": ""
        },
        {
          "name": "LastModifiedDate",
          "type": "INPUT/OUTPUT",
          "datatype": "string",
          "expression": ""
        },
        {
          "name": "Source_System_Name",
          "type": "INPUT/OUTPUT",
          "datatype": "nstring",
          "expression": ""
        },
        {
          "name": "CreatedByAlias",
          "type": "INPUT/OUTPUT",
          "datatype": "nstring",
          "expression": ""
        },
        {
          "name": "CreatedDate",
          "type": "INPUT/OUTPUT",
          "datatype": "string",
          "expression": ""
        },
        {
          "name": "LastModifiedByAlias",
          "type": "INPUT/OUTPUT",
          "datatype": "string",
          "expression": ""
        },
        {
          "name": "SOURCE_PARTY_ROLE_ID",
          "type": "INPUT/OUTPUT",
          "datatype": "nstring",
          "expression": ""
        },
        {
          "name": "PARENT_SOURCE_SYSTEM",
          "type": "INPUT/OUTPUT",
          "datatype": "string",
          "expression": ""
        },
        {
          "name": "MAPPING_NAME",
          "type": "INPUT/OUTPUT",
          "datatype": "string",
          "expression": ""
        },
        {
          "name": "DEFERRED_OWNERSHIP_IND",
          "type": "INPUT/OUTPUT",
          "datatype": "string",
          "expression": ""
        }
      ]
    },
    {
      "name": "TODAY_PARTY_XFORM_LOOKUP",
      "type": "Lookup Procedure",
      "properties": {
        "SOURCE_PARTY_ID": "",
        "SOURCE_SYSTEM": "",
        "IN_Id": ""
      },
      "ports": [
        {
          "name": "SOURCE_PARTY_ID",
          "type": "LOOKUP/OUTPUT",
          "datatype": "nstring",
          "expression": ""
        },
        {
          "name": "SOURCE_SYSTEM",
          "type": "LOOKUP/RETURN/OUTPUT",
          "datatype": "nstring",
          "expression": ""
        },
        {
          "name": "IN_Id",
          "type": "INPUT",
          "datatype": "string",
          "expression": ""
        }
      ]
    },
    {
      "name": "exp_org_role1",
      "type": "Expression",
      "properties": {
        "Account_Name__c": "",
        "CreatedDate": "",
        "CreatedByAlias": "",
        "LastModifiedDate": "",
        "LastModifiedAlias": "",
        "Role_End_Date__c": "",
        "Role_Status__c": "",
        "Direct__c": "",
        "DEFERRED_OWNERSHIP_IND": ""
      },
      "ports": [
        {
          "name": "Account_Name__c",
          "type": "INPUT/OUTPUT",
          "datatype": "string",
          "expression": "Account_Name__c"
        },
        {
          "name": "CreatedDate",
          "type": "INPUT/OUTPUT",
          "datatype": "string",
          "expression": "CreatedDate"
        },
        {
          "name": "CreatedByAlias",
          "type": "INPUT/OUTPUT",
          "datatype": "string",
          "expression": "CreatedByAlias"
        },
        {
          "name": "LastModifiedDate",
          "type": "INPUT/OUTPUT",
          "datatype": "string",
          "expression": "LastModifiedDate"
        },
        {
          "name": "LastModifiedAlias",
          "type": "INPUT/OUTPUT",
          "datatype": "string",
          "expression": "LastModifiedAlias"
        },
        {
          "name": "Role_End_Date__c",
          "type": "INPUT/OUTPUT",
          "datatype": "string",
          "expression": "Role_End_Date__c"
        },
        {
          "name": "Role_Status__c",
          "type": "INPUT/OUTPUT",
          "datatype": "string",
          "expression": "Role_Status__c"
        },
        {
          "name": "Direct__c",
          "type": "INPUT/OUTPUT",
          "datatype": "string",
          "expression": "Direct__c"
        },
        {
          "name": "DEFERRED_OWNERSHIP_IND",
          "type": "INPUT/OUTPUT",
          "datatype": "string",
          "expression": "DEFERRED_OWNERSHIP_IND"
        }
      ]
    },
    {
      "name": "exp_lookup_values1",
      "type": "Expression",
      "properties": {
        "Role_End_Date__c": "",
        "Role_End_Date__var": "",
        "Role_End_Date__out": "",
        "PRIMARY_INDICATOR": "",
        "Status__c": "",
        "Inactive_Reason_Type_var": "",
        "Inactive_Reason_Type_var2": "",
        "Inactive_Reason_Id_out": "",
        "Role_Status_Id_var": "",
        "Role_Status_Id_var2": "",
        "Role_Status_Id_out": "",
        "Role_Type_Id_var": "",
        "Role_Type_Id_var2": "",
        "Role_Type_Id_out": "",
        "Source_System": "",
        "Id": "",
        "Id_Out": "",
        "LastModifiedDate": "",
        "MAPPING_NAME": "",
        "CreatedByAlias": "",
        "CreatedDate": "",
        "LastModifiedByAlias": "",
        "SOURCE_PARTY_ROLE_ID": "",
        "PARENT_SOURCE_SYSTEM": "",
        "DEFERRED_OWNERSHIP_IND": ""
      },
      "ports": [
        {
          "name": "Role_End_Date__c",
          "type": "INPUT",
          "datatype": "string",
          "expression": ""
        },
        {
          "name": "Role_End_Date__var",
          "type": "LOCAL VARIABLE",
          "datatype": "date/time",
          "expression": "iif(isnull(Role_End_Date__c),NULL,to_date(Role_End_Date__c))"
        },
        {
          "name": "Role_End_Date__out",
          "type": "OUTPUT",
          "datatype": "date/time",
          "expression": "Role_End_Date__var"
        },
        {
          "name": "PRIMARY_INDICATOR",
          "type": "OUTPUT",
          "datatype": "string",
          "expression": "'N'"
        },
        {
          "name": "Status__c",
          "type": "INPUT",
          "datatype": "string",
          "expression": ""
        },
        {
          "name": "Inactive_Reason_Type_var",
          "type": "LOCAL VARIABLE",
          "datatype": "integer",
          "expression": ":LKP.lkp_values('Inactive','INACTIVATION_REASON_ID')"
        },
        {
          "name": "Inactive_Reason_Type_var2",
          "type": "LOCAL VARIABLE",
          "datatype": "integer",
          "expression": "iif(Status__c = 'Active',NULL,Inactive_Reason_Type_var)"
        },
        {
          "name": "Inactive_Reason_Id_out",
          "type": "OUTPUT",
          "datatype": "bigint",
          "expression": "Inactive_Reason_Type_var2"
        },
        {
          "name": "Role_Status_Id_var",
          "type": "LOCAL VARIABLE",
          "datatype": "integer",
          "expression": ":LKP.lkp_values(ltrim(rtrim(Status__c)),'PARTY_ROLE_STATUS_ID')\r\n-- DKAO.  ADDED _ID at the end."
        },
        {
          "name": "Role_Status_Id_var2",
          "type": "LOCAL VARIABLE",
          "datatype": "bigint",
          "expression": "iif(isnull(Role_Status_Id_var),9999,Role_Status_Id_var)"
        },
        {
          "name": "Role_Status_Id_out",
          "type": "OUTPUT",
          "datatype": "bigint",
          "expression": "Role_Status_Id_var2"
        },
        {
          "name": "Role_Type_Id_var",
          "type": "LOCAL VARIABLE",
          "datatype": "integer",
          "expression": ":LKP.lkp_values('Standard Office Role','PARTY_ROLE_TYPE_ID')"
        },
        {
          "name": "Role_Type_Id_var2",
          "type": "LOCAL VARIABLE",
          "datatype": "bigint",
          "expression": "iif(isnull(Role_Type_Id_var),9999,Role_Type_Id_var)"
        },
        {
          "name": "Role_Type_Id_out",
          "type": "OUTPUT",
          "datatype": "bigint",
          "expression": "Role_Type_Id_var2"
        },
        {
          "name": "Source_System",
          "type": "OUTPUT",
          "datatype": "nstring",
          "expression": "'SFDC'"
        },
        {
          "name": "Id",
          "type": "INPUT",
          "datatype": "string",
          "expression": ""
        },
        {
          "name": "Id_Out",
          "type": "OUTPUT",
          "datatype": "nstring",
          "expression": "'OFF_'||Id"
        },
        {
          "name": "LastModifiedDate",
          "type": "INPUT/OUTPUT",
          "datatype": "string",
          "expression": "LastModifiedDate"
        },
        {
          "name": "MAPPING_NAME",
          "type": "OUTPUT",
          "datatype": "string",
          "expression": "$PMMappingName"
        },
        {
          "name": "CreatedByAlias",
          "type": "INPUT/OUTPUT",
          "datatype": "nstring",
          "expression": "CreatedByAlias"
        },
        {
          "name": "CreatedDate",
          "type": "INPUT/OUTPUT",
          "datatype": "string",
          "expression": "CreatedDate"
        },
        {
          "name": "LastModifiedByAlias",
          "type": "INPUT/OUTPUT",
          "datatype": "string",
          "expression": "LastModifiedByAlias"
        },
        {
          "name": "SOURCE_PARTY_ROLE_ID",
          "type": "OUTPUT",
          "datatype": "nstring",
          "expression": "Id||'Standard Office Role'"
        },
        {
          "name": "PARENT_SOURCE_SYSTEM",
          "type": "OUTPUT",
          "datatype": "string",
          "expression": ":LKP.TODAY_PARTY_XFORM_LOOKUP('OFF_'||Id)"
        },
        {
          "name": "DEFERRED_OWNERSHIP_IND",
          "type": "INPUT/OUTPUT",
          "datatype": "string",
          "expression": "DEFERRED_OWNERSHIP_IND"
        }
      ]
    },
    {
      "name": "flt_org_role1",
      "type": "Filter",
      "properties": {
        "Id": "",
        "CreatedDate": "",
        "CreatedByAlias": "",
        "LastModifiedDate": "",
        "LastModifiedAlias": "",
        "Role_End_Date__c": "",
        "Role_Status__c": "",
        "Direct__c": "",
        "DEFERRED_OWNERSHIP_IND": ""
      },
      "ports": [
        {
          "name": "Id",
          "type": "INPUT/OUTPUT",
          "datatype": "string",
          "expression": ""
        },
        {
          "name": "CreatedDate",
          "type": "INPUT/OUTPUT",
          "datatype": "string",
          "expression": ""
        },
        {
          "name": "CreatedByAlias",
          "type": "INPUT/OUTPUT",
          "datatype": "string",
          "expression": ""
        },
        {
          "name": "LastModifiedDate",
          "type": "INPUT/OUTPUT",
          "datatype": "string",
          "expression": ""
        },
        {
          "name": "LastModifiedAlias",
          "type": "INPUT/OUTPUT",
          "datatype": "string",
          "expression": ""
        },
        {
          "name": "Role_End_Date__c",
          "type": "INPUT/OUTPUT",
          "datatype": "string",
          "expression": ""
        },
        {
          "name": "Role_Status__c",
          "type": "INPUT/OUTPUT",
          "datatype": "string",
          "expression": ""
        },
        {
          "name": "Direct__c",
          "type": "INPUT/OUTPUT",
          "datatype": "string",
          "expression": ""
        },
        {
          "name": "DEFERRED_OWNERSHIP_IND",
          "type": "INPUT/OUTPUT",
          "datatype": "string",
          "expression": ""
        }
      ]
    }
  ],
  "connections": [
    {
      "from_transformation": "FILTRANS",
      "from_port": "Source_System_Name",
      "to_transformation": "TODAY_PARTY_ROLE_XFORM_SFDC",
      "to_port": "source_system"
    },
    {
      "from_transformation": "FILTRANS",
      "from_port": "CreatedByAlias",
      "to_transformation": "TODAY_PARTY_ROLE_XFORM_SFDC",
      "to_port": "created_by"
    },
    {
      "from_transformation": "FILTRANS",
      "from_port": "MAPPING_NAME",
      "to_transformation": "TODAY_PARTY_ROLE_XFORM_SFDC",
      "to_port": "mapping_name"
    },
    {
      "from_transformation": "FILTRANS",
      "from_port": "DEFERRED_OWNERSHIP_IND",
      "to_transformation": "TODAY_PARTY_ROLE_XFORM_SFDC",
      "to_port": "DEFERRED_OWNERSHIP_IND"
    },
    {
      "from_transformation": "FILTRANS",
      "from_port": "CreatedDate",
      "to_transformation": "TODAY_PARTY_ROLE_XFORM_SFDC",
      "to_port": "created_date"
    },
    {
      "from_transformation": "FILTRANS",
      "from_port": "LastModifiedByAlias",
      "to_transformation": "TODAY_PARTY_ROLE_XFORM_SFDC",
      "to_port": "last_updated_by"
    },
    {
      "from_transformation": "FILTRANS",
      "from_port": "SOURCE_PARTY_ROLE_ID",
      "to_transformation": "TODAY_PARTY_ROLE_XFORM_SFDC",
      "to_port": "source_party_role_id"
    },
    {
      "from_transformation": "FILTRANS",
      "from_port": "PARENT_SOURCE_SYSTEM",
      "to_transformation": "TODAY_PARTY_ROLE_XFORM_SFDC",
      "to_port": "parent_source_system"
    },
    {
      "from_transformation": "FILTRANS",
      "from_port": "Role_End_Date__out",
      "to_transformation": "TODAY_PARTY_ROLE_XFORM_SFDC",
      "to_port": "inactivation_date"
    },
    {
      "from_transformation": "FILTRANS",
      "from_port": "PRIMARY_INDICATOR",
      "to_transformation": "TODAY_PARTY_ROLE_XFORM_SFDC",
      "to_port": "primary_indicator"
    },
    {
      "from_transformation": "FILTRANS",
      "from_port": "Inactive_Reason_Id_out",
      "to_transformation": "TODAY_PARTY_ROLE_XFORM_SFDC",
      "to_port": "inactivation_reason_id"
    },
    {
      "from_transformation": "FILTRANS",
      "from_port": "Role_Type_Id_out",
      "to_transformation": "TODAY_PARTY_ROLE_XFORM_SFDC",
      "to_port": "role_type_id"
    },
    {
      "from_transformation": "FILTRANS",
      "from_port": "Role_Status_Id_out",
      "to_transformation": "TODAY_PARTY_ROLE_XFORM_SFDC",
      "to_port": "status_id"
    },
    {
      "from_transformation": "FILTRANS",
      "from_port": "Id_Out",
      "to_transformation": "TODAY_PARTY_ROLE_XFORM_SFDC",
      "to_port": "source_party_id"
    },
    {
      "from_transformation": "FILTRANS",
      "from_port": "LastModifiedDate",
      "to_transformation": "TODAY_PARTY_ROLE_XFORM_SFDC",
      "to_port": "last_updated_date"
    },
    {
      "from_transformation": "pre_land_sfdc_org_office_role_SFDC",
      "from_port": "LastModifiedAlias",
      "to_transformation": "SQ_pre_land_sfdc_org_office_role_SFDC",
      "to_port": "LastModifiedAlias"
    },
    {
      "from_transformation": "pre_land_sfdc_org_office_role_SFDC",
      "from_port": "Id",
      "to_transformation": "SQ_pre_land_sfdc_org_office_role_SFDC",
      "to_port": "Id"
    },
    {
      "from_transformation": "pre_land_sfdc_org_office_role_SFDC",
      "from_port": "CreatedDate",
      "to_transformation": "SQ_pre_land_sfdc_org_office_role_SFDC",
      "to_port": "CreatedDate"
    },
    {
      "from_transformation": "pre_land_sfdc_org_office_role_SFDC",
      "from_port": "CreatedByAlias",
      "to_transformation": "SQ_pre_land_sfdc_org_office_role_SFDC",
      "to_port": "CreatedByAlias"
    },
    {
      "from_transformation": "pre_land_sfdc_org_office_role_SFDC",
      "from_port": "LastModifiedDate",
      "to_transformation": "SQ_pre_land_sfdc_org_office_role_SFDC",
      "to_port": "LastModifiedDate"
    },
    {
      "from_transformation": "pre_land_sfdc_org_office_role_SFDC",
      "from_port": "Role_End_Date__c",
      "to_transformation": "SQ_pre_land_sfdc_org_office_role_SFDC",
      "to_port": "Role_End_Date__c"
    },
    {
      "from_transformation": "pre_land_sfdc_org_office_role_SFDC",
      "from_port": "Account_Name__c",
      "to_transformation": "SQ_pre_land_sfdc_org_office_role_SFDC",
      "to_port": "Account_Name__c"
    },
    {
      "from_transformation": "pre_land_sfdc_org_office_role_SFDC",
      "from_port": "Role_Status__c",
      "to_transformation": "SQ_pre_land_sfdc_org_office_role_SFDC",
      "to_port": "Role_Status__c"
    },
    {
      "from_transformation": "pre_land_sfdc_org_office_role_SFDC",
      "from_port": "Role__c",
      "to_transformation": "SQ_pre_land_sfdc_org_office_role_SFDC",
      "to_port": "Role__c"
    },
    {
      "from_transformation": "SQ_pre_land_sfdc_org_office_role_SFDC",
      "from_port": "Id",
      "to_transformation": "flt_org_role1",
      "to_port": "Id"
    },
    {
      "from_transformation": "SQ_pre_land_sfdc_org_office_role_SFDC",
      "from_port": "Role_End_Date__c",
      "to_transformation": "flt_org_role1",
      "to_port": "Role_End_Date__c"
    },
    {
      "from_transformation": "SQ_pre_land_sfdc_org_office_role_SFDC",
      "from_port": "Role_Status__c",
      "to_transformation": "flt_org_role1",
      "to_port": "Role_Status__c"
    },
    {
      "from_transformation": "SQ_pre_land_sfdc_org_office_role_SFDC",
      "from_port": "Role__c",
      "to_transformation": "flt_org_role1",
      "to_port": "Direct__c"
    },
    {
      "from_transformation": "SQ_pre_land_sfdc_org_office_role_SFDC",
      "from_port": "CreatedDate",
      "to_transformation": "flt_org_role1",
      "to_port": "CreatedDate"
    },
    {
      "from_transformation": "SQ_pre_land_sfdc_org_office_role_SFDC",
      "from_port": "CreatedByAlias",
      "to_transformation": "flt_org_role1",
      "to_port": "CreatedByAlias"
    },
    {
      "from_transformation": "SQ_pre_land_sfdc_org_office_role_SFDC",
      "from_port": "LastModifiedDate",
      "to_transformation": "flt_org_role1",
      "to_port": "LastModifiedDate"
    },
    {
      "from_transformation": "SQ_pre_land_sfdc_org_office_role_SFDC",
      "from_port": "LastModifiedAlias",
      "to_transformation": "flt_org_role1",
      "to_port": "LastModifiedAlias"
    },
    {
      "from_transformation": "SQ_pre_land_sfdc_org_office_role_SFDC",
      "from_port": "Account_Name__c",
      "to_transformation": "flt_org_role1",
      "to_port": "DEFERRED_OWNERSHIP_IND"
    },
    {
      "from_transformation": "exp_lookup_values1",
      "from_port": "Id_Out",
      "to_transformation": "FILTRANS",
      "to_port": "Id_Out"
    },
    {
      "from_transformation": "exp_lookup_values1",
      "from_port": "LastModifiedDate",
      "to_transformation": "FILTRANS",
      "to_port": "LastModifiedDate"
    },
    {
      "from_transformation": "exp_lookup_values1",
      "from_port": "CreatedByAlias",
      "to_transformation": "FILTRANS",
      "to_port": "CreatedByAlias"
    },
    {
      "from_transformation": "exp_lookup_values1",
      "from_port": "CreatedDate",
      "to_transformation": "FILTRANS",
      "to_port": "CreatedDate"
    },
    {
      "from_transformation": "exp_lookup_values1",
      "from_port": "LastModifiedByAlias",
      "to_transformation": "FILTRANS",
      "to_port": "LastModifiedByAlias"
    },
    {
      "from_transformation": "exp_lookup_values1",
      "from_port": "SOURCE_PARTY_ROLE_ID",
      "to_transformation": "FILTRANS",
      "to_port": "SOURCE_PARTY_ROLE_ID"
    },
    {
      "from_transformation": "exp_lookup_values1",
      "from_port": "PARENT_SOURCE_SYSTEM",
      "to_transformation": "FILTRANS",
      "to_port": "PARENT_SOURCE_SYSTEM"
    },
    {
      "from_transformation": "exp_lookup_values1",
      "from_port": "Source_System",
      "to_transformation": "FILTRANS",
      "to_port": "Source_System_Name"
    },
    {
      "from_transformation": "exp_lookup_values1",
      "from_port": "MAPPING_NAME",
      "to_transformation": "FILTRANS",
      "to_port": "MAPPING_NAME"
    },
    {
      "from_transformation": "exp_lookup_values1",
      "from_port": "Role_End_Date__out",
      "to_transformation": "FILTRANS",
      "to_port": "Role_End_Date__out"
    },
    {
      "from_transformation": "exp_lookup_values1",
      "from_port": "PRIMARY_INDICATOR",
      "to_transformation": "FILTRANS",
      "to_port": "PRIMARY_INDICATOR"
    },
    {
      "from_transformation": "exp_lookup_values1",
      "from_port": "Inactive_Reason_Id_out",
      "to_transformation": "FILTRANS",
      "to_port": "Inactive_Reason_Id_out"
    },
    {
      "from_transformation": "exp_lookup_values1",
      "from_port": "Role_Status_Id_out",
      "to_transformation": "FILTRANS",
      "to_port": "Role_Status_Id_out"
    },
    {
      "from_transformation": "exp_lookup_values1",
      "from_port": "Role_Type_Id_out",
      "to_transformation": "FILTRANS",
      "to_port": "Role_Type_Id_out"
    },
    {
      "from_transformation": "exp_lookup_values1",
      "from_port": "DEFERRED_OWNERSHIP_IND",
      "to_transformation": "FILTRANS",
      "to_port": "DEFERRED_OWNERSHIP_IND"
    },
    {
      "from_transformation": "flt_org_role1",
      "from_port": "Direct__c",
      "to_transformation": "exp_org_role1",
      "to_port": "Direct__c"
    },
    {
      "from_transformation": "flt_org_role1",
      "from_port": "Role_End_Date__c",
      "to_transformation": "exp_org_role1",
      "to_port": "Role_End_Date__c"
    },
    {
      "from_transformation": "flt_org_role1",
      "from_port": "Role_Status__c",
      "to_transformation": "exp_org_role1",
      "to_port": "Role_Status__c"
    },
    {
      "from_transformation": "flt_org_role1",
      "from_port": "CreatedDate",
      "to_transformation": "exp_org_role1",
      "to_port": "CreatedDate"
    },
    {
      "from_transformation": "flt_org_role1",
      "from_port": "CreatedByAlias",
      "to_transformation": "exp_org_role1",
      "to_port": "CreatedByAlias"
    },
    {
      "from_transformation": "flt_org_role1",
      "from_port": "LastModifiedDate",
      "to_transformation": "exp_org_role1",
      "to_port": "LastModifiedDate"
    },
    {
      "from_transformation": "flt_org_role1",
      "from_port": "LastModifiedAlias",
      "to_transformation": "exp_org_role1",
      "to_port": "LastModifiedAlias"
    },
    {
      "from_transformation": "flt_org_role1",
      "from_port": "DEFERRED_OWNERSHIP_IND",
      "to_transformation": "exp_org_role1",
      "to_port": "DEFERRED_OWNERSHIP_IND"
    },
    {
      "from_transformation": "flt_org_role1",
      "from_port": "Id",
      "to_transformation": "exp_org_role1",
      "to_port": "Account_Name__c"
    },
    {
      "from_transformation": "exp_org_role1",
      "from_port": "DEFERRED_OWNERSHIP_IND",
      "to_transformation": "exp_lookup_values1",
      "to_port": "DEFERRED_OWNERSHIP_IND"
    },
    {
      "from_transformation": "exp_org_role1",
      "from_port": "Account_Name__c",
      "to_transformation": "exp_lookup_values1",
      "to_port": "Id"
    },
    {
      "from_transformation": "exp_org_role1",
      "from_port": "LastModifiedDate",
      "to_transformation": "exp_lookup_values1",
      "to_port": "LastModifiedDate"
    },
    {
      "from_transformation": "exp_org_role1",
      "from_port": "CreatedDate",
      "to_transformation": "exp_lookup_values1",
      "to_port": "CreatedDate"
    },
    {
      "from_transformation": "exp_org_role1",
      "from_port": "CreatedByAlias",
      "to_transformation": "exp_lookup_values1",
      "to_port": "CreatedByAlias"
    },
    {
      "from_transformation": "exp_org_role1",
      "from_port": "LastModifiedAlias",
      "to_transformation": "exp_lookup_values1",
      "to_port": "LastModifiedByAlias"
    },
    {
      "from_transformation": "exp_org_role1",
      "from_port": "Role_End_Date__c",
      "to_transformation": "exp_lookup_values1",
      "to_port": "Role_End_Date__c"
    },
    {
      "from_transformation": "exp_org_role1",
      "from_port": "Role_Status__c",
      "to_transformation": "exp_lookup_values1",
      "to_port": "Status__c"
    }
  ]
}