{
  "mapping_name": "m_landing_sfdc_to_cdm_office_party",
  "xml_path": "/tmp/informatica_xml_e14a3kqh/INFORMATICA XML MAPPING/TODAY_LAYER_XML_MAPPING/wf_landing_sfdc_to_cdm_office_party.xml",
  "sources": [
    {
      "name": "pre_land_sfdc_office",
      "type": "Unknown",
      "dbdname": "CDM_SQL_PRE_LANDING_SRC",
      "fields": [
        {
          "name": "Id",
          "datatype": "nvarchar",
          "precision": "18",
          "scale": "0",
          "nullable": false,
          "description": "",
          "default_value": "",
          "schema_info": {
            "field_name": "Id",
            "field_type": "nvarchar",
            "nullable": false,
            "precision": "18",
            "scale": "0",
            "primary_key": false,
            "unique": false,
            "foreign_key": false,
            "default": ""
          }
        },
        {
          "name": "ParentId",
          "datatype": "nvarchar",
          "precision": "18",
          "scale": "0",
          "nullable": false,
          "description": "",
          "default_value": "",
          "schema_info": {
            "field_name": "ParentId",
            "field_type": "nvarchar",
            "nullable": false,
            "precision": "18",
            "scale": "0",
            "primary_key": false,
            "unique": false,
            "foreign_key": false,
            "default": ""
          }
        },
        {
          "name": "Tier__c",
          "datatype": "nvarchar",
          "precision": "255",
          "scale": "0",
          "nullable": false,
          "description": "",
          "default_value": "",
          "schema_info": {
            "field_name": "Tier__c",
            "field_type": "nvarchar",
            "nullable": false,
            "precision": "255",
            "scale": "0",
            "primary_key": false,
            "unique": false,
            "foreign_key": false,
            "default": ""
          }
        },
        {
          "name": "Status__c",
          "datatype": "nvarchar",
          "precision": "255",
          "scale": "0",
          "nullable": false,
          "description": "",
          "default_value": "",
          "schema_info": {
            "field_name": "Status__c",
            "field_type": "nvarchar",
            "nullable": false,
            "precision": "255",
            "scale": "0",
            "primary_key": false,
            "unique": false,
            "foreign_key": false,
            "default": ""
          }
        },
        {
          "name": "RecordTypeName",
          "datatype": "nvarchar",
          "precision": "80",
          "scale": "0",
          "nullable": false,
          "description": "",
          "default_value": "",
          "schema_info": {
            "field_name": "RecordTypeName",
            "field_type": "nvarchar",
            "nullable": false,
            "precision": "80",
            "scale": "0",
            "primary_key": false,
            "unique": false,
            "foreign_key": false,
            "default": ""
          }
        },
        {
          "name": "Type",
          "datatype": "nvarchar",
          "precision": "40",
          "scale": "0",
          "nullable": false,
          "description": "",
          "default_value": "",
          "schema_info": {
            "field_name": "Type",
            "field_type": "nvarchar",
            "nullable": false,
            "precision": "40",
            "scale": "0",
            "primary_key": false,
            "unique": false,
            "foreign_key": false,
            "default": ""
          }
        },
        {
          "name": "Direct__c",
          "datatype": "nvarchar",
          "precision": "15",
          "scale": "0",
          "nullable": false,
          "description": "",
          "default_value": "",
          "schema_info": {
            "field_name": "Direct__c",
            "field_type": "nvarchar",
            "nullable": false,
            "precision": "15",
            "scale": "0",
            "primary_key": false,
            "unique": false,
            "foreign_key": false,
            "default": ""
          }
        },
        {
          "name": "Office_Name_Short__c",
          "datatype": "nvarchar",
          "precision": "100",
          "scale": "0",
          "nullable": false,
          "description": "",
          "default_value": "",
          "schema_info": {
            "field_name": "Office_Name_Short__c",
            "field_type": "nvarchar",
            "nullable": false,
            "precision": "100",
            "scale": "0",
            "primary_key": false,
            "unique": false,
            "foreign_key": false,
            "default": ""
          }
        },
        {
          "name": "Name",
          "datatype": "nvarchar",
          "precision": "255",
          "scale": "0",
          "nullable": false,
          "description": "",
          "default_value": "",
          "schema_info": {
            "field_name": "Name",
            "field_type": "nvarchar",
            "nullable": false,
            "precision": "255",
            "scale": "0",
            "primary_key": false,
            "unique": false,
            "foreign_key": false,
            "default": ""
          }
        },
        {
          "name": "Marketing_Email_Restriction__c",
          "datatype": "nvarchar",
          "precision": "255",
          "scale": "0",
          "nullable": false,
          "description": "",
          "default_value": "",
          "schema_info": {
            "field_name": "Marketing_Email_Restriction__c",
            "field_type": "nvarchar",
            "nullable": false,
            "precision": "255",
            "scale": "0",
            "primary_key": false,
            "unique": false,
            "foreign_key": false,
            "default": ""
          }
        },
        {
          "name": "Office_ID__c",
          "datatype": "nvarchar",
          "precision": "25",
          "scale": "0",
          "nullable": false,
          "description": "",
          "default_value": "",
          "schema_info": {
            "field_name": "Office_ID__c",
            "field_type": "nvarchar",
            "nullable": false,
            "precision": "25",
            "scale": "0",
            "primary_key": false,
            "unique": false,
            "foreign_key": false,
            "default": ""
          }
        },
        {
          "name": "BillingStreet",
          "datatype": "nvarchar",
          "precision": "255",
          "scale": "0",
          "nullable": false,
          "description": "",
          "default_value": "",
          "schema_info": {
            "field_name": "BillingStreet",
            "field_type": "nvarchar",
            "nullable": false,
            "precision": "255",
            "scale": "0",
            "primary_key": false,
            "unique": false,
            "foreign_key": false,
            "default": ""
          }
        },
        {
          "name": "BillingCity",
          "datatype": "nvarchar",
          "precision": "40",
          "scale": "0",
          "nullable": false,
          "description": "",
          "default_value": "",
          "schema_info": {
            "field_name": "BillingCity",
            "field_type": "nvarchar",
            "nullable": false,
            "precision": "40",
            "scale": "0",
            "primary_key": false,
            "unique": false,
            "foreign_key": false,
            "default": ""
          }
        },
        {
          "name": "BillingState",
          "datatype": "nvarchar",
          "precision": "80",
          "scale": "0",
          "nullable": false,
          "description": "",
          "default_value": "",
          "schema_info": {
            "field_name": "BillingState",
            "field_type": "nvarchar",
            "nullable": false,
            "precision": "80",
            "scale": "0",
            "primary_key": false,
            "unique": false,
            "foreign_key": false,
            "default": ""
          }
        },
        {
          "name": "BillingPostalCode",
          "datatype": "nvarchar",
          "precision": "20",
          "scale": "0",
          "nullable": false,
          "description": "",
          "default_value": "",
          "schema_info": {
            "field_name": "BillingPostalCode",
            "field_type": "nvarchar",
            "nullable": false,
            "precision": "20",
            "scale": "0",
            "primary_key": false,
            "unique": false,
            "foreign_key": false,
            "default": ""
          }
        },
        {
          "name": "BillingCountry",
          "datatype": "nvarchar",
          "precision": "80",
          "scale": "0",
          "nullable": false,
          "description": "",
          "default_value": "",
          "schema_info": {
            "field_name": "BillingCountry",
            "field_type": "nvarchar",
            "nullable": false,
            "precision": "80",
            "scale": "0",
            "primary_key": false,
            "unique": false,
            "foreign_key": false,
            "default": ""
          }
        },
        {
          "name": "IsDeleted",
          "datatype": "nvarchar",
          "precision": "5",
          "scale": "0",
          "nullable": false,
          "description": "",
          "default_value": "",
          "schema_info": {
            "field_name": "IsDeleted",
            "field_type": "nvarchar",
            "nullable": false,
            "precision": "5",
            "scale": "0",
            "primary_key": false,
            "unique": false,
            "foreign_key": false,
            "default": ""
          }
        },
        {
          "name": "CreatedByAlias",
          "datatype": "nvarchar",
          "precision": "8",
          "scale": "0",
          "nullable": false,
          "description": "",
          "default_value": "",
          "schema_info": {
            "field_name": "CreatedByAlias",
            "field_type": "nvarchar",
            "nullable": false,
            "precision": "8",
            "scale": "0",
            "primary_key": false,
            "unique": false,
            "foreign_key": false,
            "default": ""
          }
        },
        {
          "name": "CreatedDate",
          "datatype": "nvarchar",
          "precision": "29",
          "scale": "0",
          "nullable": false,
          "description": "",
          "default_value": "",
          "schema_info": {
            "field_name": "CreatedDate",
            "field_type": "nvarchar",
            "nullable": false,
            "precision": "29",
            "scale": "0",
            "primary_key": false,
            "unique": false,
            "foreign_key": false,
            "default": ""
          }
        },
        {
          "name": "LastModifiedByAlias",
          "datatype": "nvarchar",
          "precision": "18",
          "scale": "0",
          "nullable": false,
          "description": "",
          "default_value": "",
          "schema_info": {
            "field_name": "LastModifiedByAlias",
            "field_type": "nvarchar",
            "nullable": false,
            "precision": "18",
            "scale": "0",
            "primary_key": false,
            "unique": false,
            "foreign_key": false,
            "default": ""
          }
        },
        {
          "name": "LastModifiedDate",
          "datatype": "nvarchar",
          "precision": "29",
          "scale": "0",
          "nullable": false,
          "description": "",
          "default_value": "",
          "schema_info": {
            "field_name": "LastModifiedDate",
            "field_type": "nvarchar",
            "nullable": false,
            "precision": "29",
            "scale": "0",
            "primary_key": false,
            "unique": false,
            "foreign_key": false,
            "default": ""
          }
        },
        {
          "name": "GU_ID__c",
          "datatype": "nvarchar",
          "precision": "18",
          "scale": "0",
          "nullable": false,
          "description": "",
          "default_value": "",
          "schema_info": {
            "field_name": "GU_ID__c",
            "field_type": "nvarchar",
            "nullable": false,
            "precision": "18",
            "scale": "0",
            "primary_key": false,
            "unique": false,
            "foreign_key": false,
            "default": ""
          }
        },
        {
          "name": "Source_System_Name",
          "datatype": "nvarchar",
          "precision": "18",
          "scale": "0",
          "nullable": false,
          "description": "",
          "default_value": "",
          "schema_info": {
            "field_name": "Source_System_Name",
            "field_type": "nvarchar",
            "nullable": false,
            "precision": "18",
            "scale": "0",
            "primary_key": false,
            "unique": false,
            "foreign_key": false,
            "default": ""
          }
        },
        {
          "name": "Primary_Address_Type__c",
          "datatype": "nvarchar",
          "precision": "255",
          "scale": "0",
          "nullable": false,
          "description": "",
          "default_value": "",
          "schema_info": {
            "field_name": "Primary_Address_Type__c",
            "field_type": "nvarchar",
            "nullable": false,
            "precision": "255",
            "scale": "0",
            "primary_key": false,
            "unique": false,
            "foreign_key": false,
            "default": ""
          }
        },
        {
          "name": "Secondary_Address_Type__c",
          "datatype": "nvarchar",
          "precision": "255",
          "scale": "0",
          "nullable": false,
          "description": "",
          "default_value": "",
          "schema_info": {
            "field_name": "Secondary_Address_Type__c",
            "field_type": "nvarchar",
            "nullable": false,
            "precision": "255",
            "scale": "0",
            "primary_key": false,
            "unique": false,
            "foreign_key": false,
            "default": ""
          }
        },
        {
          "name": "Location_Type__c",
          "datatype": "nvarchar",
          "precision": "255",
          "scale": "0",
          "nullable": false,
          "description": "",
          "default_value": "",
          "schema_info": {
            "field_name": "Location_Type__c",
            "field_type": "nvarchar",
            "nullable": false,
            "precision": "255",
            "scale": "0",
            "primary_key": false,
            "unique": false,
            "foreign_key": false,
            "default": ""
          }
        },
        {
          "name": "shippingstreet",
          "datatype": "nvarchar",
          "precision": "255",
          "scale": "0",
          "nullable": false,
          "description": "",
          "default_value": "",
          "schema_info": {
            "field_name": "shippingstreet",
            "field_type": "nvarchar",
            "nullable": false,
            "precision": "255",
            "scale": "0",
            "primary_key": false,
            "unique": false,
            "foreign_key": false,
            "default": ""
          }
        },
        {
          "name": "shippingcity",
          "datatype": "nvarchar",
          "precision": "40",
          "scale": "0",
          "nullable": false,
          "description": "",
          "default_value": "",
          "schema_info": {
            "field_name": "shippingcity",
            "field_type": "nvarchar",
            "nullable": false,
            "precision": "40",
            "scale": "0",
            "primary_key": false,
            "unique": false,
            "foreign_key": false,
            "default": ""
          }
        },
        {
          "name": "shippingstate",
          "datatype": "nvarchar",
          "precision": "80",
          "scale": "0",
          "nullable": false,
          "description": "",
          "default_value": "",
          "schema_info": {
            "field_name": "shippingstate",
            "field_type": "nvarchar",
            "nullable": false,
            "precision": "80",
            "scale": "0",
            "primary_key": false,
            "unique": false,
            "foreign_key": false,
            "default": ""
          }
        },
        {
          "name": "shippingpostalcode",
          "datatype": "nvarchar",
          "precision": "20",
          "scale": "0",
          "nullable": false,
          "description": "",
          "default_value": "",
          "schema_info": {
            "field_name": "shippingpostalcode",
            "field_type": "nvarchar",
            "nullable": false,
            "precision": "20",
            "scale": "0",
            "primary_key": false,
            "unique": false,
            "foreign_key": false,
            "default": ""
          }
        },
        {
          "name": "ShipingCountry",
          "datatype": "nvarchar",
          "precision": "80",
          "scale": "0",
          "nullable": false,
          "description": "",
          "default_value": "",
          "schema_info": {
            "field_name": "ShipingCountry",
            "field_type": "nvarchar",
            "nullable": false,
            "precision": "80",
            "scale": "0",
            "primary_key": false,
            "unique": false,
            "foreign_key": false,
            "default": ""
          }
        },
        {
          "name": "Phone",
          "datatype": "nvarchar",
          "precision": "40",
          "scale": "0",
          "nullable": false,
          "description": "",
          "default_value": "",
          "schema_info": {
            "field_name": "Phone",
            "field_type": "nvarchar",
            "nullable": false,
            "precision": "40",
            "scale": "0",
            "primary_key": false,
            "unique": false,
            "foreign_key": false,
            "default": ""
          }
        },
        {
          "name": "Fax",
          "datatype": "nvarchar",
          "precision": "40",
          "scale": "0",
          "nullable": false,
          "description": "",
          "default_value": "",
          "schema_info": {
            "field_name": "Fax",
            "field_type": "nvarchar",
            "nullable": false,
            "precision": "40",
            "scale": "0",
            "primary_key": false,
            "unique": false,
            "foreign_key": false,
            "default": ""
          }
        },
        {
          "name": "Website",
          "datatype": "nvarchar",
          "precision": "255",
          "scale": "0",
          "nullable": false,
          "description": "",
          "default_value": "",
          "schema_info": {
            "field_name": "Website",
            "field_type": "nvarchar",
            "nullable": false,
            "precision": "255",
            "scale": "0",
            "primary_key": false,
            "unique": false,
            "foreign_key": false,
            "default": ""
          }
        },
        {
          "name": "W_9__c",
          "datatype": "nvarchar",
          "precision": "255",
          "scale": "0",
          "nullable": false,
          "description": "",
          "default_value": "",
          "schema_info": {
            "field_name": "W_9__c",
            "field_type": "nvarchar",
            "nullable": false,
            "precision": "255",
            "scale": "0",
            "primary_key": false,
            "unique": false,
            "foreign_key": false,
            "default": ""
          }
        },
        {
          "name": "Primary_Channel__c",
          "datatype": "nvarchar",
          "precision": "255",
          "scale": "0",
          "nullable": false,
          "description": "",
          "default_value": "",
          "schema_info": {
            "field_name": "Primary_Channel__c",
            "field_type": "nvarchar",
            "nullable": false,
            "precision": "255",
            "scale": "0",
            "primary_key": false,
            "unique": false,
            "foreign_key": false,
            "default": ""
          }
        },
        {
          "name": "Advisory_Segmentation__c",
          "datatype": "nvarchar",
          "precision": "255",
          "scale": "0",
          "nullable": false,
          "description": "",
          "default_value": "",
          "schema_info": {
            "field_name": "Advisory_Segmentation__c",
            "field_type": "nvarchar",
            "nullable": false,
            "precision": "255",
            "scale": "0",
            "primary_key": false,
            "unique": false,
            "foreign_key": false,
            "default": ""
          }
        },
        {
          "name": "Advisory_Reason_Code__c",
          "datatype": "nvarchar",
          "precision": "255",
          "scale": "0",
          "nullable": false,
          "description": "",
          "default_value": "",
          "schema_info": {
            "field_name": "Advisory_Reason_Code__c",
            "field_type": "nvarchar",
            "nullable": false,
            "precision": "255",
            "scale": "0",
            "primary_key": false,
            "unique": false,
            "foreign_key": false,
            "default": ""
          }
        },
        {
          "name": "Advisory_Reason_Code_Clarification__c",
          "datatype": "nvarchar",
          "precision": "255",
          "scale": "0",
          "nullable": false,
          "description": "",
          "default_value": "",
          "schema_info": {
            "field_name": "Advisory_Reason_Code_Clarification__c",
            "field_type": "nvarchar",
            "nullable": false,
            "precision": "255",
            "scale": "0",
            "primary_key": false,
            "unique": false,
            "foreign_key": false,
            "default": ""
          }
        },
        {
          "name": "Advisory_Other_Reason_Code_Details__c",
          "datatype": "nvarchar",
          "precision": "255",
          "scale": "0",
          "nullable": false,
          "description": "",
          "default_value": "",
          "schema_info": {
            "field_name": "Advisory_Other_Reason_Code_Details__c",
            "field_type": "nvarchar",
            "nullable": false,
            "precision": "255",
            "scale": "0",
            "primary_key": false,
            "unique": false,
            "foreign_key": false,
            "default": ""
          }
        },
        {
          "name": "Segment__c",
          "datatype": "nvarchar",
          "precision": "255",
          "scale": "0",
          "nullable": false,
          "description": "",
          "default_value": "",
          "schema_info": {
            "field_name": "Segment__c",
            "field_type": "nvarchar",
            "nullable": false,
            "precision": "255",
            "scale": "0",
            "primary_key": false,
            "unique": false,
            "foreign_key": false,
            "default": ""
          }
        },
        {
          "name": "Restrict_Mail__c",
          "datatype": "nvarchar",
          "precision": "5",
          "scale": "0",
          "nullable": false,
          "description": "",
          "default_value": "",
          "schema_info": {
            "field_name": "Restrict_Mail__c",
            "field_type": "nvarchar",
            "nullable": false,
            "precision": "5",
            "scale": "0",
            "primary_key": false,
            "unique": false,
            "foreign_key": false,
            "default": ""
          }
        },
        {
          "name": "Inactivated_Date__c",
          "datatype": "nvarchar",
          "precision": "29",
          "scale": "0",
          "nullable": false,
          "description": "",
          "default_value": "",
          "schema_info": {
            "field_name": "Inactivated_Date__c",
            "field_type": "nvarchar",
            "nullable": false,
            "precision": "29",
            "scale": "0",
            "primary_key": false,
            "unique": false,
            "foreign_key": false,
            "default": ""
          }
        },
        {
          "name": "segmentation__c",
          "datatype": "nvarchar",
          "precision": "255",
          "scale": "0",
          "nullable": false,
          "description": "",
          "default_value": "",
          "schema_info": {
            "field_name": "segmentation__c",
            "field_type": "nvarchar",
            "nullable": false,
            "precision": "255",
            "scale": "0",
            "primary_key": false,
            "unique": false,
            "foreign_key": false,
            "default": ""
          }
        },
        {
          "name": "Roles__c",
          "datatype": "varchar",
          "precision": "255",
          "scale": "0",
          "nullable": false,
          "description": "",
          "default_value": "",
          "schema_info": {
            "field_name": "Roles__c",
            "field_type": "varchar",
            "nullable": false,
            "precision": "255",
            "scale": "0",
            "primary_key": false,
            "unique": false,
            "foreign_key": false,
            "default": ""
          }
        }
      ]
    }
  ],
  "targets": [
    {
      "name": "today_party_xform",
      "type": "Unknown",
      "dbdname": "",
      "fields": [
        {
          "name": "src_rowid",
          "datatype": "bigint",
          "precision": "19",
          "scale": "0",
          "nullable": false,
          "description": "",
          "default_value": "",
          "schema_info": {
            "field_name": "src_rowid",
            "field_type": "bigint",
            "nullable": false,
            "precision": "19",
            "scale": "0",
            "primary_key": false,
            "unique": false,
            "foreign_key": false,
            "default": ""
          }
        },
        {
          "name": "org_legal_name",
          "datatype": "nvarchar",
          "precision": "255",
          "scale": "0",
          "nullable": false,
          "description": "",
          "default_value": "",
          "schema_info": {
            "field_name": "org_legal_name",
            "field_type": "nvarchar",
            "nullable": false,
            "precision": "255",
            "scale": "0",
            "primary_key": false,
            "unique": false,
            "foreign_key": false,
            "default": ""
          }
        },
        {
          "name": "org_name",
          "datatype": "nvarchar",
          "precision": "255",
          "scale": "0",
          "nullable": false,
          "description": "",
          "default_value": "",
          "schema_info": {
            "field_name": "org_name",
            "field_type": "nvarchar",
            "nullable": false,
            "precision": "255",
            "scale": "0",
            "primary_key": false,
            "unique": false,
            "foreign_key": false,
            "default": ""
          }
        },
        {
          "name": "person_last_name",
          "datatype": "nvarchar",
          "precision": "50",
          "scale": "0",
          "nullable": false,
          "description": "",
          "default_value": "",
          "schema_info": {
            "field_name": "person_last_name",
            "field_type": "nvarchar",
            "nullable": false,
            "precision": "50",
            "scale": "0",
            "primary_key": false,
            "unique": false,
            "foreign_key": false,
            "default": ""
          }
        },
        {
          "name": "last_updated_date",
          "datatype": "nvarchar",
          "precision": "23",
          "scale": "0",
          "nullable": false,
          "description": "",
          "default_value": "",
          "schema_info": {
            "field_name": "last_updated_date",
            "field_type": "nvarchar",
            "nullable": false,
            "precision": "23",
            "scale": "0",
            "primary_key": false,
            "unique": false,
            "foreign_key": false,
            "default": ""
          }
        },
        {
          "name": "source_party_id",
          "datatype": "nvarchar",
          "precision": "255",
          "scale": "0",
          "nullable": false,
          "description": "",
          "default_value": "",
          "schema_info": {
            "field_name": "source_party_id",
            "field_type": "nvarchar",
            "nullable": false,
            "precision": "255",
            "scale": "0",
            "primary_key": false,
            "unique": false,
            "foreign_key": false,
            "default": ""
          }
        },
        {
          "name": "person_honorific_id",
          "datatype": "bigint",
          "precision": "19",
          "scale": "0",
          "nullable": false,
          "description": "",
          "default_value": "",
          "schema_info": {
            "field_name": "person_honorific_id",
            "field_type": "bigint",
            "nullable": false,
            "precision": "19",
            "scale": "0",
            "primary_key": false,
            "unique": false,
            "foreign_key": false,
            "default": ""
          }
        },
        {
          "name": "person_middle_name",
          "datatype": "nvarchar",
          "precision": "50",
          "scale": "0",
          "nullable": false,
          "description": "",
          "default_value": "",
          "schema_info": {
            "field_name": "person_middle_name",
            "field_type": "nvarchar",
            "nullable": false,
            "precision": "50",
            "scale": "0",
            "primary_key": false,
            "unique": false,
            "foreign_key": false,
            "default": ""
          }
        },
        {
          "name": "person_gender_id",
          "datatype": "bigint",
          "precision": "19",
          "scale": "0",
          "nullable": false,
          "description": "",
          "default_value": "",
          "schema_info": {
            "field_name": "person_gender_id",
            "field_type": "bigint",
            "nullable": false,
            "precision": "19",
            "scale": "0",
            "primary_key": false,
            "unique": false,
            "foreign_key": false,
            "default": ""
          }
        },
        {
          "name": "office_type_id",
          "datatype": "bigint",
          "precision": "19",
          "scale": "0",
          "nullable": false,
          "description": "",
          "default_value": "",
          "schema_info": {
            "field_name": "office_type_id",
            "field_type": "bigint",
            "nullable": false,
            "precision": "19",
            "scale": "0",
            "primary_key": false,
            "unique": false,
            "foreign_key": false,
            "default": ""
          }
        },
        {
          "name": "created_by",
          "datatype": "nvarchar",
          "precision": "50",
          "scale": "0",
          "nullable": false,
          "description": "",
          "default_value": "",
          "schema_info": {
            "field_name": "created_by",
            "field_type": "nvarchar",
            "nullable": false,
            "precision": "50",
            "scale": "0",
            "primary_key": false,
            "unique": false,
            "foreign_key": false,
            "default": ""
          }
        },
        {
          "name": "created_date",
          "datatype": "nvarchar",
          "precision": "23",
          "scale": "0",
          "nullable": false,
          "description": "",
          "default_value": "",
          "schema_info": {
            "field_name": "created_date",
            "field_type": "nvarchar",
            "nullable": false,
            "precision": "23",
            "scale": "0",
            "primary_key": false,
            "unique": false,
            "foreign_key": false,
            "default": ""
          }
        },
        {
          "name": "source_system",
          "datatype": "nvarchar",
          "precision": "50",
          "scale": "0",
          "nullable": false,
          "description": "",
          "default_value": "",
          "schema_info": {
            "field_name": "source_system",
            "field_type": "nvarchar",
            "nullable": false,
            "precision": "50",
            "scale": "0",
            "primary_key": false,
            "unique": false,
            "foreign_key": false,
            "default": ""
          }
        },
        {
          "name": "person_pfsnl_crdntls_txt",
          "datatype": "nvarchar",
          "precision": "200",
          "scale": "0",
          "nullable": false,
          "description": "",
          "default_value": "",
          "schema_info": {
            "field_name": "person_pfsnl_crdntls_txt",
            "field_type": "nvarchar",
            "nullable": false,
            "precision": "200",
            "scale": "0",
            "primary_key": false,
            "unique": false,
            "foreign_key": false,
            "default": ""
          }
        },
        {
          "name": "person_first_name",
          "datatype": "nvarchar",
          "precision": "50",
          "scale": "0",
          "nullable": false,
          "description": "",
          "default_value": "",
          "schema_info": {
            "field_name": "person_first_name",
            "field_type": "nvarchar",
            "nullable": false,
            "precision": "50",
            "scale": "0",
            "primary_key": false,
            "unique": false,
            "foreign_key": false,
            "default": ""
          }
        },
        {
          "name": "deleted_indicator",
          "datatype": "nchar",
          "precision": "1",
          "scale": "0",
          "nullable": false,
          "description": "",
          "default_value": "",
          "schema_info": {
            "field_name": "deleted_indicator",
            "field_type": "nchar",
            "nullable": false,
            "precision": "1",
            "scale": "0",
            "primary_key": false,
            "unique": false,
            "foreign_key": false,
            "default": ""
          }
        },
        {
          "name": "last_updated_by",
          "datatype": "nvarchar",
          "precision": "50",
          "scale": "0",
          "nullable": false,
          "description": "",
          "default_value": "",
          "schema_info": {
            "field_name": "last_updated_by",
            "field_type": "nvarchar",
            "nullable": false,
            "precision": "50",
            "scale": "0",
            "primary_key": false,
            "unique": false,
            "foreign_key": false,
            "default": ""
          }
        },
        {
          "name": "person_nickname",
          "datatype": "nvarchar",
          "precision": "50",
          "scale": "0",
          "nullable": false,
          "description": "",
          "default_value": "",
          "schema_info": {
            "field_name": "person_nickname",
            "field_type": "nvarchar",
            "nullable": false,
            "precision": "50",
            "scale": "0",
            "primary_key": false,
            "unique": false,
            "foreign_key": false,
            "default": ""
          }
        },
        {
          "name": "group_name",
          "datatype": "nvarchar",
          "precision": "100",
          "scale": "0",
          "nullable": false,
          "description": "",
          "default_value": "",
          "schema_info": {
            "field_name": "group_name",
            "field_type": "nvarchar",
            "nullable": false,
            "precision": "100",
            "scale": "0",
            "primary_key": false,
            "unique": false,
            "foreign_key": false,
            "default": ""
          }
        },
        {
          "name": "party_status_id",
          "datatype": "bigint",
          "precision": "19",
          "scale": "0",
          "nullable": false,
          "description": "",
          "default_value": "",
          "schema_info": {
            "field_name": "party_status_id",
            "field_type": "bigint",
            "nullable": false,
            "precision": "19",
            "scale": "0",
            "primary_key": false,
            "unique": false,
            "foreign_key": false,
            "default": ""
          }
        },
        {
          "name": "person_name_suffix_id",
          "datatype": "bigint",
          "precision": "19",
          "scale": "0",
          "nullable": false,
          "description": "",
          "default_value": "",
          "schema_info": {
            "field_name": "person_name_suffix_id",
            "field_type": "bigint",
            "nullable": false,
            "precision": "19",
            "scale": "0",
            "primary_key": false,
            "unique": false,
            "foreign_key": false,
            "default": ""
          }
        },
        {
          "name": "org_business_structure_type_id",
          "datatype": "bigint",
          "precision": "19",
          "scale": "0",
          "nullable": false,
          "description": "",
          "default_value": "",
          "schema_info": {
            "field_name": "org_business_structure_type_id",
            "field_type": "bigint",
            "nullable": false,
            "precision": "19",
            "scale": "0",
            "primary_key": false,
            "unique": false,
            "foreign_key": false,
            "default": ""
          }
        },
        {
          "name": "party_type_id",
          "datatype": "bigint",
          "precision": "19",
          "scale": "0",
          "nullable": false,
          "description": "",
          "default_value": "",
          "schema_info": {
            "field_name": "party_type_id",
            "field_type": "bigint",
            "nullable": false,
            "precision": "19",
            "scale": "0",
            "primary_key": false,
            "unique": false,
            "foreign_key": false,
            "default": ""
          }
        },
        {
          "name": "party_inactivation_date",
          "datatype": "nvarchar",
          "precision": "23",
          "scale": "0",
          "nullable": false,
          "description": "",
          "default_value": "",
          "schema_info": {
            "field_name": "party_inactivation_date",
            "field_type": "nvarchar",
            "nullable": false,
            "precision": "23",
            "scale": "0",
            "primary_key": false,
            "unique": false,
            "foreign_key": false,
            "default": ""
          }
        },
        {
          "name": "party_tax_id",
          "datatype": "nvarchar",
          "precision": "50",
          "scale": "0",
          "nullable": false,
          "description": "",
          "default_value": "",
          "schema_info": {
            "field_name": "party_tax_id",
            "field_type": "nvarchar",
            "nullable": false,
            "precision": "50",
            "scale": "0",
            "primary_key": false,
            "unique": false,
            "foreign_key": false,
            "default": ""
          }
        },
        {
          "name": "group_nickname",
          "datatype": "nvarchar",
          "precision": "100",
          "scale": "0",
          "nullable": false,
          "description": "",
          "default_value": "",
          "schema_info": {
            "field_name": "group_nickname",
            "field_type": "nvarchar",
            "nullable": false,
            "precision": "100",
            "scale": "0",
            "primary_key": false,
            "unique": false,
            "foreign_key": false,
            "default": ""
          }
        },
        {
          "name": "MAPPING_NAME",
          "datatype": "nvarchar",
          "precision": "80",
          "scale": "0",
          "nullable": false,
          "description": "",
          "default_value": "",
          "schema_info": {
            "field_name": "MAPPING_NAME",
            "field_type": "nvarchar",
            "nullable": false,
            "precision": "80",
            "scale": "0",
            "primary_key": false,
            "unique": false,
            "foreign_key": false,
            "default": ""
          }
        },
        {
          "name": "PERSON_NAME_SUFFIX_RAW",
          "datatype": "varchar",
          "precision": "255",
          "scale": "0",
          "nullable": false,
          "description": "",
          "default_value": "",
          "schema_info": {
            "field_name": "PERSON_NAME_SUFFIX_RAW",
            "field_type": "varchar",
            "nullable": false,
            "precision": "255",
            "scale": "0",
            "primary_key": false,
            "unique": false,
            "foreign_key": false,
            "default": ""
          }
        },
        {
          "name": "party_inctvtn_rsn_type_id",
          "datatype": "bigint",
          "precision": "19",
          "scale": "0",
          "nullable": false,
          "description": "",
          "default_value": "",
          "schema_info": {
            "field_name": "party_inctvtn_rsn_type_id",
            "field_type": "bigint",
            "nullable": false,
            "precision": "19",
            "scale": "0",
            "primary_key": false,
            "unique": false,
            "foreign_key": false,
            "default": ""
          }
        },
        {
          "name": "DEFERRED_OWNERSHIP_IND",
          "datatype": "nvarchar",
          "precision": "1",
          "scale": "0",
          "nullable": false,
          "description": "",
          "default_value": "",
          "schema_info": {
            "field_name": "DEFERRED_OWNERSHIP_IND",
            "field_type": "nvarchar",
            "nullable": false,
            "precision": "1",
            "scale": "0",
            "primary_key": false,
            "unique": false,
            "foreign_key": false,
            "default": ""
          }
        },
        {
          "name": "PERSON_MIDDLE_INITIAL",
          "datatype": "char",
          "precision": "1",
          "scale": "0",
          "nullable": false,
          "description": "",
          "default_value": "",
          "schema_info": {
            "field_name": "PERSON_MIDDLE_INITIAL",
            "field_type": "char",
            "nullable": false,
            "precision": "1",
            "scale": "0",
            "primary_key": false,
            "unique": false,
            "foreign_key": false,
            "default": ""
          }
        },
        {
          "name": "MATCHED_ROWID_OBJECT",
          "datatype": "char",
          "precision": "14",
          "scale": "0",
          "nullable": false,
          "description": "",
          "default_value": "",
          "schema_info": {
            "field_name": "MATCHED_ROWID_OBJECT",
            "field_type": "char",
            "nullable": false,
            "precision": "14",
            "scale": "0",
            "primary_key": false,
            "unique": false,
            "foreign_key": false,
            "default": ""
          }
        },
        {
          "name": "PARTY_QUALIFICATION_LEVEL_ID",
          "datatype": "char",
          "precision": "14",
          "scale": "0",
          "nullable": false,
          "description": "",
          "default_value": "",
          "schema_info": {
            "field_name": "PARTY_QUALIFICATION_LEVEL_ID",
            "field_type": "char",
            "nullable": false,
            "precision": "14",
            "scale": "0",
            "primary_key": false,
            "unique": false,
            "foreign_key": false,
            "default": ""
          }
        },
        {
          "name": "RIA_COVERAGE_TYPE_ID",
          "datatype": "bigint",
          "precision": "19",
          "scale": "0",
          "nullable": false,
          "description": "",
          "default_value": "",
          "schema_info": {
            "field_name": "RIA_COVERAGE_TYPE_ID",
            "field_type": "bigint",
            "nullable": false,
            "precision": "19",
            "scale": "0",
            "primary_key": false,
            "unique": false,
            "foreign_key": false,
            "default": ""
          }
        },
        {
          "name": "PRSN_JOB_TITLE",
          "datatype": "nvarchar",
          "precision": "255",
          "scale": "0",
          "nullable": false,
          "description": "",
          "default_value": "",
          "schema_info": {
            "field_name": "PRSN_JOB_TITLE",
            "field_type": "nvarchar",
            "nullable": false,
            "precision": "255",
            "scale": "0",
            "primary_key": false,
            "unique": false,
            "foreign_key": false,
            "default": ""
          }
        },
        {
          "name": "CLIENT_GROUP_ID",
          "datatype": "nvarchar",
          "precision": "40",
          "scale": "0",
          "nullable": false,
          "description": "",
          "default_value": "",
          "schema_info": {
            "field_name": "CLIENT_GROUP_ID",
            "field_type": "nvarchar",
            "nullable": false,
            "precision": "40",
            "scale": "0",
            "primary_key": false,
            "unique": false,
            "foreign_key": false,
            "default": ""
          }
        }
      ]
    }
  ],
  "transformations": [
    {
      "name": "fltr_as_reqrd",
      "type": "Filter",
      "properties": {
        "Id": "",
        "Name": "",
        "LastModifiedDate": "",
        "Status__c": "",
        "Source_System_Name": "",
        "CreatedByAlias": "",
        "CreatedDate": "",
        "Type": "",
        "Direct__c": "",
        "LastModifiedByAlias": "",
        "RecordTypeName1": "",
        "Location_Type__c": "",
        "Inactivated_Date__c": "",
        "CLIENT_GROUP_ID": ""
      },
      "ports": [
        {
          "name": "Id",
          "type": "INPUT/OUTPUT",
          "datatype": "string",
          "expression": ""
        },
        {
          "name": "Name",
          "type": "INPUT/OUTPUT",
          "datatype": "nstring",
          "expression": ""
        },
        {
          "name": "LastModifiedDate",
          "type": "INPUT/OUTPUT",
          "datatype": "string",
          "expression": ""
        },
        {
          "name": "Status__c",
          "type": "INPUT/OUTPUT",
          "datatype": "string",
          "expression": ""
        },
        {
          "name": "Source_System_Name",
          "type": "INPUT/OUTPUT",
          "datatype": "string",
          "expression": ""
        },
        {
          "name": "CreatedByAlias",
          "type": "INPUT/OUTPUT",
          "datatype": "string",
          "expression": ""
        },
        {
          "name": "CreatedDate",
          "type": "INPUT/OUTPUT",
          "datatype": "string",
          "expression": ""
        },
        {
          "name": "Type",
          "type": "INPUT/OUTPUT",
          "datatype": "string",
          "expression": ""
        },
        {
          "name": "Direct__c",
          "type": "INPUT/OUTPUT",
          "datatype": "string",
          "expression": ""
        },
        {
          "name": "LastModifiedByAlias",
          "type": "INPUT/OUTPUT",
          "datatype": "string",
          "expression": ""
        },
        {
          "name": "RecordTypeName1",
          "type": "INPUT/OUTPUT",
          "datatype": "string",
          "expression": ""
        },
        {
          "name": "Location_Type__c",
          "type": "INPUT/OUTPUT",
          "datatype": "string",
          "expression": ""
        },
        {
          "name": "Inactivated_Date__c",
          "type": "INPUT/OUTPUT",
          "datatype": "nstring",
          "expression": ""
        },
        {
          "name": "CLIENT_GROUP_ID",
          "type": "INPUT/OUTPUT",
          "datatype": "nstring",
          "expression": ""
        }
      ]
    },
    {
      "name": "TODAY_PARTY_XFORM_LOOKUP",
      "type": "Lookup Procedure",
      "properties": {
        "SOURCE_PARTY_ID": "",
        "SOURCE_SYSTEM": "",
        "IN_Id": ""
      },
      "ports": [
        {
          "name": "SOURCE_PARTY_ID",
          "type": "LOOKUP/OUTPUT",
          "datatype": "nstring",
          "expression": ""
        },
        {
          "name": "SOURCE_SYSTEM",
          "type": "LOOKUP/RETURN/OUTPUT",
          "datatype": "nstring",
          "expression": ""
        },
        {
          "name": "IN_Id",
          "type": "INPUT",
          "datatype": "string",
          "expression": ""
        }
      ]
    },
    {
      "name": "exp_transformation",
      "type": "Expression",
      "properties": {
        "Id": "",
        "Id_VAR": "",
        "Id_OUT": "",
        "Name": "",
        "LastModifiedDate": "",
        "Status__c": "",
        "var_status_Id": "",
        "PARTY_STATUS_ID": "",
        "Type": "",
        "var_type_id": "",
        "PARTY_TYPE_ID": "",
        "Source_System_Name": "",
        "CreatedByAlias": "",
        "CreatedDate": "",
        "Direct__c": "",
        "Direct__c_out": "",
        "LastModifiedByAlias": "",
        "MAPPING_NAME": "",
        "RecordTypeName1": "",
        "lookupSOFIDORIS": "",
        "DEFERRED_OWNERSHIP_IND_OUT": "",
        "Location_Type__c": "",
        "V_Lookup_Office_Type_ID": "",
        "V_Office_Type_ID": "",
        "Office_Type_ID": "",
        "Inactivated_Date__c": "",
        "V_RIA_COVERAGE_TYPE_ID": "",
        "V_RIA_COVERAGE_TYPE_ID1": "",
        "RIA_COVERAGE_TYPE_ID": "",
        "CLIENT_GROUP_ID": "",
        "CLIENT_GROUP_ID1": ""
      },
      "ports": [
        {
          "name": "Id",
          "type": "INPUT/OUTPUT",
          "datatype": "string",
          "expression": "Id"
        },
        {
          "name": "Id_VAR",
          "type": "LOCAL VARIABLE",
          "datatype": "string",
          "expression": "'OFF_'||Id"
        },
        {
          "name": "Id_OUT",
          "type": "OUTPUT",
          "datatype": "string",
          "expression": "Id_VAR"
        },
        {
          "name": "Name",
          "type": "INPUT/OUTPUT",
          "datatype": "nstring",
          "expression": "Name"
        },
        {
          "name": "LastModifiedDate",
          "type": "INPUT/OUTPUT",
          "datatype": "string",
          "expression": "LastModifiedDate"
        },
        {
          "name": "Status__c",
          "type": "INPUT/OUTPUT",
          "datatype": "string",
          "expression": "Status__c"
        },
        {
          "name": "var_status_Id",
          "type": "LOCAL VARIABLE",
          "datatype": "integer",
          "expression": ":LKP.lkp_values(ltrim(rtrim(Status__c)),'PARTY_STATUS_ID')"
        },
        {
          "name": "PARTY_STATUS_ID",
          "type": "OUTPUT",
          "datatype": "bigint",
          "expression": "iif(isnull(Status__c),NULL,iif(isnull(var_status_Id),9999,var_status_Id))"
        },
        {
          "name": "Type",
          "type": "INPUT/OUTPUT",
          "datatype": "string",
          "expression": "Type"
        },
        {
          "name": "var_type_id",
          "type": "LOCAL VARIABLE",
          "datatype": "integer",
          "expression": ":LKP.lkp_values('Office','PARTY_TYPE_ID')"
        },
        {
          "name": "PARTY_TYPE_ID",
          "type": "OUTPUT",
          "datatype": "bigint",
          "expression": "iif(isnull(var_type_id),9999,var_type_id)"
        },
        {
          "name": "Source_System_Name",
          "type": "INPUT/OUTPUT",
          "datatype": "nstring",
          "expression": "Source_System_Name"
        },
        {
          "name": "CreatedByAlias",
          "type": "INPUT/OUTPUT",
          "datatype": "nstring",
          "expression": "CreatedByAlias"
        },
        {
          "name": "CreatedDate",
          "type": "INPUT/OUTPUT",
          "datatype": "string",
          "expression": "CreatedDate"
        },
        {
          "name": "Direct__c",
          "type": "INPUT",
          "datatype": "string",
          "expression": ""
        },
        {
          "name": "Direct__c_out",
          "type": "OUTPUT",
          "datatype": "string",
          "expression": "iif(isnull(Direct__c),NULL,'OFF_'||Direct__c)"
        },
        {
          "name": "LastModifiedByAlias",
          "type": "INPUT/OUTPUT",
          "datatype": "nstring",
          "expression": "LastModifiedByAlias"
        },
        {
          "name": "MAPPING_NAME",
          "type": "OUTPUT",
          "datatype": "string",
          "expression": "$PMMappingName"
        },
        {
          "name": "RecordTypeName1",
          "type": "INPUT/OUTPUT",
          "datatype": "string",
          "expression": "RecordTypeName1"
        },
        {
          "name": "lookupSOFIDORIS",
          "type": "OUTPUT",
          "datatype": "string",
          "expression": ":LKP.TODAY_PARTY_XFORM_LOOKUP('OFF_'||Direct__c)"
        },
        {
          "name": "DEFERRED_OWNERSHIP_IND_OUT",
          "type": "OUTPUT",
          "datatype": "nstring",
          "expression": "IIF(IN(ltrim(rtrim(RecordTypeName1)),'Retail Office RO','CIAM Office RO','Financial Intermediary','NT Advisory Office RO') ,'Y','N')\r\n\r\n--IIF( NOT ISNULL(:LKP.TODAY_PARTY_XFORM_LOOKUP('OFF_'||Direct__c)),'Y','N')"
        },
        {
          "name": "Location_Type__c",
          "type": "INPUT/OUTPUT",
          "datatype": "string",
          "expression": "Location_Type__c"
        },
        {
          "name": "V_Lookup_Office_Type_ID",
          "type": "LOCAL VARIABLE",
          "datatype": "bigint",
          "expression": "DECODE(TRUE,ltrim(rtrim(Location_Type__c))='Home/Main (HQ)' OR ltrim(rtrim(Location_Type__c))='Home or Main (HQ)',:LKP.LKP_VALUES(ltrim(rtrim('Branch (OSJ)')),'OFFICE_TYPE_ID'),:LKP.LKP_VALUES(ltrim(rtrim(Location_Type__c)),'OFFICE_TYPE_ID'))\r\n\r\n--Changes as per CDM-4673\r\n--:LKP.LKP_VALUES(ltrim(rtrim(Location_Type__c)),'OFFICE_TYPE_ID')"
        },
        {
          "name": "V_Office_Type_ID",
          "type": "LOCAL VARIABLE",
          "datatype": "bigint",
          "expression": "DECODE(TRUE\r\n,NOT ISNULL(V_Lookup_Office_Type_ID) AND NOT ISNULL(Location_Type__c), V_Lookup_Office_Type_ID\r\n,ISNULL(V_Lookup_Office_Type_ID) AND ISNULL(Location_Type__c), NULL\r\n,9999)"
        },
        {
          "name": "Office_Type_ID",
          "type": "OUTPUT",
          "datatype": "bigint",
          "expression": "V_Office_Type_ID"
        },
        {
          "name": "Inactivated_Date__c",
          "type": "INPUT/OUTPUT",
          "datatype": "nstring",
          "expression": "Inactivated_Date__c"
        },
        {
          "name": "V_RIA_COVERAGE_TYPE_ID",
          "type": "LOCAL VARIABLE",
          "datatype": "nstring",
          "expression": ":LKP.lkp_values( 'RM-RIA/BT','OFFICE_RIA_COVERAGE_TYPE')"
        },
        {
          "name": "V_RIA_COVERAGE_TYPE_ID1",
          "type": "LOCAL VARIABLE",
          "datatype": "bigint",
          "expression": "DECODE(TRUE ,NOT ISNULL(V_RIA_COVERAGE_TYPE_ID),V_RIA_COVERAGE_TYPE_ID  ,'9999' )"
        },
        {
          "name": "RIA_COVERAGE_TYPE_ID",
          "type": "OUTPUT",
          "datatype": "bigint",
          "expression": "IIF(RecordTypeName1 = 'NT Advisory Office RO',V_RIA_COVERAGE_TYPE_ID1,Null)"
        },
        {
          "name": "CLIENT_GROUP_ID",
          "type": "INPUT/OUTPUT",
          "datatype": "nstring",
          "expression": "CLIENT_GROUP_ID"
        },
        {
          "name": "CLIENT_GROUP_ID1",
          "type": "OUTPUT",
          "datatype": "nstring",
          "expression": ":LKP.lkp_values(CLIENT_GROUP_ID,'CLIENT_GROUP_ID')"
        }
      ]
    },
    {
      "name": "SQ_pre_land_sfdc_office",
      "type": "Source Qualifier",
      "properties": {
        "Id": "",
        "ParentId": "",
        "Tier__c": "",
        "Status__c": "",
        "RecordTypeName": "",
        "Type": "",
        "Direct__c": "",
        "Office_Name_Short__c": "",
        "Name": "",
        "Marketing_Email_Restriction__c": "",
        "Office_ID__c": "",
        "BillingStreet": "",
        "BillingCity": "",
        "BillingState": "",
        "BillingPostalCode": "",
        "BillingCountry": "",
        "IsDeleted": "",
        "CreatedByAlias": "",
        "CreatedDate": "",
        "LastModifiedByAlias": "",
        "LastModifiedDate": "",
        "GU_ID__c": "",
        "Source_System_Name": "",
        "RecordTypeName1": "",
        "Primary_Address_Type__c": "",
        "Secondary_Address_Type__c": "",
        "Location_Type__c": "",
        "shippingstreet": "",
        "shippingcity": "",
        "shippingstate": "",
        "shippingpostalcode": "",
        "ShipingCountry": "",
        "Phone": "",
        "Fax": "",
        "Website": "",
        "Inactivated_Date__c": "",
        "CLIENT_GROUP_ID": ""
      },
      "ports": [
        {
          "name": "Id",
          "type": "INPUT/OUTPUT",
          "datatype": "string",
          "expression": ""
        },
        {
          "name": "ParentId",
          "type": "INPUT/OUTPUT",
          "datatype": "string",
          "expression": ""
        },
        {
          "name": "Tier__c",
          "type": "INPUT/OUTPUT",
          "datatype": "string",
          "expression": ""
        },
        {
          "name": "Status__c",
          "type": "INPUT/OUTPUT",
          "datatype": "string",
          "expression": ""
        },
        {
          "name": "RecordTypeName",
          "type": "INPUT/OUTPUT",
          "datatype": "string",
          "expression": ""
        },
        {
          "name": "Type",
          "type": "INPUT/OUTPUT",
          "datatype": "string",
          "expression": ""
        },
        {
          "name": "Direct__c",
          "type": "INPUT/OUTPUT",
          "datatype": "string",
          "expression": ""
        },
        {
          "name": "Office_Name_Short__c",
          "type": "INPUT/OUTPUT",
          "datatype": "nstring",
          "expression": ""
        },
        {
          "name": "Name",
          "type": "INPUT/OUTPUT",
          "datatype": "nstring",
          "expression": ""
        },
        {
          "name": "Marketing_Email_Restriction__c",
          "type": "INPUT/OUTPUT",
          "datatype": "string",
          "expression": ""
        },
        {
          "name": "Office_ID__c",
          "type": "INPUT/OUTPUT",
          "datatype": "string",
          "expression": ""
        },
        {
          "name": "BillingStreet",
          "type": "INPUT/OUTPUT",
          "datatype": "nstring",
          "expression": ""
        },
        {
          "name": "BillingCity",
          "type": "INPUT/OUTPUT",
          "datatype": "nstring",
          "expression": ""
        },
        {
          "name": "BillingState",
          "type": "INPUT/OUTPUT",
          "datatype": "nstring",
          "expression": ""
        },
        {
          "name": "BillingPostalCode",
          "type": "INPUT/OUTPUT",
          "datatype": "nstring",
          "expression": ""
        },
        {
          "name": "BillingCountry",
          "type": "INPUT/OUTPUT",
          "datatype": "nstring",
          "expression": ""
        },
        {
          "name": "IsDeleted",
          "type": "INPUT/OUTPUT",
          "datatype": "string",
          "expression": ""
        },
        {
          "name": "CreatedByAlias",
          "type": "INPUT/OUTPUT",
          "datatype": "string",
          "expression": ""
        },
        {
          "name": "CreatedDate",
          "type": "INPUT/OUTPUT",
          "datatype": "string",
          "expression": ""
        },
        {
          "name": "LastModifiedByAlias",
          "type": "INPUT/OUTPUT",
          "datatype": "string",
          "expression": ""
        },
        {
          "name": "LastModifiedDate",
          "type": "INPUT/OUTPUT",
          "datatype": "string",
          "expression": ""
        },
        {
          "name": "GU_ID__c",
          "type": "INPUT/OUTPUT",
          "datatype": "string",
          "expression": ""
        },
        {
          "name": "Source_System_Name",
          "type": "INPUT/OUTPUT",
          "datatype": "string",
          "expression": ""
        },
        {
          "name": "RecordTypeName1",
          "type": "INPUT/OUTPUT",
          "datatype": "string",
          "expression": ""
        },
        {
          "name": "Primary_Address_Type__c",
          "type": "INPUT/OUTPUT",
          "datatype": "string",
          "expression": ""
        },
        {
          "name": "Secondary_Address_Type__c",
          "type": "INPUT/OUTPUT",
          "datatype": "string",
          "expression": ""
        },
        {
          "name": "Location_Type__c",
          "type": "INPUT/OUTPUT",
          "datatype": "string",
          "expression": ""
        },
        {
          "name": "shippingstreet",
          "type": "INPUT/OUTPUT",
          "datatype": "nstring",
          "expression": ""
        },
        {
          "name": "shippingcity",
          "type": "INPUT/OUTPUT",
          "datatype": "nstring",
          "expression": ""
        },
        {
          "name": "shippingstate",
          "type": "INPUT/OUTPUT",
          "datatype": "nstring",
          "expression": ""
        },
        {
          "name": "shippingpostalcode",
          "type": "INPUT/OUTPUT",
          "datatype": "string",
          "expression": ""
        },
        {
          "name": "ShipingCountry",
          "type": "INPUT/OUTPUT",
          "datatype": "nstring",
          "expression": ""
        },
        {
          "name": "Phone",
          "type": "INPUT/OUTPUT",
          "datatype": "nstring",
          "expression": ""
        },
        {
          "name": "Fax",
          "type": "INPUT/OUTPUT",
          "datatype": "nstring",
          "expression": ""
        },
        {
          "name": "Website",
          "type": "INPUT/OUTPUT",
          "datatype": "nstring",
          "expression": ""
        },
        {
          "name": "Inactivated_Date__c",
          "type": "INPUT/OUTPUT",
          "datatype": "nstring",
          "expression": ""
        },
        {
          "name": "CLIENT_GROUP_ID",
          "type": "INPUT/OUTPUT",
          "datatype": "nstring",
          "expression": ""
        }
      ]
    },
    {
      "name": "FILTRANS",
      "type": "Filter",
      "properties": {
        "Id_OUT": "",
        "Name": "",
        "LastModifiedDate": "",
        "Status__c": "",
        "Party_Inactivation_Date": "",
        "PARTY_STATUS_ID": "",
        "Type": "",
        "PARTY_TYPE_ID": "",
        "Source_System_Name": "",
        "CreatedByAlias": "",
        "CreatedDate": "",
        "Direct__c_out": "",
        "LastModifiedByAlias": "",
        "MAPPING_NAME": "",
        "RecordTypeName1": "",
        "lookupSOFIDORIS": "",
        "DEFERRED_OWNERSHIP_IND_OUT": "",
        "Office_Type_ID": "",
        "RIA_COVERAGE_TYPE_ID": "",
        "CLIENT_GROUP_ID": ""
      },
      "ports": [
        {
          "name": "Id_OUT",
          "type": "INPUT/OUTPUT",
          "datatype": "string",
          "expression": ""
        },
        {
          "name": "Name",
          "type": "INPUT/OUTPUT",
          "datatype": "nstring",
          "expression": ""
        },
        {
          "name": "LastModifiedDate",
          "type": "INPUT/OUTPUT",
          "datatype": "string",
          "expression": ""
        },
        {
          "name": "Status__c",
          "type": "INPUT/OUTPUT",
          "datatype": "string",
          "expression": ""
        },
        {
          "name": "Party_Inactivation_Date",
          "type": "INPUT/OUTPUT",
          "datatype": "string",
          "expression": ""
        },
        {
          "name": "PARTY_STATUS_ID",
          "type": "INPUT/OUTPUT",
          "datatype": "bigint",
          "expression": ""
        },
        {
          "name": "Type",
          "type": "INPUT/OUTPUT",
          "datatype": "string",
          "expression": ""
        },
        {
          "name": "PARTY_TYPE_ID",
          "type": "INPUT/OUTPUT",
          "datatype": "bigint",
          "expression": ""
        },
        {
          "name": "Source_System_Name",
          "type": "INPUT/OUTPUT",
          "datatype": "nstring",
          "expression": ""
        },
        {
          "name": "CreatedByAlias",
          "type": "INPUT/OUTPUT",
          "datatype": "nstring",
          "expression": ""
        },
        {
          "name": "CreatedDate",
          "type": "INPUT/OUTPUT",
          "datatype": "string",
          "expression": ""
        },
        {
          "name": "Direct__c_out",
          "type": "INPUT/OUTPUT",
          "datatype": "string",
          "expression": ""
        },
        {
          "name": "LastModifiedByAlias",
          "type": "INPUT/OUTPUT",
          "datatype": "nstring",
          "expression": ""
        },
        {
          "name": "MAPPING_NAME",
          "type": "INPUT/OUTPUT",
          "datatype": "string",
          "expression": ""
        },
        {
          "name": "RecordTypeName1",
          "type": "INPUT/OUTPUT",
          "datatype": "string",
          "expression": ""
        },
        {
          "name": "lookupSOFIDORIS",
          "type": "INPUT/OUTPUT",
          "datatype": "string",
          "expression": ""
        },
        {
          "name": "DEFERRED_OWNERSHIP_IND_OUT",
          "type": "INPUT/OUTPUT",
          "datatype": "nstring",
          "expression": ""
        },
        {
          "name": "Office_Type_ID",
          "type": "INPUT/OUTPUT",
          "datatype": "bigint",
          "expression": ""
        },
        {
          "name": "RIA_COVERAGE_TYPE_ID",
          "type": "INPUT/OUTPUT",
          "datatype": "bigint",
          "expression": ""
        },
        {
          "name": "CLIENT_GROUP_ID",
          "type": "INPUT/OUTPUT",
          "datatype": "nstring",
          "expression": ""
        }
      ]
    },
    {
      "name": "lkp_values",
      "type": "Lookup Procedure",
      "properties": {
        "src_val_in": "",
        "attrib_nm_in": "",
        "src_sys_nm": "",
        "attrib_nm": "",
        "src_val": "",
        "std_lkup_id": ""
      },
      "ports": [
        {
          "name": "src_val_in",
          "type": "INPUT",
          "datatype": "string",
          "expression": ""
        },
        {
          "name": "attrib_nm_in",
          "type": "INPUT",
          "datatype": "string",
          "expression": ""
        },
        {
          "name": "src_sys_nm",
          "type": "LOOKUP/OUTPUT",
          "datatype": "string",
          "expression": ""
        },
        {
          "name": "attrib_nm",
          "type": "LOOKUP/OUTPUT",
          "datatype": "string",
          "expression": ""
        },
        {
          "name": "src_val",
          "type": "LOOKUP/OUTPUT",
          "datatype": "string",
          "expression": ""
        },
        {
          "name": "std_lkup_id",
          "type": "LOOKUP/RETURN/OUTPUT",
          "datatype": "integer",
          "expression": ""
        }
      ]
    }
  ],
  "connections": [
    {
      "from_transformation": "FILTRANS",
      "from_port": "Source_System_Name",
      "to_transformation": "TODAY_PARTY_XFORM",
      "to_port": "source_system"
    },
    {
      "from_transformation": "FILTRANS",
      "from_port": "CreatedDate",
      "to_transformation": "TODAY_PARTY_XFORM",
      "to_port": "created_date"
    },
    {
      "from_transformation": "FILTRANS",
      "from_port": "CreatedByAlias",
      "to_transformation": "TODAY_PARTY_XFORM",
      "to_port": "created_by"
    },
    {
      "from_transformation": "FILTRANS",
      "from_port": "PARTY_STATUS_ID",
      "to_transformation": "TODAY_PARTY_XFORM",
      "to_port": "party_status_id"
    },
    {
      "from_transformation": "FILTRANS",
      "from_port": "MAPPING_NAME",
      "to_transformation": "TODAY_PARTY_XFORM",
      "to_port": "MAPPING_NAME"
    },
    {
      "from_transformation": "FILTRANS",
      "from_port": "LastModifiedByAlias",
      "to_transformation": "TODAY_PARTY_XFORM",
      "to_port": "last_updated_by"
    },
    {
      "from_transformation": "FILTRANS",
      "from_port": "DEFERRED_OWNERSHIP_IND_OUT",
      "to_transformation": "TODAY_PARTY_XFORM",
      "to_port": "DEFERRED_OWNERSHIP_IND"
    },
    {
      "from_transformation": "FILTRANS",
      "from_port": "Office_Type_ID",
      "to_transformation": "TODAY_PARTY_XFORM",
      "to_port": "office_type_id"
    },
    {
      "from_transformation": "FILTRANS",
      "from_port": "PARTY_TYPE_ID",
      "to_transformation": "TODAY_PARTY_XFORM",
      "to_port": "party_type_id"
    },
    {
      "from_transformation": "FILTRANS",
      "from_port": "LastModifiedDate",
      "to_transformation": "TODAY_PARTY_XFORM",
      "to_port": "last_updated_date"
    },
    {
      "from_transformation": "FILTRANS",
      "from_port": "Id_OUT",
      "to_transformation": "TODAY_PARTY_XFORM",
      "to_port": "source_party_id"
    },
    {
      "from_transformation": "FILTRANS",
      "from_port": "Party_Inactivation_Date",
      "to_transformation": "TODAY_PARTY_XFORM",
      "to_port": "party_inactivation_date"
    },
    {
      "from_transformation": "FILTRANS",
      "from_port": "RIA_COVERAGE_TYPE_ID",
      "to_transformation": "TODAY_PARTY_XFORM",
      "to_port": "RIA_COVERAGE_TYPE_ID"
    },
    {
      "from_transformation": "FILTRANS",
      "from_port": "CLIENT_GROUP_ID",
      "to_transformation": "TODAY_PARTY_XFORM",
      "to_port": "CLIENT_GROUP_ID"
    },
    {
      "from_transformation": "pre_land_sfdc_office",
      "from_port": "Office_ID__c",
      "to_transformation": "SQ_pre_land_sfdc_office",
      "to_port": "Office_ID__c"
    },
    {
      "from_transformation": "pre_land_sfdc_office",
      "from_port": "Primary_Address_Type__c",
      "to_transformation": "SQ_pre_land_sfdc_office",
      "to_port": "Primary_Address_Type__c"
    },
    {
      "from_transformation": "pre_land_sfdc_office",
      "from_port": "Secondary_Address_Type__c",
      "to_transformation": "SQ_pre_land_sfdc_office",
      "to_port": "Secondary_Address_Type__c"
    },
    {
      "from_transformation": "pre_land_sfdc_office",
      "from_port": "Location_Type__c",
      "to_transformation": "SQ_pre_land_sfdc_office",
      "to_port": "Location_Type__c"
    },
    {
      "from_transformation": "pre_land_sfdc_office",
      "from_port": "shippingstreet",
      "to_transformation": "SQ_pre_land_sfdc_office",
      "to_port": "shippingstreet"
    },
    {
      "from_transformation": "pre_land_sfdc_office",
      "from_port": "shippingcity",
      "to_transformation": "SQ_pre_land_sfdc_office",
      "to_port": "shippingcity"
    },
    {
      "from_transformation": "pre_land_sfdc_office",
      "from_port": "shippingstate",
      "to_transformation": "SQ_pre_land_sfdc_office",
      "to_port": "shippingstate"
    },
    {
      "from_transformation": "pre_land_sfdc_office",
      "from_port": "Inactivated_Date__c",
      "to_transformation": "SQ_pre_land_sfdc_office",
      "to_port": "Inactivated_Date__c"
    },
    {
      "from_transformation": "pre_land_sfdc_office",
      "from_port": "ShipingCountry",
      "to_transformation": "SQ_pre_land_sfdc_office",
      "to_port": "ShipingCountry"
    },
    {
      "from_transformation": "pre_land_sfdc_office",
      "from_port": "Phone",
      "to_transformation": "SQ_pre_land_sfdc_office",
      "to_port": "Phone"
    },
    {
      "from_transformation": "pre_land_sfdc_office",
      "from_port": "Fax",
      "to_transformation": "SQ_pre_land_sfdc_office",
      "to_port": "Fax"
    },
    {
      "from_transformation": "pre_land_sfdc_office",
      "from_port": "BillingCountry",
      "to_transformation": "SQ_pre_land_sfdc_office",
      "to_port": "BillingCountry"
    },
    {
      "from_transformation": "pre_land_sfdc_office",
      "from_port": "IsDeleted",
      "to_transformation": "SQ_pre_land_sfdc_office",
      "to_port": "IsDeleted"
    },
    {
      "from_transformation": "pre_land_sfdc_office",
      "from_port": "CreatedByAlias",
      "to_transformation": "SQ_pre_land_sfdc_office",
      "to_port": "CreatedByAlias"
    },
    {
      "from_transformation": "pre_land_sfdc_office",
      "from_port": "CreatedDate",
      "to_transformation": "SQ_pre_land_sfdc_office",
      "to_port": "CreatedDate"
    },
    {
      "from_transformation": "pre_land_sfdc_office",
      "from_port": "LastModifiedByAlias",
      "to_transformation": "SQ_pre_land_sfdc_office",
      "to_port": "LastModifiedByAlias"
    },
    {
      "from_transformation": "pre_land_sfdc_office",
      "from_port": "LastModifiedDate",
      "to_transformation": "SQ_pre_land_sfdc_office",
      "to_port": "LastModifiedDate"
    },
    {
      "from_transformation": "pre_land_sfdc_office",
      "from_port": "GU_ID__c",
      "to_transformation": "SQ_pre_land_sfdc_office",
      "to_port": "GU_ID__c"
    },
    {
      "from_transformation": "pre_land_sfdc_office",
      "from_port": "Source_System_Name",
      "to_transformation": "SQ_pre_land_sfdc_office",
      "to_port": "Source_System_Name"
    },
    {
      "from_transformation": "pre_land_sfdc_office",
      "from_port": "Id",
      "to_transformation": "SQ_pre_land_sfdc_office",
      "to_port": "Id"
    },
    {
      "from_transformation": "pre_land_sfdc_office",
      "from_port": "ParentId",
      "to_transformation": "SQ_pre_land_sfdc_office",
      "to_port": "ParentId"
    },
    {
      "from_transformation": "pre_land_sfdc_office",
      "from_port": "Tier__c",
      "to_transformation": "SQ_pre_land_sfdc_office",
      "to_port": "Tier__c"
    },
    {
      "from_transformation": "pre_land_sfdc_office",
      "from_port": "Website",
      "to_transformation": "SQ_pre_land_sfdc_office",
      "to_port": "CLIENT_GROUP_ID"
    },
    {
      "from_transformation": "pre_land_sfdc_office",
      "from_port": "shippingpostalcode",
      "to_transformation": "SQ_pre_land_sfdc_office",
      "to_port": "shippingpostalcode"
    },
    {
      "from_transformation": "pre_land_sfdc_office",
      "from_port": "RecordTypeName",
      "to_transformation": "SQ_pre_land_sfdc_office",
      "to_port": "RecordTypeName1"
    },
    {
      "from_transformation": "pre_land_sfdc_office",
      "from_port": "Website",
      "to_transformation": "SQ_pre_land_sfdc_office",
      "to_port": "Website"
    },
    {
      "from_transformation": "pre_land_sfdc_office",
      "from_port": "BillingStreet",
      "to_transformation": "SQ_pre_land_sfdc_office",
      "to_port": "BillingStreet"
    },
    {
      "from_transformation": "pre_land_sfdc_office",
      "from_port": "BillingCity",
      "to_transformation": "SQ_pre_land_sfdc_office",
      "to_port": "BillingCity"
    },
    {
      "from_transformation": "pre_land_sfdc_office",
      "from_port": "BillingState",
      "to_transformation": "SQ_pre_land_sfdc_office",
      "to_port": "BillingState"
    },
    {
      "from_transformation": "pre_land_sfdc_office",
      "from_port": "BillingPostalCode",
      "to_transformation": "SQ_pre_land_sfdc_office",
      "to_port": "BillingPostalCode"
    },
    {
      "from_transformation": "pre_land_sfdc_office",
      "from_port": "Status__c",
      "to_transformation": "SQ_pre_land_sfdc_office",
      "to_port": "Status__c"
    },
    {
      "from_transformation": "pre_land_sfdc_office",
      "from_port": "RecordTypeName",
      "to_transformation": "SQ_pre_land_sfdc_office",
      "to_port": "RecordTypeName"
    },
    {
      "from_transformation": "pre_land_sfdc_office",
      "from_port": "Type",
      "to_transformation": "SQ_pre_land_sfdc_office",
      "to_port": "Type"
    },
    {
      "from_transformation": "pre_land_sfdc_office",
      "from_port": "Direct__c",
      "to_transformation": "SQ_pre_land_sfdc_office",
      "to_port": "Direct__c"
    },
    {
      "from_transformation": "pre_land_sfdc_office",
      "from_port": "Office_Name_Short__c",
      "to_transformation": "SQ_pre_land_sfdc_office",
      "to_port": "Office_Name_Short__c"
    },
    {
      "from_transformation": "pre_land_sfdc_office",
      "from_port": "Name",
      "to_transformation": "SQ_pre_land_sfdc_office",
      "to_port": "Name"
    },
    {
      "from_transformation": "pre_land_sfdc_office",
      "from_port": "Marketing_Email_Restriction__c",
      "to_transformation": "SQ_pre_land_sfdc_office",
      "to_port": "Marketing_Email_Restriction__c"
    },
    {
      "from_transformation": "SQ_pre_land_sfdc_office",
      "from_port": "Source_System_Name",
      "to_transformation": "fltr_as_reqrd",
      "to_port": "Source_System_Name"
    },
    {
      "from_transformation": "SQ_pre_land_sfdc_office",
      "from_port": "Type",
      "to_transformation": "fltr_as_reqrd",
      "to_port": "Type"
    },
    {
      "from_transformation": "SQ_pre_land_sfdc_office",
      "from_port": "Direct__c",
      "to_transformation": "fltr_as_reqrd",
      "to_port": "Direct__c"
    },
    {
      "from_transformation": "SQ_pre_land_sfdc_office",
      "from_port": "RecordTypeName1",
      "to_transformation": "fltr_as_reqrd",
      "to_port": "RecordTypeName1"
    },
    {
      "from_transformation": "SQ_pre_land_sfdc_office",
      "from_port": "Location_Type__c",
      "to_transformation": "fltr_as_reqrd",
      "to_port": "Location_Type__c"
    },
    {
      "from_transformation": "SQ_pre_land_sfdc_office",
      "from_port": "CreatedByAlias",
      "to_transformation": "fltr_as_reqrd",
      "to_port": "CreatedByAlias"
    },
    {
      "from_transformation": "SQ_pre_land_sfdc_office",
      "from_port": "CreatedDate",
      "to_transformation": "fltr_as_reqrd",
      "to_port": "CreatedDate"
    },
    {
      "from_transformation": "SQ_pre_land_sfdc_office",
      "from_port": "LastModifiedDate",
      "to_transformation": "fltr_as_reqrd",
      "to_port": "LastModifiedDate"
    },
    {
      "from_transformation": "SQ_pre_land_sfdc_office",
      "from_port": "Id",
      "to_transformation": "fltr_as_reqrd",
      "to_port": "Id"
    },
    {
      "from_transformation": "SQ_pre_land_sfdc_office",
      "from_port": "Inactivated_Date__c",
      "to_transformation": "fltr_as_reqrd",
      "to_port": "Inactivated_Date__c"
    },
    {
      "from_transformation": "SQ_pre_land_sfdc_office",
      "from_port": "Status__c",
      "to_transformation": "fltr_as_reqrd",
      "to_port": "Status__c"
    },
    {
      "from_transformation": "SQ_pre_land_sfdc_office",
      "from_port": "Name",
      "to_transformation": "fltr_as_reqrd",
      "to_port": "Name"
    },
    {
      "from_transformation": "SQ_pre_land_sfdc_office",
      "from_port": "LastModifiedByAlias",
      "to_transformation": "fltr_as_reqrd",
      "to_port": "LastModifiedByAlias"
    },
    {
      "from_transformation": "SQ_pre_land_sfdc_office",
      "from_port": "CLIENT_GROUP_ID",
      "to_transformation": "fltr_as_reqrd",
      "to_port": "CLIENT_GROUP_ID"
    },
    {
      "from_transformation": "fltr_as_reqrd",
      "from_port": "Id",
      "to_transformation": "exp_transformation",
      "to_port": "Id"
    },
    {
      "from_transformation": "fltr_as_reqrd",
      "from_port": "Name",
      "to_transformation": "exp_transformation",
      "to_port": "Name"
    },
    {
      "from_transformation": "fltr_as_reqrd",
      "from_port": "LastModifiedDate",
      "to_transformation": "exp_transformation",
      "to_port": "LastModifiedDate"
    },
    {
      "from_transformation": "fltr_as_reqrd",
      "from_port": "CreatedByAlias",
      "to_transformation": "exp_transformation",
      "to_port": "CreatedByAlias"
    },
    {
      "from_transformation": "fltr_as_reqrd",
      "from_port": "CreatedDate",
      "to_transformation": "exp_transformation",
      "to_port": "CreatedDate"
    },
    {
      "from_transformation": "fltr_as_reqrd",
      "from_port": "Type",
      "to_transformation": "exp_transformation",
      "to_port": "Type"
    },
    {
      "from_transformation": "fltr_as_reqrd",
      "from_port": "Direct__c",
      "to_transformation": "exp_transformation",
      "to_port": "Direct__c"
    },
    {
      "from_transformation": "fltr_as_reqrd",
      "from_port": "LastModifiedByAlias",
      "to_transformation": "exp_transformation",
      "to_port": "LastModifiedByAlias"
    },
    {
      "from_transformation": "fltr_as_reqrd",
      "from_port": "RecordTypeName1",
      "to_transformation": "exp_transformation",
      "to_port": "RecordTypeName1"
    },
    {
      "from_transformation": "fltr_as_reqrd",
      "from_port": "Location_Type__c",
      "to_transformation": "exp_transformation",
      "to_port": "Location_Type__c"
    },
    {
      "from_transformation": "fltr_as_reqrd",
      "from_port": "Inactivated_Date__c",
      "to_transformation": "exp_transformation",
      "to_port": "Inactivated_Date__c"
    },
    {
      "from_transformation": "fltr_as_reqrd",
      "from_port": "Status__c",
      "to_transformation": "exp_transformation",
      "to_port": "Status__c"
    },
    {
      "from_transformation": "fltr_as_reqrd",
      "from_port": "Source_System_Name",
      "to_transformation": "exp_transformation",
      "to_port": "Source_System_Name"
    },
    {
      "from_transformation": "fltr_as_reqrd",
      "from_port": "CLIENT_GROUP_ID",
      "to_transformation": "exp_transformation",
      "to_port": "CLIENT_GROUP_ID"
    },
    {
      "from_transformation": "exp_transformation",
      "from_port": "RecordTypeName1",
      "to_transformation": "FILTRANS",
      "to_port": "RecordTypeName1"
    },
    {
      "from_transformation": "exp_transformation",
      "from_port": "Name",
      "to_transformation": "FILTRANS",
      "to_port": "Name"
    },
    {
      "from_transformation": "exp_transformation",
      "from_port": "Status__c",
      "to_transformation": "FILTRANS",
      "to_port": "Status__c"
    },
    {
      "from_transformation": "exp_transformation",
      "from_port": "Type",
      "to_transformation": "FILTRANS",
      "to_port": "Type"
    },
    {
      "from_transformation": "exp_transformation",
      "from_port": "lookupSOFIDORIS",
      "to_transformation": "FILTRANS",
      "to_port": "lookupSOFIDORIS"
    },
    {
      "from_transformation": "exp_transformation",
      "from_port": "DEFERRED_OWNERSHIP_IND_OUT",
      "to_transformation": "FILTRANS",
      "to_port": "DEFERRED_OWNERSHIP_IND_OUT"
    },
    {
      "from_transformation": "exp_transformation",
      "from_port": "Office_Type_ID",
      "to_transformation": "FILTRANS",
      "to_port": "Office_Type_ID"
    },
    {
      "from_transformation": "exp_transformation",
      "from_port": "Inactivated_Date__c",
      "to_transformation": "FILTRANS",
      "to_port": "Party_Inactivation_Date"
    },
    {
      "from_transformation": "exp_transformation",
      "from_port": "Id_OUT",
      "to_transformation": "FILTRANS",
      "to_port": "Id_OUT"
    },
    {
      "from_transformation": "exp_transformation",
      "from_port": "LastModifiedDate",
      "to_transformation": "FILTRANS",
      "to_port": "LastModifiedDate"
    },
    {
      "from_transformation": "exp_transformation",
      "from_port": "RIA_COVERAGE_TYPE_ID",
      "to_transformation": "FILTRANS",
      "to_port": "RIA_COVERAGE_TYPE_ID"
    },
    {
      "from_transformation": "exp_transformation",
      "from_port": "PARTY_STATUS_ID",
      "to_transformation": "FILTRANS",
      "to_port": "PARTY_STATUS_ID"
    },
    {
      "from_transformation": "exp_transformation",
      "from_port": "PARTY_TYPE_ID",
      "to_transformation": "FILTRANS",
      "to_port": "PARTY_TYPE_ID"
    },
    {
      "from_transformation": "exp_transformation",
      "from_port": "Source_System_Name",
      "to_transformation": "FILTRANS",
      "to_port": "Source_System_Name"
    },
    {
      "from_transformation": "exp_transformation",
      "from_port": "CreatedByAlias",
      "to_transformation": "FILTRANS",
      "to_port": "CreatedByAlias"
    },
    {
      "from_transformation": "exp_transformation",
      "from_port": "CreatedDate",
      "to_transformation": "FILTRANS",
      "to_port": "CreatedDate"
    },
    {
      "from_transformation": "exp_transformation",
      "from_port": "Direct__c_out",
      "to_transformation": "FILTRANS",
      "to_port": "Direct__c_out"
    },
    {
      "from_transformation": "exp_transformation",
      "from_port": "LastModifiedByAlias",
      "to_transformation": "FILTRANS",
      "to_port": "LastModifiedByAlias"
    },
    {
      "from_transformation": "exp_transformation",
      "from_port": "MAPPING_NAME",
      "to_transformation": "FILTRANS",
      "to_port": "MAPPING_NAME"
    },
    {
      "from_transformation": "exp_transformation",
      "from_port": "CLIENT_GROUP_ID1",
      "to_transformation": "FILTRANS",
      "to_port": "CLIENT_GROUP_ID"
    }
  ]
}