{
  "mapping_name": "m_landing_sfdc_to_cdm_office_party_contact_mechanism",
  "xml_path": "/tmp/informatica_xml_e14a3kqh/INFORMATICA XML MAPPING/TODAY_LAYER_XML_MAPPING/wf_landing_sfdc_to_cdm_office_party_contact_mechanism.xml",
  "sources": [
    {
      "name": "pre_land_sfdc_office",
      "type": "Unknown",
      "dbdname": "CDM_SQL_PRE_LANDING_SRC",
      "fields": [
        {
          "name": "Id",
          "datatype": "nvarchar",
          "precision": "18",
          "scale": "0",
          "nullable": false,
          "description": "",
          "default_value": "",
          "schema_info": {
            "field_name": "Id",
            "field_type": "nvarchar",
            "nullable": false,
            "precision": "18",
            "scale": "0",
            "primary_key": false,
            "unique": false,
            "foreign_key": false,
            "default": ""
          }
        },
        {
          "name": "ParentId",
          "datatype": "nvarchar",
          "precision": "18",
          "scale": "0",
          "nullable": false,
          "description": "",
          "default_value": "",
          "schema_info": {
            "field_name": "ParentId",
            "field_type": "nvarchar",
            "nullable": false,
            "precision": "18",
            "scale": "0",
            "primary_key": false,
            "unique": false,
            "foreign_key": false,
            "default": ""
          }
        },
        {
          "name": "Tier__c",
          "datatype": "nvarchar",
          "precision": "255",
          "scale": "0",
          "nullable": false,
          "description": "",
          "default_value": "",
          "schema_info": {
            "field_name": "Tier__c",
            "field_type": "nvarchar",
            "nullable": false,
            "precision": "255",
            "scale": "0",
            "primary_key": false,
            "unique": false,
            "foreign_key": false,
            "default": ""
          }
        },
        {
          "name": "Status__c",
          "datatype": "nvarchar",
          "precision": "255",
          "scale": "0",
          "nullable": false,
          "description": "",
          "default_value": "",
          "schema_info": {
            "field_name": "Status__c",
            "field_type": "nvarchar",
            "nullable": false,
            "precision": "255",
            "scale": "0",
            "primary_key": false,
            "unique": false,
            "foreign_key": false,
            "default": ""
          }
        },
        {
          "name": "RecordTypeName",
          "datatype": "nvarchar",
          "precision": "80",
          "scale": "0",
          "nullable": false,
          "description": "",
          "default_value": "",
          "schema_info": {
            "field_name": "RecordTypeName",
            "field_type": "nvarchar",
            "nullable": false,
            "precision": "80",
            "scale": "0",
            "primary_key": false,
            "unique": false,
            "foreign_key": false,
            "default": ""
          }
        },
        {
          "name": "Type",
          "datatype": "nvarchar",
          "precision": "40",
          "scale": "0",
          "nullable": false,
          "description": "",
          "default_value": "",
          "schema_info": {
            "field_name": "Type",
            "field_type": "nvarchar",
            "nullable": false,
            "precision": "40",
            "scale": "0",
            "primary_key": false,
            "unique": false,
            "foreign_key": false,
            "default": ""
          }
        },
        {
          "name": "Direct__c",
          "datatype": "nvarchar",
          "precision": "15",
          "scale": "0",
          "nullable": false,
          "description": "",
          "default_value": "",
          "schema_info": {
            "field_name": "Direct__c",
            "field_type": "nvarchar",
            "nullable": false,
            "precision": "15",
            "scale": "0",
            "primary_key": false,
            "unique": false,
            "foreign_key": false,
            "default": ""
          }
        },
        {
          "name": "Office_Name_Short__c",
          "datatype": "nvarchar",
          "precision": "100",
          "scale": "0",
          "nullable": false,
          "description": "",
          "default_value": "",
          "schema_info": {
            "field_name": "Office_Name_Short__c",
            "field_type": "nvarchar",
            "nullable": false,
            "precision": "100",
            "scale": "0",
            "primary_key": false,
            "unique": false,
            "foreign_key": false,
            "default": ""
          }
        },
        {
          "name": "Name",
          "datatype": "nvarchar",
          "precision": "255",
          "scale": "0",
          "nullable": false,
          "description": "",
          "default_value": "",
          "schema_info": {
            "field_name": "Name",
            "field_type": "nvarchar",
            "nullable": false,
            "precision": "255",
            "scale": "0",
            "primary_key": false,
            "unique": false,
            "foreign_key": false,
            "default": ""
          }
        },
        {
          "name": "Marketing_Email_Restriction__c",
          "datatype": "nvarchar",
          "precision": "255",
          "scale": "0",
          "nullable": false,
          "description": "",
          "default_value": "",
          "schema_info": {
            "field_name": "Marketing_Email_Restriction__c",
            "field_type": "nvarchar",
            "nullable": false,
            "precision": "255",
            "scale": "0",
            "primary_key": false,
            "unique": false,
            "foreign_key": false,
            "default": ""
          }
        },
        {
          "name": "Office_ID__c",
          "datatype": "nvarchar",
          "precision": "25",
          "scale": "0",
          "nullable": false,
          "description": "",
          "default_value": "",
          "schema_info": {
            "field_name": "Office_ID__c",
            "field_type": "nvarchar",
            "nullable": false,
            "precision": "25",
            "scale": "0",
            "primary_key": false,
            "unique": false,
            "foreign_key": false,
            "default": ""
          }
        },
        {
          "name": "BillingStreet",
          "datatype": "nvarchar",
          "precision": "255",
          "scale": "0",
          "nullable": false,
          "description": "",
          "default_value": "",
          "schema_info": {
            "field_name": "BillingStreet",
            "field_type": "nvarchar",
            "nullable": false,
            "precision": "255",
            "scale": "0",
            "primary_key": false,
            "unique": false,
            "foreign_key": false,
            "default": ""
          }
        },
        {
          "name": "BillingCity",
          "datatype": "nvarchar",
          "precision": "40",
          "scale": "0",
          "nullable": false,
          "description": "",
          "default_value": "",
          "schema_info": {
            "field_name": "BillingCity",
            "field_type": "nvarchar",
            "nullable": false,
            "precision": "40",
            "scale": "0",
            "primary_key": false,
            "unique": false,
            "foreign_key": false,
            "default": ""
          }
        },
        {
          "name": "BillingState",
          "datatype": "nvarchar",
          "precision": "80",
          "scale": "0",
          "nullable": false,
          "description": "",
          "default_value": "",
          "schema_info": {
            "field_name": "BillingState",
            "field_type": "nvarchar",
            "nullable": false,
            "precision": "80",
            "scale": "0",
            "primary_key": false,
            "unique": false,
            "foreign_key": false,
            "default": ""
          }
        },
        {
          "name": "BillingPostalCode",
          "datatype": "nvarchar",
          "precision": "20",
          "scale": "0",
          "nullable": false,
          "description": "",
          "default_value": "",
          "schema_info": {
            "field_name": "BillingPostalCode",
            "field_type": "nvarchar",
            "nullable": false,
            "precision": "20",
            "scale": "0",
            "primary_key": false,
            "unique": false,
            "foreign_key": false,
            "default": ""
          }
        },
        {
          "name": "BillingCountry",
          "datatype": "nvarchar",
          "precision": "80",
          "scale": "0",
          "nullable": false,
          "description": "",
          "default_value": "",
          "schema_info": {
            "field_name": "BillingCountry",
            "field_type": "nvarchar",
            "nullable": false,
            "precision": "80",
            "scale": "0",
            "primary_key": false,
            "unique": false,
            "foreign_key": false,
            "default": ""
          }
        },
        {
          "name": "IsDeleted",
          "datatype": "nvarchar",
          "precision": "5",
          "scale": "0",
          "nullable": false,
          "description": "",
          "default_value": "",
          "schema_info": {
            "field_name": "IsDeleted",
            "field_type": "nvarchar",
            "nullable": false,
            "precision": "5",
            "scale": "0",
            "primary_key": false,
            "unique": false,
            "foreign_key": false,
            "default": ""
          }
        },
        {
          "name": "CreatedByAlias",
          "datatype": "nvarchar",
          "precision": "8",
          "scale": "0",
          "nullable": false,
          "description": "",
          "default_value": "",
          "schema_info": {
            "field_name": "CreatedByAlias",
            "field_type": "nvarchar",
            "nullable": false,
            "precision": "8",
            "scale": "0",
            "primary_key": false,
            "unique": false,
            "foreign_key": false,
            "default": ""
          }
        },
        {
          "name": "CreatedDate",
          "datatype": "nvarchar",
          "precision": "29",
          "scale": "0",
          "nullable": false,
          "description": "",
          "default_value": "",
          "schema_info": {
            "field_name": "CreatedDate",
            "field_type": "nvarchar",
            "nullable": false,
            "precision": "29",
            "scale": "0",
            "primary_key": false,
            "unique": false,
            "foreign_key": false,
            "default": ""
          }
        },
        {
          "name": "LastModifiedByAlias",
          "datatype": "nvarchar",
          "precision": "18",
          "scale": "0",
          "nullable": false,
          "description": "",
          "default_value": "",
          "schema_info": {
            "field_name": "LastModifiedByAlias",
            "field_type": "nvarchar",
            "nullable": false,
            "precision": "18",
            "scale": "0",
            "primary_key": false,
            "unique": false,
            "foreign_key": false,
            "default": ""
          }
        },
        {
          "name": "LastModifiedDate",
          "datatype": "nvarchar",
          "precision": "29",
          "scale": "0",
          "nullable": false,
          "description": "",
          "default_value": "",
          "schema_info": {
            "field_name": "LastModifiedDate",
            "field_type": "nvarchar",
            "nullable": false,
            "precision": "29",
            "scale": "0",
            "primary_key": false,
            "unique": false,
            "foreign_key": false,
            "default": ""
          }
        },
        {
          "name": "GU_ID__c",
          "datatype": "nvarchar",
          "precision": "18",
          "scale": "0",
          "nullable": false,
          "description": "",
          "default_value": "",
          "schema_info": {
            "field_name": "GU_ID__c",
            "field_type": "nvarchar",
            "nullable": false,
            "precision": "18",
            "scale": "0",
            "primary_key": false,
            "unique": false,
            "foreign_key": false,
            "default": ""
          }
        },
        {
          "name": "Source_System_Name",
          "datatype": "nvarchar",
          "precision": "18",
          "scale": "0",
          "nullable": false,
          "description": "",
          "default_value": "",
          "schema_info": {
            "field_name": "Source_System_Name",
            "field_type": "nvarchar",
            "nullable": false,
            "precision": "18",
            "scale": "0",
            "primary_key": false,
            "unique": false,
            "foreign_key": false,
            "default": ""
          }
        },
        {
          "name": "Primary_Address_Type__c",
          "datatype": "nvarchar",
          "precision": "255",
          "scale": "0",
          "nullable": false,
          "description": "",
          "default_value": "",
          "schema_info": {
            "field_name": "Primary_Address_Type__c",
            "field_type": "nvarchar",
            "nullable": false,
            "precision": "255",
            "scale": "0",
            "primary_key": false,
            "unique": false,
            "foreign_key": false,
            "default": ""
          }
        },
        {
          "name": "Secondary_Address_Type__c",
          "datatype": "nvarchar",
          "precision": "255",
          "scale": "0",
          "nullable": false,
          "description": "",
          "default_value": "",
          "schema_info": {
            "field_name": "Secondary_Address_Type__c",
            "field_type": "nvarchar",
            "nullable": false,
            "precision": "255",
            "scale": "0",
            "primary_key": false,
            "unique": false,
            "foreign_key": false,
            "default": ""
          }
        },
        {
          "name": "Location_Type__c",
          "datatype": "nvarchar",
          "precision": "255",
          "scale": "0",
          "nullable": false,
          "description": "",
          "default_value": "",
          "schema_info": {
            "field_name": "Location_Type__c",
            "field_type": "nvarchar",
            "nullable": false,
            "precision": "255",
            "scale": "0",
            "primary_key": false,
            "unique": false,
            "foreign_key": false,
            "default": ""
          }
        },
        {
          "name": "shippingstreet",
          "datatype": "nvarchar",
          "precision": "255",
          "scale": "0",
          "nullable": false,
          "description": "",
          "default_value": "",
          "schema_info": {
            "field_name": "shippingstreet",
            "field_type": "nvarchar",
            "nullable": false,
            "precision": "255",
            "scale": "0",
            "primary_key": false,
            "unique": false,
            "foreign_key": false,
            "default": ""
          }
        },
        {
          "name": "shippingcity",
          "datatype": "nvarchar",
          "precision": "40",
          "scale": "0",
          "nullable": false,
          "description": "",
          "default_value": "",
          "schema_info": {
            "field_name": "shippingcity",
            "field_type": "nvarchar",
            "nullable": false,
            "precision": "40",
            "scale": "0",
            "primary_key": false,
            "unique": false,
            "foreign_key": false,
            "default": ""
          }
        },
        {
          "name": "shippingstate",
          "datatype": "nvarchar",
          "precision": "80",
          "scale": "0",
          "nullable": false,
          "description": "",
          "default_value": "",
          "schema_info": {
            "field_name": "shippingstate",
            "field_type": "nvarchar",
            "nullable": false,
            "precision": "80",
            "scale": "0",
            "primary_key": false,
            "unique": false,
            "foreign_key": false,
            "default": ""
          }
        },
        {
          "name": "shippingpostalcode",
          "datatype": "nvarchar",
          "precision": "20",
          "scale": "0",
          "nullable": false,
          "description": "",
          "default_value": "",
          "schema_info": {
            "field_name": "shippingpostalcode",
            "field_type": "nvarchar",
            "nullable": false,
            "precision": "20",
            "scale": "0",
            "primary_key": false,
            "unique": false,
            "foreign_key": false,
            "default": ""
          }
        },
        {
          "name": "ShipingCountry",
          "datatype": "nvarchar",
          "precision": "80",
          "scale": "0",
          "nullable": false,
          "description": "",
          "default_value": "",
          "schema_info": {
            "field_name": "ShipingCountry",
            "field_type": "nvarchar",
            "nullable": false,
            "precision": "80",
            "scale": "0",
            "primary_key": false,
            "unique": false,
            "foreign_key": false,
            "default": ""
          }
        },
        {
          "name": "Phone",
          "datatype": "nvarchar",
          "precision": "40",
          "scale": "0",
          "nullable": false,
          "description": "",
          "default_value": "",
          "schema_info": {
            "field_name": "Phone",
            "field_type": "nvarchar",
            "nullable": false,
            "precision": "40",
            "scale": "0",
            "primary_key": false,
            "unique": false,
            "foreign_key": false,
            "default": ""
          }
        },
        {
          "name": "Fax",
          "datatype": "nvarchar",
          "precision": "40",
          "scale": "0",
          "nullable": false,
          "description": "",
          "default_value": "",
          "schema_info": {
            "field_name": "Fax",
            "field_type": "nvarchar",
            "nullable": false,
            "precision": "40",
            "scale": "0",
            "primary_key": false,
            "unique": false,
            "foreign_key": false,
            "default": ""
          }
        },
        {
          "name": "Website",
          "datatype": "nvarchar",
          "precision": "255",
          "scale": "0",
          "nullable": false,
          "description": "",
          "default_value": "",
          "schema_info": {
            "field_name": "Website",
            "field_type": "nvarchar",
            "nullable": false,
            "precision": "255",
            "scale": "0",
            "primary_key": false,
            "unique": false,
            "foreign_key": false,
            "default": ""
          }
        },
        {
          "name": "W_9__c",
          "datatype": "nvarchar",
          "precision": "255",
          "scale": "0",
          "nullable": false,
          "description": "",
          "default_value": "",
          "schema_info": {
            "field_name": "W_9__c",
            "field_type": "nvarchar",
            "nullable": false,
            "precision": "255",
            "scale": "0",
            "primary_key": false,
            "unique": false,
            "foreign_key": false,
            "default": ""
          }
        },
        {
          "name": "Primary_Channel__c",
          "datatype": "nvarchar",
          "precision": "255",
          "scale": "0",
          "nullable": false,
          "description": "",
          "default_value": "",
          "schema_info": {
            "field_name": "Primary_Channel__c",
            "field_type": "nvarchar",
            "nullable": false,
            "precision": "255",
            "scale": "0",
            "primary_key": false,
            "unique": false,
            "foreign_key": false,
            "default": ""
          }
        },
        {
          "name": "Advisory_Segmentation__c",
          "datatype": "nvarchar",
          "precision": "255",
          "scale": "0",
          "nullable": false,
          "description": "",
          "default_value": "",
          "schema_info": {
            "field_name": "Advisory_Segmentation__c",
            "field_type": "nvarchar",
            "nullable": false,
            "precision": "255",
            "scale": "0",
            "primary_key": false,
            "unique": false,
            "foreign_key": false,
            "default": ""
          }
        },
        {
          "name": "Advisory_Reason_Code__c",
          "datatype": "nvarchar",
          "precision": "255",
          "scale": "0",
          "nullable": false,
          "description": "",
          "default_value": "",
          "schema_info": {
            "field_name": "Advisory_Reason_Code__c",
            "field_type": "nvarchar",
            "nullable": false,
            "precision": "255",
            "scale": "0",
            "primary_key": false,
            "unique": false,
            "foreign_key": false,
            "default": ""
          }
        },
        {
          "name": "Advisory_Reason_Code_Clarification__c",
          "datatype": "nvarchar",
          "precision": "255",
          "scale": "0",
          "nullable": false,
          "description": "",
          "default_value": "",
          "schema_info": {
            "field_name": "Advisory_Reason_Code_Clarification__c",
            "field_type": "nvarchar",
            "nullable": false,
            "precision": "255",
            "scale": "0",
            "primary_key": false,
            "unique": false,
            "foreign_key": false,
            "default": ""
          }
        },
        {
          "name": "Advisory_Other_Reason_Code_Details__c",
          "datatype": "nvarchar",
          "precision": "255",
          "scale": "0",
          "nullable": false,
          "description": "",
          "default_value": "",
          "schema_info": {
            "field_name": "Advisory_Other_Reason_Code_Details__c",
            "field_type": "nvarchar",
            "nullable": false,
            "precision": "255",
            "scale": "0",
            "primary_key": false,
            "unique": false,
            "foreign_key": false,
            "default": ""
          }
        },
        {
          "name": "Segment__c",
          "datatype": "nvarchar",
          "precision": "255",
          "scale": "0",
          "nullable": false,
          "description": "",
          "default_value": "",
          "schema_info": {
            "field_name": "Segment__c",
            "field_type": "nvarchar",
            "nullable": false,
            "precision": "255",
            "scale": "0",
            "primary_key": false,
            "unique": false,
            "foreign_key": false,
            "default": ""
          }
        },
        {
          "name": "Restrict_Mail__c",
          "datatype": "nvarchar",
          "precision": "5",
          "scale": "0",
          "nullable": false,
          "description": "",
          "default_value": "",
          "schema_info": {
            "field_name": "Restrict_Mail__c",
            "field_type": "nvarchar",
            "nullable": false,
            "precision": "5",
            "scale": "0",
            "primary_key": false,
            "unique": false,
            "foreign_key": false,
            "default": ""
          }
        },
        {
          "name": "Inactivated_Date__c",
          "datatype": "nvarchar",
          "precision": "29",
          "scale": "0",
          "nullable": false,
          "description": "",
          "default_value": "",
          "schema_info": {
            "field_name": "Inactivated_Date__c",
            "field_type": "nvarchar",
            "nullable": false,
            "precision": "29",
            "scale": "0",
            "primary_key": false,
            "unique": false,
            "foreign_key": false,
            "default": ""
          }
        },
        {
          "name": "segmentation__c",
          "datatype": "nvarchar",
          "precision": "255",
          "scale": "0",
          "nullable": false,
          "description": "",
          "default_value": "",
          "schema_info": {
            "field_name": "segmentation__c",
            "field_type": "nvarchar",
            "nullable": false,
            "precision": "255",
            "scale": "0",
            "primary_key": false,
            "unique": false,
            "foreign_key": false,
            "default": ""
          }
        },
        {
          "name": "Roles__c",
          "datatype": "varchar",
          "precision": "255",
          "scale": "0",
          "nullable": false,
          "description": "",
          "default_value": "",
          "schema_info": {
            "field_name": "Roles__c",
            "field_type": "varchar",
            "nullable": false,
            "precision": "255",
            "scale": "0",
            "primary_key": false,
            "unique": false,
            "foreign_key": false,
            "default": ""
          }
        }
      ]
    }
  ],
  "targets": [
    {
      "name": "TODAY_PARTY_CNTCT_MCHSM_XFORM",
      "type": "Unknown",
      "dbdname": "",
      "fields": [
        {
          "name": "SRC_ROWID",
          "datatype": "bigint",
          "precision": "19",
          "scale": "0",
          "nullable": false,
          "description": "",
          "default_value": "",
          "schema_info": {
            "field_name": "SRC_ROWID",
            "field_type": "bigint",
            "nullable": false,
            "precision": "19",
            "scale": "0",
            "primary_key": true,
            "unique": true,
            "foreign_key": false,
            "default": ""
          }
        },
        {
          "name": "PARTY_ROLE_TYPE_ID",
          "datatype": "bigint",
          "precision": "19",
          "scale": "0",
          "nullable": false,
          "description": "",
          "default_value": "",
          "schema_info": {
            "field_name": "PARTY_ROLE_TYPE_ID",
            "field_type": "bigint",
            "nullable": false,
            "precision": "19",
            "scale": "0",
            "primary_key": false,
            "unique": false,
            "foreign_key": false,
            "default": ""
          }
        },
        {
          "name": "PRIMARY_INDICATOR",
          "datatype": "nchar",
          "precision": "1",
          "scale": "0",
          "nullable": false,
          "description": "",
          "default_value": "",
          "schema_info": {
            "field_name": "PRIMARY_INDICATOR",
            "field_type": "nchar",
            "nullable": false,
            "precision": "1",
            "scale": "0",
            "primary_key": false,
            "unique": false,
            "foreign_key": false,
            "default": ""
          }
        },
        {
          "name": "LAST_UPDATED_DATE",
          "datatype": "nvarchar",
          "precision": "23",
          "scale": "0",
          "nullable": false,
          "description": "",
          "default_value": "",
          "schema_info": {
            "field_name": "LAST_UPDATED_DATE",
            "field_type": "nvarchar",
            "nullable": false,
            "precision": "23",
            "scale": "0",
            "primary_key": false,
            "unique": false,
            "foreign_key": false,
            "default": ""
          }
        },
        {
          "name": "PHONE_COUNTRY_CODE_ID",
          "datatype": "bigint",
          "precision": "19",
          "scale": "0",
          "nullable": false,
          "description": "",
          "default_value": "",
          "schema_info": {
            "field_name": "PHONE_COUNTRY_CODE_ID",
            "field_type": "bigint",
            "nullable": false,
            "precision": "19",
            "scale": "0",
            "primary_key": false,
            "unique": false,
            "foreign_key": false,
            "default": ""
          }
        },
        {
          "name": "SOURCE_SYSTEM",
          "datatype": "nvarchar",
          "precision": "50",
          "scale": "0",
          "nullable": false,
          "description": "",
          "default_value": "",
          "schema_info": {
            "field_name": "SOURCE_SYSTEM",
            "field_type": "nvarchar",
            "nullable": false,
            "precision": "50",
            "scale": "0",
            "primary_key": false,
            "unique": false,
            "foreign_key": false,
            "default": ""
          }
        },
        {
          "name": "CREATED_BY",
          "datatype": "nvarchar",
          "precision": "50",
          "scale": "0",
          "nullable": false,
          "description": "",
          "default_value": "",
          "schema_info": {
            "field_name": "CREATED_BY",
            "field_type": "nvarchar",
            "nullable": false,
            "precision": "50",
            "scale": "0",
            "primary_key": false,
            "unique": false,
            "foreign_key": false,
            "default": ""
          }
        },
        {
          "name": "CREATED_DATE",
          "datatype": "nvarchar",
          "precision": "23",
          "scale": "0",
          "nullable": false,
          "description": "",
          "default_value": "",
          "schema_info": {
            "field_name": "CREATED_DATE",
            "field_type": "nvarchar",
            "nullable": false,
            "precision": "23",
            "scale": "0",
            "primary_key": false,
            "unique": false,
            "foreign_key": false,
            "default": ""
          }
        },
        {
          "name": "CNTCT_MCHSM_TYPE_ID",
          "datatype": "bigint",
          "precision": "19",
          "scale": "0",
          "nullable": false,
          "description": "",
          "default_value": "",
          "schema_info": {
            "field_name": "CNTCT_MCHSM_TYPE_ID",
            "field_type": "bigint",
            "nullable": false,
            "precision": "19",
            "scale": "0",
            "primary_key": false,
            "unique": false,
            "foreign_key": false,
            "default": ""
          }
        },
        {
          "name": "LAST_UPDATED_BY",
          "datatype": "nvarchar",
          "precision": "50",
          "scale": "0",
          "nullable": false,
          "description": "",
          "default_value": "",
          "schema_info": {
            "field_name": "LAST_UPDATED_BY",
            "field_type": "nvarchar",
            "nullable": false,
            "precision": "50",
            "scale": "0",
            "primary_key": false,
            "unique": false,
            "foreign_key": false,
            "default": ""
          }
        },
        {
          "name": "DELETED_INDICATOR",
          "datatype": "nchar",
          "precision": "1",
          "scale": "0",
          "nullable": false,
          "description": "",
          "default_value": "",
          "schema_info": {
            "field_name": "DELETED_INDICATOR",
            "field_type": "nchar",
            "nullable": false,
            "precision": "1",
            "scale": "0",
            "primary_key": false,
            "unique": false,
            "foreign_key": false,
            "default": ""
          }
        },
        {
          "name": "SOURCE_CNTCT_MCHSM_ID",
          "datatype": "nvarchar",
          "precision": "255",
          "scale": "0",
          "nullable": false,
          "description": "",
          "default_value": "",
          "schema_info": {
            "field_name": "SOURCE_CNTCT_MCHSM_ID",
            "field_type": "nvarchar",
            "nullable": false,
            "precision": "255",
            "scale": "0",
            "primary_key": false,
            "unique": false,
            "foreign_key": false,
            "default": ""
          }
        },
        {
          "name": "PURPOSE_ID",
          "datatype": "bigint",
          "precision": "19",
          "scale": "0",
          "nullable": false,
          "description": "",
          "default_value": "",
          "schema_info": {
            "field_name": "PURPOSE_ID",
            "field_type": "bigint",
            "nullable": false,
            "precision": "19",
            "scale": "0",
            "primary_key": false,
            "unique": false,
            "foreign_key": false,
            "default": ""
          }
        },
        {
          "name": "CNTCT_MCHSM_VAL",
          "datatype": "nvarchar",
          "precision": "250",
          "scale": "0",
          "nullable": false,
          "description": "",
          "default_value": "",
          "schema_info": {
            "field_name": "CNTCT_MCHSM_VAL",
            "field_type": "nvarchar",
            "nullable": false,
            "precision": "250",
            "scale": "0",
            "primary_key": false,
            "unique": false,
            "foreign_key": false,
            "default": ""
          }
        },
        {
          "name": "SOURCE_PARTY_ID",
          "datatype": "nvarchar",
          "precision": "255",
          "scale": "0",
          "nullable": false,
          "description": "",
          "default_value": "",
          "schema_info": {
            "field_name": "SOURCE_PARTY_ID",
            "field_type": "nvarchar",
            "nullable": false,
            "precision": "255",
            "scale": "0",
            "primary_key": false,
            "unique": false,
            "foreign_key": false,
            "default": ""
          }
        },
        {
          "name": "PARENT_SOURCE_SYSTEM",
          "datatype": "nvarchar",
          "precision": "50",
          "scale": "0",
          "nullable": false,
          "description": "",
          "default_value": "",
          "schema_info": {
            "field_name": "PARENT_SOURCE_SYSTEM",
            "field_type": "nvarchar",
            "nullable": false,
            "precision": "50",
            "scale": "0",
            "primary_key": false,
            "unique": false,
            "foreign_key": false,
            "default": ""
          }
        },
        {
          "name": "PHONE_NUMBER_EXTENSION",
          "datatype": "nvarchar",
          "precision": "15",
          "scale": "0",
          "nullable": false,
          "description": "",
          "default_value": "",
          "schema_info": {
            "field_name": "PHONE_NUMBER_EXTENSION",
            "field_type": "nvarchar",
            "nullable": false,
            "precision": "15",
            "scale": "0",
            "primary_key": false,
            "unique": false,
            "foreign_key": false,
            "default": ""
          }
        },
        {
          "name": "MAPPING_NAME",
          "datatype": "varchar",
          "precision": "80",
          "scale": "0",
          "nullable": false,
          "description": "",
          "default_value": "",
          "schema_info": {
            "field_name": "MAPPING_NAME",
            "field_type": "varchar",
            "nullable": false,
            "precision": "80",
            "scale": "0",
            "primary_key": false,
            "unique": false,
            "foreign_key": false,
            "default": ""
          }
        },
        {
          "name": "DEFERRED_OWNERSHIP_IND",
          "datatype": "nchar",
          "precision": "1",
          "scale": "0",
          "nullable": false,
          "description": "",
          "default_value": "",
          "schema_info": {
            "field_name": "DEFERRED_OWNERSHIP_IND",
            "field_type": "nchar",
            "nullable": false,
            "precision": "1",
            "scale": "0",
            "primary_key": false,
            "unique": false,
            "foreign_key": false,
            "default": ""
          }
        },
        {
          "name": "CONTACT_MECHANISM_STATUS_IND",
          "datatype": "nchar",
          "precision": "1",
          "scale": "0",
          "nullable": false,
          "description": "",
          "default_value": "",
          "schema_info": {
            "field_name": "CONTACT_MECHANISM_STATUS_IND",
            "field_type": "nchar",
            "nullable": false,
            "precision": "1",
            "scale": "0",
            "primary_key": false,
            "unique": false,
            "foreign_key": false,
            "default": ""
          }
        }
      ]
    }
  ],
  "transformations": [
    {
      "name": "lkp_values",
      "type": "Lookup Procedure",
      "properties": {
        "src_val_in": "",
        "attrib_nm_in": "",
        "src_sys_nm": "",
        "attrib_nm": "",
        "src_val": "",
        "std_lkup_id": ""
      },
      "ports": [
        {
          "name": "src_val_in",
          "type": "INPUT",
          "datatype": "string",
          "expression": ""
        },
        {
          "name": "attrib_nm_in",
          "type": "INPUT",
          "datatype": "string",
          "expression": ""
        },
        {
          "name": "src_sys_nm",
          "type": "LOOKUP/OUTPUT",
          "datatype": "string",
          "expression": ""
        },
        {
          "name": "attrib_nm",
          "type": "LOOKUP/OUTPUT",
          "datatype": "string",
          "expression": ""
        },
        {
          "name": "src_val",
          "type": "LOOKUP/OUTPUT",
          "datatype": "string",
          "expression": ""
        },
        {
          "name": "std_lkup_id",
          "type": "LOOKUP/RETURN/OUTPUT",
          "datatype": "integer",
          "expression": ""
        }
      ]
    },
    {
      "name": "SQ_pre_land_sfdc_office_sfdc",
      "type": "Source Qualifier",
      "properties": {
        "Id": "",
        "ParentId": "",
        "Tier__c": "",
        "Status__c": "",
        "RecordTypeName": "",
        "Type": "",
        "Direct__c": "",
        "Office_Name_Short__c": "",
        "Name": "",
        "Marketing_Email_Restriction__c": "",
        "Office_ID__c": "",
        "BillingStreet": "",
        "BillingCity": "",
        "BillingState": "",
        "BillingPostalCode": "",
        "BillingCountry": "",
        "IsDeleted": "",
        "CreatedByAlias": "",
        "CreatedDate": "",
        "LastModifiedByAlias": "",
        "LastModifiedDate": "",
        "GU_ID__c": "",
        "Source_System_Name": "",
        "Primary_Address_Type__c": "",
        "Secondary_Address_Type__c": "",
        "Location_Type__c": "",
        "shippingstreet": "",
        "shippingcity": "",
        "shippingstate": "",
        "shippingpostalcode": "",
        "ShipingCountry": "",
        "Phone": "",
        "Fax": "",
        "Website": "",
        "W_9__c": "",
        "Primary_Channel__c": "",
        "Advisory_Segmentation__c": "",
        "Advisory_Reason_Code__c": "",
        "Advisory_Reason_Code_Clarification__c": "",
        "Advisory_Other_Reason_Code_Details__c": "",
        "Segment__c": "",
        "Restrict_Mail__c": "",
        "Inactivated_Date__c": ""
      },
      "ports": [
        {
          "name": "Id",
          "type": "INPUT/OUTPUT",
          "datatype": "nstring",
          "expression": ""
        },
        {
          "name": "ParentId",
          "type": "INPUT/OUTPUT",
          "datatype": "nstring",
          "expression": ""
        },
        {
          "name": "Tier__c",
          "type": "INPUT/OUTPUT",
          "datatype": "nstring",
          "expression": ""
        },
        {
          "name": "Status__c",
          "type": "INPUT/OUTPUT",
          "datatype": "nstring",
          "expression": ""
        },
        {
          "name": "RecordTypeName",
          "type": "INPUT/OUTPUT",
          "datatype": "nstring",
          "expression": ""
        },
        {
          "name": "Type",
          "type": "INPUT/OUTPUT",
          "datatype": "nstring",
          "expression": ""
        },
        {
          "name": "Direct__c",
          "type": "INPUT/OUTPUT",
          "datatype": "nstring",
          "expression": ""
        },
        {
          "name": "Office_Name_Short__c",
          "type": "INPUT/OUTPUT",
          "datatype": "nstring",
          "expression": ""
        },
        {
          "name": "Name",
          "type": "INPUT/OUTPUT",
          "datatype": "nstring",
          "expression": ""
        },
        {
          "name": "Marketing_Email_Restriction__c",
          "type": "INPUT/OUTPUT",
          "datatype": "nstring",
          "expression": ""
        },
        {
          "name": "Office_ID__c",
          "type": "INPUT/OUTPUT",
          "datatype": "nstring",
          "expression": ""
        },
        {
          "name": "BillingStreet",
          "type": "INPUT/OUTPUT",
          "datatype": "nstring",
          "expression": ""
        },
        {
          "name": "BillingCity",
          "type": "INPUT/OUTPUT",
          "datatype": "nstring",
          "expression": ""
        },
        {
          "name": "BillingState",
          "type": "INPUT/OUTPUT",
          "datatype": "nstring",
          "expression": ""
        },
        {
          "name": "BillingPostalCode",
          "type": "INPUT/OUTPUT",
          "datatype": "nstring",
          "expression": ""
        },
        {
          "name": "BillingCountry",
          "type": "INPUT/OUTPUT",
          "datatype": "nstring",
          "expression": ""
        },
        {
          "name": "IsDeleted",
          "type": "INPUT/OUTPUT",
          "datatype": "nstring",
          "expression": ""
        },
        {
          "name": "CreatedByAlias",
          "type": "INPUT/OUTPUT",
          "datatype": "nstring",
          "expression": ""
        },
        {
          "name": "CreatedDate",
          "type": "INPUT/OUTPUT",
          "datatype": "nstring",
          "expression": ""
        },
        {
          "name": "LastModifiedByAlias",
          "type": "INPUT/OUTPUT",
          "datatype": "nstring",
          "expression": ""
        },
        {
          "name": "LastModifiedDate",
          "type": "INPUT/OUTPUT",
          "datatype": "nstring",
          "expression": ""
        },
        {
          "name": "GU_ID__c",
          "type": "INPUT/OUTPUT",
          "datatype": "nstring",
          "expression": ""
        },
        {
          "name": "Source_System_Name",
          "type": "INPUT/OUTPUT",
          "datatype": "nstring",
          "expression": ""
        },
        {
          "name": "Primary_Address_Type__c",
          "type": "INPUT/OUTPUT",
          "datatype": "nstring",
          "expression": ""
        },
        {
          "name": "Secondary_Address_Type__c",
          "type": "INPUT/OUTPUT",
          "datatype": "nstring",
          "expression": ""
        },
        {
          "name": "Location_Type__c",
          "type": "INPUT/OUTPUT",
          "datatype": "nstring",
          "expression": ""
        },
        {
          "name": "shippingstreet",
          "type": "INPUT/OUTPUT",
          "datatype": "nstring",
          "expression": ""
        },
        {
          "name": "shippingcity",
          "type": "INPUT/OUTPUT",
          "datatype": "nstring",
          "expression": ""
        },
        {
          "name": "shippingstate",
          "type": "INPUT/OUTPUT",
          "datatype": "nstring",
          "expression": ""
        },
        {
          "name": "shippingpostalcode",
          "type": "INPUT/OUTPUT",
          "datatype": "nstring",
          "expression": ""
        },
        {
          "name": "ShipingCountry",
          "type": "INPUT/OUTPUT",
          "datatype": "nstring",
          "expression": ""
        },
        {
          "name": "Phone",
          "type": "INPUT/OUTPUT",
          "datatype": "nstring",
          "expression": ""
        },
        {
          "name": "Fax",
          "type": "INPUT/OUTPUT",
          "datatype": "nstring",
          "expression": ""
        },
        {
          "name": "Website",
          "type": "INPUT/OUTPUT",
          "datatype": "nstring",
          "expression": ""
        },
        {
          "name": "W_9__c",
          "type": "INPUT/OUTPUT",
          "datatype": "nstring",
          "expression": ""
        },
        {
          "name": "Primary_Channel__c",
          "type": "INPUT/OUTPUT",
          "datatype": "nstring",
          "expression": ""
        },
        {
          "name": "Advisory_Segmentation__c",
          "type": "INPUT/OUTPUT",
          "datatype": "nstring",
          "expression": ""
        },
        {
          "name": "Advisory_Reason_Code__c",
          "type": "INPUT/OUTPUT",
          "datatype": "nstring",
          "expression": ""
        },
        {
          "name": "Advisory_Reason_Code_Clarification__c",
          "type": "INPUT/OUTPUT",
          "datatype": "nstring",
          "expression": ""
        },
        {
          "name": "Advisory_Other_Reason_Code_Details__c",
          "type": "INPUT/OUTPUT",
          "datatype": "nstring",
          "expression": ""
        },
        {
          "name": "Segment__c",
          "type": "INPUT/OUTPUT",
          "datatype": "nstring",
          "expression": ""
        },
        {
          "name": "Restrict_Mail__c",
          "type": "INPUT/OUTPUT",
          "datatype": "nstring",
          "expression": ""
        },
        {
          "name": "Inactivated_Date__c",
          "type": "INPUT/OUTPUT",
          "datatype": "nstring",
          "expression": ""
        }
      ]
    },
    {
      "name": "EXPTRANS",
      "type": "Expression",
      "properties": {
        "Id": "",
        "Id_Out": "",
        "LastModifiedDate": "",
        "SourceSystemName": "",
        "CNTCT_MECHANISM_TYPE": "",
        "CNTCT_MECHANISM_Value": "",
        "PURPOSE": "",
        "Source_System_Name": "",
        "SOURCE_CNTCT_MCHSM_ID": "",
        "CreatedByAlias": "",
        "CreatedDate": "",
        "LastModifiedByAlias": "",
        "Parent_Source_System": "",
        "CNTCT_MCHSM_TYPE_STR": "",
        "MAPPING_NAME": "",
        "PRIMARY_INDICATOR": "",
        "DEFERRED_OWNERSHIP_IND": ""
      },
      "ports": [
        {
          "name": "Id",
          "type": "INPUT",
          "datatype": "string",
          "expression": ""
        },
        {
          "name": "Id_Out",
          "type": "OUTPUT",
          "datatype": "string",
          "expression": "'OFF_'||Id"
        },
        {
          "name": "LastModifiedDate",
          "type": "INPUT/OUTPUT",
          "datatype": "string",
          "expression": "LastModifiedDate"
        },
        {
          "name": "SourceSystemName",
          "type": "INPUT/OUTPUT",
          "datatype": "string",
          "expression": "SourceSystemName"
        },
        {
          "name": "CNTCT_MECHANISM_TYPE",
          "type": "INPUT/OUTPUT",
          "datatype": "bigint",
          "expression": "CNTCT_MECHANISM_TYPE"
        },
        {
          "name": "CNTCT_MECHANISM_Value",
          "type": "INPUT/OUTPUT",
          "datatype": "string",
          "expression": "CNTCT_MECHANISM_Value"
        },
        {
          "name": "PURPOSE",
          "type": "INPUT/OUTPUT",
          "datatype": "bigint",
          "expression": "PURPOSE"
        },
        {
          "name": "Source_System_Name",
          "type": "INPUT/OUTPUT",
          "datatype": "string",
          "expression": "Source_System_Name"
        },
        {
          "name": "SOURCE_CNTCT_MCHSM_ID",
          "type": "OUTPUT",
          "datatype": "string",
          "expression": "--Source_System_Name||'|'||'OFF_'||Id||'|'||CNTCT_MECHANISM_TYPE||'|'||PURPOSE||'|'||CNTCT_MECHANISM_Value\r\n\r\n\r\nId||CNTCT_MCHSM_TYPE_STR"
        },
        {
          "name": "CreatedByAlias",
          "type": "INPUT/OUTPUT",
          "datatype": "string",
          "expression": "CreatedByAlias"
        },
        {
          "name": "CreatedDate",
          "type": "INPUT/OUTPUT",
          "datatype": "string",
          "expression": "CreatedDate"
        },
        {
          "name": "LastModifiedByAlias",
          "type": "INPUT/OUTPUT",
          "datatype": "nstring",
          "expression": "LastModifiedByAlias"
        },
        {
          "name": "Parent_Source_System",
          "type": "OUTPUT",
          "datatype": "string",
          "expression": "'SFDC'"
        },
        {
          "name": "CNTCT_MCHSM_TYPE_STR",
          "type": "INPUT/OUTPUT",
          "datatype": "string",
          "expression": "CNTCT_MCHSM_TYPE_STR"
        },
        {
          "name": "MAPPING_NAME",
          "type": "OUTPUT",
          "datatype": "string",
          "expression": "$PMMappingName"
        },
        {
          "name": "PRIMARY_INDICATOR",
          "type": "OUTPUT",
          "datatype": "nstring",
          "expression": "'Y'"
        },
        {
          "name": "DEFERRED_OWNERSHIP_IND",
          "type": "OUTPUT",
          "datatype": "nstring",
          "expression": "IIF(CNTCT_MCHSM_TYPE_STR='Fax','Y','N')"
        }
      ]
    },
    {
      "name": "FILTRANS",
      "type": "Filter",
      "properties": {
        "Id": "",
        "LastModifiedDate": "",
        "SourceSystemName": "",
        "CNTCT_MECHANISM_TYPE": "",
        "CNTCT_MECHANISM_Value": "",
        "PURPOSE": "",
        "Source_System_Name": "",
        "CreatedByAlias": "",
        "CreatedDate": "",
        "LastModifiedByAlias": "",
        "CNTCT_MCHSM_TYPE_STR": "",
        "Parent_Source_System": ""
      },
      "ports": [
        {
          "name": "Id",
          "type": "INPUT/OUTPUT",
          "datatype": "string",
          "expression": ""
        },
        {
          "name": "LastModifiedDate",
          "type": "INPUT/OUTPUT",
          "datatype": "string",
          "expression": ""
        },
        {
          "name": "SourceSystemName",
          "type": "INPUT/OUTPUT",
          "datatype": "string",
          "expression": ""
        },
        {
          "name": "CNTCT_MECHANISM_TYPE",
          "type": "INPUT/OUTPUT",
          "datatype": "string",
          "expression": ""
        },
        {
          "name": "CNTCT_MECHANISM_Value",
          "type": "INPUT/OUTPUT",
          "datatype": "string",
          "expression": ""
        },
        {
          "name": "PURPOSE",
          "type": "INPUT/OUTPUT",
          "datatype": "string",
          "expression": ""
        },
        {
          "name": "Source_System_Name",
          "type": "INPUT/OUTPUT",
          "datatype": "string",
          "expression": ""
        },
        {
          "name": "CreatedByAlias",
          "type": "INPUT/OUTPUT",
          "datatype": "string",
          "expression": ""
        },
        {
          "name": "CreatedDate",
          "type": "INPUT/OUTPUT",
          "datatype": "string",
          "expression": ""
        },
        {
          "name": "LastModifiedByAlias",
          "type": "INPUT/OUTPUT",
          "datatype": "string",
          "expression": ""
        },
        {
          "name": "CNTCT_MCHSM_TYPE_STR",
          "type": "INPUT/OUTPUT",
          "datatype": "string",
          "expression": ""
        },
        {
          "name": "Parent_Source_System",
          "type": "INPUT/OUTPUT",
          "datatype": "string",
          "expression": ""
        }
      ]
    },
    {
      "name": "Union",
      "type": "Custom Transformation",
      "properties": {
        "Id": "",
        "LastModifiedDate": "",
        "SourceSystemName": "",
        "CNTCT_MECHANISM_TYPE": "",
        "CNTCT_MECHANISM_Value": "",
        "PURPOSE": "",
        "Source_System_Name": "",
        "CreatedByAlias": "",
        "CreatedDate": "",
        "LastModifiedByAlias": "",
        "CNTCT_MCHSM_TYPE_STR": "",
        "Id2": "",
        "LastModifiedDate2": "",
        "SourceSystemName2": "",
        "CNTCT_MECHANISM_TYPE2": "",
        "CNTCT_MECHANISM_Value2": "",
        "PURPOSE2": "",
        "Source_System_Name1": "",
        "CreatedByAlias1": "",
        "CreatedDate1": "",
        "LastModifiedByAlias1": "",
        "CNTCT_MCHSM_TYPE_STR2": "",
        "Id3": "",
        "LastModifiedDate3": "",
        "SourceSystemName3": "",
        "CNTCT_MECHANISM_TYPE3": "",
        "CNTCT_MECHANISM_Value3": "",
        "PURPOSE3": "",
        "Source_System_Name2": "",
        "CreatedByAlias2": "",
        "CreatedDate2": "",
        "LastModifiedByAlias2": "",
        "CNTCT_MCHSM_TYPE_STR3": "",
        "Id4": "",
        "LastModifiedDate4": "",
        "SourceSystemName4": "",
        "CNTCT_MECHANISM_TYPE4": "",
        "CNTCT_MECHANISM_Value4": "",
        "PURPOSE4": "",
        "Source_System_Name3": "",
        "CreatedByAlias3": "",
        "CreatedDate3": "",
        "LastModifiedByAlias3": "",
        "CNTCT_MCHSM_TYPE_STR4": ""
      },
      "ports": [
        {
          "name": "Id",
          "type": "OUTPUT",
          "datatype": "string",
          "expression": ""
        },
        {
          "name": "LastModifiedDate",
          "type": "OUTPUT",
          "datatype": "string",
          "expression": ""
        },
        {
          "name": "SourceSystemName",
          "type": "OUTPUT",
          "datatype": "string",
          "expression": ""
        },
        {
          "name": "CNTCT_MECHANISM_TYPE",
          "type": "OUTPUT",
          "datatype": "string",
          "expression": ""
        },
        {
          "name": "CNTCT_MECHANISM_Value",
          "type": "OUTPUT",
          "datatype": "string",
          "expression": ""
        },
        {
          "name": "PURPOSE",
          "type": "OUTPUT",
          "datatype": "string",
          "expression": ""
        },
        {
          "name": "Source_System_Name",
          "type": "OUTPUT",
          "datatype": "string",
          "expression": ""
        },
        {
          "name": "CreatedByAlias",
          "type": "OUTPUT",
          "datatype": "string",
          "expression": ""
        },
        {
          "name": "CreatedDate",
          "type": "OUTPUT",
          "datatype": "string",
          "expression": ""
        },
        {
          "name": "LastModifiedByAlias",
          "type": "OUTPUT",
          "datatype": "string",
          "expression": ""
        },
        {
          "name": "CNTCT_MCHSM_TYPE_STR",
          "type": "OUTPUT",
          "datatype": "string",
          "expression": ""
        },
        {
          "name": "Id2",
          "type": "INPUT",
          "datatype": "string",
          "expression": ""
        },
        {
          "name": "LastModifiedDate2",
          "type": "INPUT",
          "datatype": "string",
          "expression": ""
        },
        {
          "name": "SourceSystemName2",
          "type": "INPUT",
          "datatype": "string",
          "expression": ""
        },
        {
          "name": "CNTCT_MECHANISM_TYPE2",
          "type": "INPUT",
          "datatype": "string",
          "expression": ""
        },
        {
          "name": "CNTCT_MECHANISM_Value2",
          "type": "INPUT",
          "datatype": "string",
          "expression": ""
        },
        {
          "name": "PURPOSE2",
          "type": "INPUT",
          "datatype": "string",
          "expression": ""
        },
        {
          "name": "Source_System_Name1",
          "type": "INPUT",
          "datatype": "string",
          "expression": ""
        },
        {
          "name": "CreatedByAlias1",
          "type": "INPUT",
          "datatype": "string",
          "expression": ""
        },
        {
          "name": "CreatedDate1",
          "type": "INPUT",
          "datatype": "string",
          "expression": ""
        },
        {
          "name": "LastModifiedByAlias1",
          "type": "INPUT",
          "datatype": "string",
          "expression": ""
        },
        {
          "name": "CNTCT_MCHSM_TYPE_STR2",
          "type": "INPUT",
          "datatype": "string",
          "expression": ""
        },
        {
          "name": "Id3",
          "type": "INPUT",
          "datatype": "string",
          "expression": ""
        },
        {
          "name": "LastModifiedDate3",
          "type": "INPUT",
          "datatype": "string",
          "expression": ""
        },
        {
          "name": "SourceSystemName3",
          "type": "INPUT",
          "datatype": "string",
          "expression": ""
        },
        {
          "name": "CNTCT_MECHANISM_TYPE3",
          "type": "INPUT",
          "datatype": "string",
          "expression": ""
        },
        {
          "name": "CNTCT_MECHANISM_Value3",
          "type": "INPUT",
          "datatype": "string",
          "expression": ""
        },
        {
          "name": "PURPOSE3",
          "type": "INPUT",
          "datatype": "string",
          "expression": ""
        },
        {
          "name": "Source_System_Name2",
          "type": "INPUT",
          "datatype": "string",
          "expression": ""
        },
        {
          "name": "CreatedByAlias2",
          "type": "INPUT",
          "datatype": "string",
          "expression": ""
        },
        {
          "name": "CreatedDate2",
          "type": "INPUT",
          "datatype": "string",
          "expression": ""
        },
        {
          "name": "LastModifiedByAlias2",
          "type": "INPUT",
          "datatype": "string",
          "expression": ""
        },
        {
          "name": "CNTCT_MCHSM_TYPE_STR3",
          "type": "INPUT",
          "datatype": "string",
          "expression": ""
        },
        {
          "name": "Id4",
          "type": "INPUT",
          "datatype": "string",
          "expression": ""
        },
        {
          "name": "LastModifiedDate4",
          "type": "INPUT",
          "datatype": "string",
          "expression": ""
        },
        {
          "name": "SourceSystemName4",
          "type": "INPUT",
          "datatype": "string",
          "expression": ""
        },
        {
          "name": "CNTCT_MECHANISM_TYPE4",
          "type": "INPUT",
          "datatype": "string",
          "expression": ""
        },
        {
          "name": "CNTCT_MECHANISM_Value4",
          "type": "INPUT",
          "datatype": "string",
          "expression": ""
        },
        {
          "name": "PURPOSE4",
          "type": "INPUT",
          "datatype": "string",
          "expression": ""
        },
        {
          "name": "Source_System_Name3",
          "type": "INPUT",
          "datatype": "string",
          "expression": ""
        },
        {
          "name": "CreatedByAlias3",
          "type": "INPUT",
          "datatype": "string",
          "expression": ""
        },
        {
          "name": "CreatedDate3",
          "type": "INPUT",
          "datatype": "string",
          "expression": ""
        },
        {
          "name": "LastModifiedByAlias3",
          "type": "INPUT",
          "datatype": "string",
          "expression": ""
        },
        {
          "name": "CNTCT_MCHSM_TYPE_STR4",
          "type": "INPUT",
          "datatype": "string",
          "expression": ""
        }
      ]
    },
    {
      "name": "exp_transformation",
      "type": "Expression",
      "properties": {
        "Id": "",
        "LastModifiedDate": "",
        "Source_System_Name": "",
        "Phone": "",
        "Fax": "",
        "Website": "",
        "CNTCT_MECHANISM_TYPE_PHONE_VAR": "",
        "CNTCT_MECHANISM_TYPE_PHONE_OUT": "",
        "CNTCT_MECHANISM_TYPE_FAX_VAR": "",
        "CNTCT_MECHANISM_TYPE_FAX_OUT": "",
        "CNTCT_MECHANISM_TYPE_WEBSITE_VAR": "",
        "CNTCT_MECHANISM_TYPE_WEBSITE_OUT": "",
        "PURPOSE_ID_VAR": "",
        "PURPOSE_ID_OUT": "",
        "CreatedByAlias": "",
        "CreatedDate": "",
        "LastModifiedByAlias": "",
        "CNTCT_MCHSM_TYPE_STR_PHONE": "",
        "CNTCT_MCHSM_TYPE_STR_FAX": "",
        "CNTCT_MCHSM_TYPE_STR_WEBSITE": ""
      },
      "ports": [
        {
          "name": "Id",
          "type": "INPUT/OUTPUT",
          "datatype": "string",
          "expression": "Id"
        },
        {
          "name": "LastModifiedDate",
          "type": "INPUT/OUTPUT",
          "datatype": "string",
          "expression": "LastModifiedDate"
        },
        {
          "name": "Source_System_Name",
          "type": "INPUT/OUTPUT",
          "datatype": "string",
          "expression": "Source_System_Name"
        },
        {
          "name": "Phone",
          "type": "INPUT/OUTPUT",
          "datatype": "nstring",
          "expression": "Phone"
        },
        {
          "name": "Fax",
          "type": "INPUT/OUTPUT",
          "datatype": "nstring",
          "expression": "Fax"
        },
        {
          "name": "Website",
          "type": "INPUT/OUTPUT",
          "datatype": "nstring",
          "expression": "Website"
        },
        {
          "name": "CNTCT_MECHANISM_TYPE_PHONE_VAR",
          "type": "LOCAL VARIABLE",
          "datatype": "integer",
          "expression": ":LKP.lkp_values(ltrim(rtrim('Phone')),'CNTCT_MCHSM_TYPE_ID')"
        },
        {
          "name": "CNTCT_MECHANISM_TYPE_PHONE_OUT",
          "type": "OUTPUT",
          "datatype": "integer",
          "expression": "iif(isnull(CNTCT_MECHANISM_TYPE_PHONE_VAR),9999,CNTCT_MECHANISM_TYPE_PHONE_VAR)"
        },
        {
          "name": "CNTCT_MECHANISM_TYPE_FAX_VAR",
          "type": "LOCAL VARIABLE",
          "datatype": "integer",
          "expression": ":LKP.lkp_values(ltrim(rtrim('Fax')),'CNTCT_MCHSM_TYPE_ID')"
        },
        {
          "name": "CNTCT_MECHANISM_TYPE_FAX_OUT",
          "type": "OUTPUT",
          "datatype": "integer",
          "expression": "iif(isnull(CNTCT_MECHANISM_TYPE_FAX_VAR),9999,CNTCT_MECHANISM_TYPE_FAX_VAR)"
        },
        {
          "name": "CNTCT_MECHANISM_TYPE_WEBSITE_VAR",
          "type": "LOCAL VARIABLE",
          "datatype": "integer",
          "expression": ":LKP.lkp_values(ltrim(rtrim('Website')),'CNTCT_MCHSM_TYPE_ID')"
        },
        {
          "name": "CNTCT_MECHANISM_TYPE_WEBSITE_OUT",
          "type": "OUTPUT",
          "datatype": "integer",
          "expression": "iif(isnull(CNTCT_MECHANISM_TYPE_WEBSITE_VAR),9999,CNTCT_MECHANISM_TYPE_WEBSITE_VAR)"
        },
        {
          "name": "PURPOSE_ID_VAR",
          "type": "LOCAL VARIABLE",
          "datatype": "integer",
          "expression": ":LKP.lkp_values('Professional','PURPOSE_ID')"
        },
        {
          "name": "PURPOSE_ID_OUT",
          "type": "OUTPUT",
          "datatype": "integer",
          "expression": "iif(isnull(PURPOSE_ID_VAR),9999,PURPOSE_ID_VAR)"
        },
        {
          "name": "CreatedByAlias",
          "type": "INPUT/OUTPUT",
          "datatype": "string",
          "expression": "CreatedByAlias"
        },
        {
          "name": "CreatedDate",
          "type": "INPUT/OUTPUT",
          "datatype": "string",
          "expression": "CreatedDate"
        },
        {
          "name": "LastModifiedByAlias",
          "type": "INPUT/OUTPUT",
          "datatype": "string",
          "expression": "LastModifiedByAlias"
        },
        {
          "name": "CNTCT_MCHSM_TYPE_STR_PHONE",
          "type": "OUTPUT",
          "datatype": "string",
          "expression": "'Phone'"
        },
        {
          "name": "CNTCT_MCHSM_TYPE_STR_FAX",
          "type": "OUTPUT",
          "datatype": "string",
          "expression": "'Fax'"
        },
        {
          "name": "CNTCT_MCHSM_TYPE_STR_WEBSITE",
          "type": "OUTPUT",
          "datatype": "string",
          "expression": "'Website'"
        }
      ]
    },
    {
      "name": "fltr_as_reqrd",
      "type": "Filter",
      "properties": {
        "Id": "",
        "LastModifiedDate": "",
        "Source_System_Name": "",
        "Phone": "",
        "Fax": "",
        "Website": "",
        "CreatedByAlias": "",
        "CreatedDate": "",
        "LastModifiedByAlias": ""
      },
      "ports": [
        {
          "name": "Id",
          "type": "INPUT/OUTPUT",
          "datatype": "string",
          "expression": ""
        },
        {
          "name": "LastModifiedDate",
          "type": "INPUT/OUTPUT",
          "datatype": "string",
          "expression": ""
        },
        {
          "name": "Source_System_Name",
          "type": "INPUT/OUTPUT",
          "datatype": "string",
          "expression": ""
        },
        {
          "name": "Phone",
          "type": "INPUT/OUTPUT",
          "datatype": "nstring",
          "expression": ""
        },
        {
          "name": "Fax",
          "type": "INPUT/OUTPUT",
          "datatype": "nstring",
          "expression": ""
        },
        {
          "name": "Website",
          "type": "INPUT/OUTPUT",
          "datatype": "nstring",
          "expression": ""
        },
        {
          "name": "CreatedByAlias",
          "type": "INPUT/OUTPUT",
          "datatype": "string",
          "expression": ""
        },
        {
          "name": "CreatedDate",
          "type": "INPUT/OUTPUT",
          "datatype": "string",
          "expression": ""
        },
        {
          "name": "LastModifiedByAlias",
          "type": "INPUT/OUTPUT",
          "datatype": "string",
          "expression": ""
        }
      ]
    }
  ],
  "connections": [
    {
      "from_transformation": "EXPTRANS",
      "from_port": "LastModifiedByAlias",
      "to_transformation": "TODAY_PARTY_CNTCT_MCHSM_XFORM_SFDC",
      "to_port": "LAST_UPDATED_BY"
    },
    {
      "from_transformation": "EXPTRANS",
      "from_port": "SOURCE_CNTCT_MCHSM_ID",
      "to_transformation": "TODAY_PARTY_CNTCT_MCHSM_XFORM_SFDC",
      "to_port": "SOURCE_CNTCT_MCHSM_ID"
    },
    {
      "from_transformation": "EXPTRANS",
      "from_port": "CNTCT_MECHANISM_TYPE",
      "to_transformation": "TODAY_PARTY_CNTCT_MCHSM_XFORM_SFDC",
      "to_port": "CNTCT_MCHSM_TYPE_ID"
    },
    {
      "from_transformation": "EXPTRANS",
      "from_port": "CNTCT_MECHANISM_Value",
      "to_transformation": "TODAY_PARTY_CNTCT_MCHSM_XFORM_SFDC",
      "to_port": "CNTCT_MCHSM_VAL"
    },
    {
      "from_transformation": "EXPTRANS",
      "from_port": "PURPOSE",
      "to_transformation": "TODAY_PARTY_CNTCT_MCHSM_XFORM_SFDC",
      "to_port": "PURPOSE_ID"
    },
    {
      "from_transformation": "EXPTRANS",
      "from_port": "Id_Out",
      "to_transformation": "TODAY_PARTY_CNTCT_MCHSM_XFORM_SFDC",
      "to_port": "SOURCE_PARTY_ID"
    },
    {
      "from_transformation": "EXPTRANS",
      "from_port": "LastModifiedDate",
      "to_transformation": "TODAY_PARTY_CNTCT_MCHSM_XFORM_SFDC",
      "to_port": "LAST_UPDATED_DATE"
    },
    {
      "from_transformation": "EXPTRANS",
      "from_port": "Source_System_Name",
      "to_transformation": "TODAY_PARTY_CNTCT_MCHSM_XFORM_SFDC",
      "to_port": "SOURCE_SYSTEM"
    },
    {
      "from_transformation": "EXPTRANS",
      "from_port": "CreatedByAlias",
      "to_transformation": "TODAY_PARTY_CNTCT_MCHSM_XFORM_SFDC",
      "to_port": "CREATED_BY"
    },
    {
      "from_transformation": "EXPTRANS",
      "from_port": "CreatedDate",
      "to_transformation": "TODAY_PARTY_CNTCT_MCHSM_XFORM_SFDC",
      "to_port": "CREATED_DATE"
    },
    {
      "from_transformation": "EXPTRANS",
      "from_port": "Parent_Source_System",
      "to_transformation": "TODAY_PARTY_CNTCT_MCHSM_XFORM_SFDC",
      "to_port": "PARENT_SOURCE_SYSTEM"
    },
    {
      "from_transformation": "EXPTRANS",
      "from_port": "MAPPING_NAME",
      "to_transformation": "TODAY_PARTY_CNTCT_MCHSM_XFORM_SFDC",
      "to_port": "MAPPING_NAME"
    },
    {
      "from_transformation": "EXPTRANS",
      "from_port": "PRIMARY_INDICATOR",
      "to_transformation": "TODAY_PARTY_CNTCT_MCHSM_XFORM_SFDC",
      "to_port": "PRIMARY_INDICATOR"
    },
    {
      "from_transformation": "EXPTRANS",
      "from_port": "DEFERRED_OWNERSHIP_IND",
      "to_transformation": "TODAY_PARTY_CNTCT_MCHSM_XFORM_SFDC",
      "to_port": "DEFERRED_OWNERSHIP_IND"
    },
    {
      "from_transformation": "pre_land_sfdc_office",
      "from_port": "Source_System_Name",
      "to_transformation": "SQ_pre_land_sfdc_office_sfdc",
      "to_port": "Source_System_Name"
    },
    {
      "from_transformation": "pre_land_sfdc_office",
      "from_port": "Primary_Address_Type__c",
      "to_transformation": "SQ_pre_land_sfdc_office_sfdc",
      "to_port": "Primary_Address_Type__c"
    },
    {
      "from_transformation": "pre_land_sfdc_office",
      "from_port": "Secondary_Address_Type__c",
      "to_transformation": "SQ_pre_land_sfdc_office_sfdc",
      "to_port": "Secondary_Address_Type__c"
    },
    {
      "from_transformation": "pre_land_sfdc_office",
      "from_port": "Location_Type__c",
      "to_transformation": "SQ_pre_land_sfdc_office_sfdc",
      "to_port": "Location_Type__c"
    },
    {
      "from_transformation": "pre_land_sfdc_office",
      "from_port": "Direct__c",
      "to_transformation": "SQ_pre_land_sfdc_office_sfdc",
      "to_port": "Direct__c"
    },
    {
      "from_transformation": "pre_land_sfdc_office",
      "from_port": "Office_Name_Short__c",
      "to_transformation": "SQ_pre_land_sfdc_office_sfdc",
      "to_port": "Office_Name_Short__c"
    },
    {
      "from_transformation": "pre_land_sfdc_office",
      "from_port": "Name",
      "to_transformation": "SQ_pre_land_sfdc_office_sfdc",
      "to_port": "Name"
    },
    {
      "from_transformation": "pre_land_sfdc_office",
      "from_port": "Marketing_Email_Restriction__c",
      "to_transformation": "SQ_pre_land_sfdc_office_sfdc",
      "to_port": "Marketing_Email_Restriction__c"
    },
    {
      "from_transformation": "pre_land_sfdc_office",
      "from_port": "Office_ID__c",
      "to_transformation": "SQ_pre_land_sfdc_office_sfdc",
      "to_port": "Office_ID__c"
    },
    {
      "from_transformation": "pre_land_sfdc_office",
      "from_port": "BillingStreet",
      "to_transformation": "SQ_pre_land_sfdc_office_sfdc",
      "to_port": "BillingStreet"
    },
    {
      "from_transformation": "pre_land_sfdc_office",
      "from_port": "BillingCity",
      "to_transformation": "SQ_pre_land_sfdc_office_sfdc",
      "to_port": "BillingCity"
    },
    {
      "from_transformation": "pre_land_sfdc_office",
      "from_port": "BillingState",
      "to_transformation": "SQ_pre_land_sfdc_office_sfdc",
      "to_port": "BillingState"
    },
    {
      "from_transformation": "pre_land_sfdc_office",
      "from_port": "BillingPostalCode",
      "to_transformation": "SQ_pre_land_sfdc_office_sfdc",
      "to_port": "BillingPostalCode"
    },
    {
      "from_transformation": "pre_land_sfdc_office",
      "from_port": "BillingCountry",
      "to_transformation": "SQ_pre_land_sfdc_office_sfdc",
      "to_port": "BillingCountry"
    },
    {
      "from_transformation": "pre_land_sfdc_office",
      "from_port": "IsDeleted",
      "to_transformation": "SQ_pre_land_sfdc_office_sfdc",
      "to_port": "IsDeleted"
    },
    {
      "from_transformation": "pre_land_sfdc_office",
      "from_port": "CreatedByAlias",
      "to_transformation": "SQ_pre_land_sfdc_office_sfdc",
      "to_port": "CreatedByAlias"
    },
    {
      "from_transformation": "pre_land_sfdc_office",
      "from_port": "CreatedDate",
      "to_transformation": "SQ_pre_land_sfdc_office_sfdc",
      "to_port": "CreatedDate"
    },
    {
      "from_transformation": "pre_land_sfdc_office",
      "from_port": "LastModifiedByAlias",
      "to_transformation": "SQ_pre_land_sfdc_office_sfdc",
      "to_port": "LastModifiedByAlias"
    },
    {
      "from_transformation": "pre_land_sfdc_office",
      "from_port": "LastModifiedDate",
      "to_transformation": "SQ_pre_land_sfdc_office_sfdc",
      "to_port": "LastModifiedDate"
    },
    {
      "from_transformation": "pre_land_sfdc_office",
      "from_port": "GU_ID__c",
      "to_transformation": "SQ_pre_land_sfdc_office_sfdc",
      "to_port": "GU_ID__c"
    },
    {
      "from_transformation": "pre_land_sfdc_office",
      "from_port": "shippingstreet",
      "to_transformation": "SQ_pre_land_sfdc_office_sfdc",
      "to_port": "shippingstreet"
    },
    {
      "from_transformation": "pre_land_sfdc_office",
      "from_port": "shippingcity",
      "to_transformation": "SQ_pre_land_sfdc_office_sfdc",
      "to_port": "shippingcity"
    },
    {
      "from_transformation": "pre_land_sfdc_office",
      "from_port": "shippingstate",
      "to_transformation": "SQ_pre_land_sfdc_office_sfdc",
      "to_port": "shippingstate"
    },
    {
      "from_transformation": "pre_land_sfdc_office",
      "from_port": "shippingpostalcode",
      "to_transformation": "SQ_pre_land_sfdc_office_sfdc",
      "to_port": "shippingpostalcode"
    },
    {
      "from_transformation": "pre_land_sfdc_office",
      "from_port": "ShipingCountry",
      "to_transformation": "SQ_pre_land_sfdc_office_sfdc",
      "to_port": "ShipingCountry"
    },
    {
      "from_transformation": "pre_land_sfdc_office",
      "from_port": "Phone",
      "to_transformation": "SQ_pre_land_sfdc_office_sfdc",
      "to_port": "Phone"
    },
    {
      "from_transformation": "pre_land_sfdc_office",
      "from_port": "Fax",
      "to_transformation": "SQ_pre_land_sfdc_office_sfdc",
      "to_port": "Fax"
    },
    {
      "from_transformation": "pre_land_sfdc_office",
      "from_port": "Website",
      "to_transformation": "SQ_pre_land_sfdc_office_sfdc",
      "to_port": "Website"
    },
    {
      "from_transformation": "pre_land_sfdc_office",
      "from_port": "W_9__c",
      "to_transformation": "SQ_pre_land_sfdc_office_sfdc",
      "to_port": "W_9__c"
    },
    {
      "from_transformation": "pre_land_sfdc_office",
      "from_port": "Primary_Channel__c",
      "to_transformation": "SQ_pre_land_sfdc_office_sfdc",
      "to_port": "Primary_Channel__c"
    },
    {
      "from_transformation": "pre_land_sfdc_office",
      "from_port": "Advisory_Segmentation__c",
      "to_transformation": "SQ_pre_land_sfdc_office_sfdc",
      "to_port": "Advisory_Segmentation__c"
    },
    {
      "from_transformation": "pre_land_sfdc_office",
      "from_port": "Advisory_Reason_Code__c",
      "to_transformation": "SQ_pre_land_sfdc_office_sfdc",
      "to_port": "Advisory_Reason_Code__c"
    },
    {
      "from_transformation": "pre_land_sfdc_office",
      "from_port": "Advisory_Reason_Code_Clarification__c",
      "to_transformation": "SQ_pre_land_sfdc_office_sfdc",
      "to_port": "Advisory_Reason_Code_Clarification__c"
    },
    {
      "from_transformation": "pre_land_sfdc_office",
      "from_port": "Advisory_Other_Reason_Code_Details__c",
      "to_transformation": "SQ_pre_land_sfdc_office_sfdc",
      "to_port": "Advisory_Other_Reason_Code_Details__c"
    },
    {
      "from_transformation": "pre_land_sfdc_office",
      "from_port": "Segment__c",
      "to_transformation": "SQ_pre_land_sfdc_office_sfdc",
      "to_port": "Segment__c"
    },
    {
      "from_transformation": "pre_land_sfdc_office",
      "from_port": "Restrict_Mail__c",
      "to_transformation": "SQ_pre_land_sfdc_office_sfdc",
      "to_port": "Restrict_Mail__c"
    },
    {
      "from_transformation": "pre_land_sfdc_office",
      "from_port": "Inactivated_Date__c",
      "to_transformation": "SQ_pre_land_sfdc_office_sfdc",
      "to_port": "Inactivated_Date__c"
    },
    {
      "from_transformation": "pre_land_sfdc_office",
      "from_port": "Id",
      "to_transformation": "SQ_pre_land_sfdc_office_sfdc",
      "to_port": "Id"
    },
    {
      "from_transformation": "pre_land_sfdc_office",
      "from_port": "ParentId",
      "to_transformation": "SQ_pre_land_sfdc_office_sfdc",
      "to_port": "ParentId"
    },
    {
      "from_transformation": "pre_land_sfdc_office",
      "from_port": "Tier__c",
      "to_transformation": "SQ_pre_land_sfdc_office_sfdc",
      "to_port": "Tier__c"
    },
    {
      "from_transformation": "pre_land_sfdc_office",
      "from_port": "Status__c",
      "to_transformation": "SQ_pre_land_sfdc_office_sfdc",
      "to_port": "Status__c"
    },
    {
      "from_transformation": "pre_land_sfdc_office",
      "from_port": "RecordTypeName",
      "to_transformation": "SQ_pre_land_sfdc_office_sfdc",
      "to_port": "RecordTypeName"
    },
    {
      "from_transformation": "pre_land_sfdc_office",
      "from_port": "Type",
      "to_transformation": "SQ_pre_land_sfdc_office_sfdc",
      "to_port": "Type"
    },
    {
      "from_transformation": "SQ_pre_land_sfdc_office_sfdc",
      "from_port": "Website",
      "to_transformation": "fltr_as_reqrd",
      "to_port": "Website"
    },
    {
      "from_transformation": "SQ_pre_land_sfdc_office_sfdc",
      "from_port": "CreatedByAlias",
      "to_transformation": "fltr_as_reqrd",
      "to_port": "CreatedByAlias"
    },
    {
      "from_transformation": "SQ_pre_land_sfdc_office_sfdc",
      "from_port": "CreatedDate",
      "to_transformation": "fltr_as_reqrd",
      "to_port": "CreatedDate"
    },
    {
      "from_transformation": "SQ_pre_land_sfdc_office_sfdc",
      "from_port": "LastModifiedByAlias",
      "to_transformation": "fltr_as_reqrd",
      "to_port": "LastModifiedByAlias"
    },
    {
      "from_transformation": "SQ_pre_land_sfdc_office_sfdc",
      "from_port": "Id",
      "to_transformation": "fltr_as_reqrd",
      "to_port": "Id"
    },
    {
      "from_transformation": "SQ_pre_land_sfdc_office_sfdc",
      "from_port": "LastModifiedDate",
      "to_transformation": "fltr_as_reqrd",
      "to_port": "LastModifiedDate"
    },
    {
      "from_transformation": "SQ_pre_land_sfdc_office_sfdc",
      "from_port": "Source_System_Name",
      "to_transformation": "fltr_as_reqrd",
      "to_port": "Source_System_Name"
    },
    {
      "from_transformation": "SQ_pre_land_sfdc_office_sfdc",
      "from_port": "Phone",
      "to_transformation": "fltr_as_reqrd",
      "to_port": "Phone"
    },
    {
      "from_transformation": "SQ_pre_land_sfdc_office_sfdc",
      "from_port": "Fax",
      "to_transformation": "fltr_as_reqrd",
      "to_port": "Fax"
    },
    {
      "from_transformation": "FILTRANS",
      "from_port": "Id",
      "to_transformation": "EXPTRANS",
      "to_port": "Id"
    },
    {
      "from_transformation": "FILTRANS",
      "from_port": "LastModifiedDate",
      "to_transformation": "EXPTRANS",
      "to_port": "LastModifiedDate"
    },
    {
      "from_transformation": "FILTRANS",
      "from_port": "SourceSystemName",
      "to_transformation": "EXPTRANS",
      "to_port": "SourceSystemName"
    },
    {
      "from_transformation": "FILTRANS",
      "from_port": "CNTCT_MECHANISM_TYPE",
      "to_transformation": "EXPTRANS",
      "to_port": "CNTCT_MECHANISM_TYPE"
    },
    {
      "from_transformation": "FILTRANS",
      "from_port": "CNTCT_MECHANISM_Value",
      "to_transformation": "EXPTRANS",
      "to_port": "CNTCT_MECHANISM_Value"
    },
    {
      "from_transformation": "FILTRANS",
      "from_port": "PURPOSE",
      "to_transformation": "EXPTRANS",
      "to_port": "PURPOSE"
    },
    {
      "from_transformation": "FILTRANS",
      "from_port": "Source_System_Name",
      "to_transformation": "EXPTRANS",
      "to_port": "Source_System_Name"
    },
    {
      "from_transformation": "FILTRANS",
      "from_port": "CreatedByAlias",
      "to_transformation": "EXPTRANS",
      "to_port": "CreatedByAlias"
    },
    {
      "from_transformation": "FILTRANS",
      "from_port": "CreatedDate",
      "to_transformation": "EXPTRANS",
      "to_port": "CreatedDate"
    },
    {
      "from_transformation": "FILTRANS",
      "from_port": "LastModifiedByAlias",
      "to_transformation": "EXPTRANS",
      "to_port": "LastModifiedByAlias"
    },
    {
      "from_transformation": "FILTRANS",
      "from_port": "CNTCT_MCHSM_TYPE_STR",
      "to_transformation": "EXPTRANS",
      "to_port": "CNTCT_MCHSM_TYPE_STR"
    },
    {
      "from_transformation": "Union",
      "from_port": "Id",
      "to_transformation": "FILTRANS",
      "to_port": "Id"
    },
    {
      "from_transformation": "Union",
      "from_port": "LastModifiedDate",
      "to_transformation": "FILTRANS",
      "to_port": "LastModifiedDate"
    },
    {
      "from_transformation": "Union",
      "from_port": "SourceSystemName",
      "to_transformation": "FILTRANS",
      "to_port": "SourceSystemName"
    },
    {
      "from_transformation": "Union",
      "from_port": "CNTCT_MECHANISM_TYPE",
      "to_transformation": "FILTRANS",
      "to_port": "CNTCT_MECHANISM_TYPE"
    },
    {
      "from_transformation": "Union",
      "from_port": "CNTCT_MECHANISM_Value",
      "to_transformation": "FILTRANS",
      "to_port": "CNTCT_MECHANISM_Value"
    },
    {
      "from_transformation": "Union",
      "from_port": "PURPOSE",
      "to_transformation": "FILTRANS",
      "to_port": "PURPOSE"
    },
    {
      "from_transformation": "Union",
      "from_port": "Source_System_Name",
      "to_transformation": "FILTRANS",
      "to_port": "Source_System_Name"
    },
    {
      "from_transformation": "Union",
      "from_port": "CreatedByAlias",
      "to_transformation": "FILTRANS",
      "to_port": "CreatedByAlias"
    },
    {
      "from_transformation": "Union",
      "from_port": "CreatedDate",
      "to_transformation": "FILTRANS",
      "to_port": "CreatedDate"
    },
    {
      "from_transformation": "Union",
      "from_port": "LastModifiedByAlias",
      "to_transformation": "FILTRANS",
      "to_port": "LastModifiedByAlias"
    },
    {
      "from_transformation": "Union",
      "from_port": "CNTCT_MCHSM_TYPE_STR",
      "to_transformation": "FILTRANS",
      "to_port": "CNTCT_MCHSM_TYPE_STR"
    },
    {
      "from_transformation": "exp_transformation",
      "from_port": "PURPOSE_ID_OUT",
      "to_transformation": "Union",
      "to_port": "PURPOSE4"
    },
    {
      "from_transformation": "exp_transformation",
      "from_port": "Source_System_Name",
      "to_transformation": "Union",
      "to_port": "Source_System_Name1"
    },
    {
      "from_transformation": "exp_transformation",
      "from_port": "CreatedByAlias",
      "to_transformation": "Union",
      "to_port": "CreatedByAlias1"
    },
    {
      "from_transformation": "exp_transformation",
      "from_port": "CreatedDate",
      "to_transformation": "Union",
      "to_port": "CreatedDate1"
    },
    {
      "from_transformation": "exp_transformation",
      "from_port": "LastModifiedByAlias",
      "to_transformation": "Union",
      "to_port": "LastModifiedByAlias1"
    },
    {
      "from_transformation": "exp_transformation",
      "from_port": "CreatedByAlias",
      "to_transformation": "Union",
      "to_port": "CreatedByAlias2"
    },
    {
      "from_transformation": "exp_transformation",
      "from_port": "CreatedDate",
      "to_transformation": "Union",
      "to_port": "CreatedDate2"
    },
    {
      "from_transformation": "exp_transformation",
      "from_port": "LastModifiedByAlias",
      "to_transformation": "Union",
      "to_port": "LastModifiedByAlias2"
    },
    {
      "from_transformation": "exp_transformation",
      "from_port": "CreatedByAlias",
      "to_transformation": "Union",
      "to_port": "CreatedByAlias3"
    },
    {
      "from_transformation": "exp_transformation",
      "from_port": "CreatedDate",
      "to_transformation": "Union",
      "to_port": "CreatedDate3"
    },
    {
      "from_transformation": "exp_transformation",
      "from_port": "LastModifiedByAlias",
      "to_transformation": "Union",
      "to_port": "LastModifiedByAlias3"
    },
    {
      "from_transformation": "exp_transformation",
      "from_port": "Source_System_Name",
      "to_transformation": "Union",
      "to_port": "Source_System_Name3"
    },
    {
      "from_transformation": "exp_transformation",
      "from_port": "Source_System_Name",
      "to_transformation": "Union",
      "to_port": "Source_System_Name2"
    },
    {
      "from_transformation": "exp_transformation",
      "from_port": "Id",
      "to_transformation": "Union",
      "to_port": "Id2"
    },
    {
      "from_transformation": "exp_transformation",
      "from_port": "LastModifiedDate",
      "to_transformation": "Union",
      "to_port": "LastModifiedDate2"
    },
    {
      "from_transformation": "exp_transformation",
      "from_port": "Source_System_Name",
      "to_transformation": "Union",
      "to_port": "SourceSystemName2"
    },
    {
      "from_transformation": "exp_transformation",
      "from_port": "Id",
      "to_transformation": "Union",
      "to_port": "Id3"
    },
    {
      "from_transformation": "exp_transformation",
      "from_port": "LastModifiedDate",
      "to_transformation": "Union",
      "to_port": "LastModifiedDate3"
    },
    {
      "from_transformation": "exp_transformation",
      "from_port": "Source_System_Name",
      "to_transformation": "Union",
      "to_port": "SourceSystemName3"
    },
    {
      "from_transformation": "exp_transformation",
      "from_port": "Phone",
      "to_transformation": "Union",
      "to_port": "CNTCT_MECHANISM_Value2"
    },
    {
      "from_transformation": "exp_transformation",
      "from_port": "Fax",
      "to_transformation": "Union",
      "to_port": "CNTCT_MECHANISM_Value3"
    },
    {
      "from_transformation": "exp_transformation",
      "from_port": "CNTCT_MCHSM_TYPE_STR_PHONE",
      "to_transformation": "Union",
      "to_port": "CNTCT_MCHSM_TYPE_STR2"
    },
    {
      "from_transformation": "exp_transformation",
      "from_port": "CNTCT_MCHSM_TYPE_STR_FAX",
      "to_transformation": "Union",
      "to_port": "CNTCT_MCHSM_TYPE_STR3"
    },
    {
      "from_transformation": "exp_transformation",
      "from_port": "CNTCT_MCHSM_TYPE_STR_WEBSITE",
      "to_transformation": "Union",
      "to_port": "CNTCT_MCHSM_TYPE_STR4"
    },
    {
      "from_transformation": "exp_transformation",
      "from_port": "LastModifiedDate",
      "to_transformation": "Union",
      "to_port": "LastModifiedDate4"
    },
    {
      "from_transformation": "exp_transformation",
      "from_port": "Source_System_Name",
      "to_transformation": "Union",
      "to_port": "SourceSystemName4"
    },
    {
      "from_transformation": "exp_transformation",
      "from_port": "Website",
      "to_transformation": "Union",
      "to_port": "CNTCT_MECHANISM_Value4"
    },
    {
      "from_transformation": "exp_transformation",
      "from_port": "CNTCT_MECHANISM_TYPE_PHONE_OUT",
      "to_transformation": "Union",
      "to_port": "CNTCT_MECHANISM_TYPE2"
    },
    {
      "from_transformation": "exp_transformation",
      "from_port": "CNTCT_MECHANISM_TYPE_FAX_OUT",
      "to_transformation": "Union",
      "to_port": "CNTCT_MECHANISM_TYPE3"
    },
    {
      "from_transformation": "exp_transformation",
      "from_port": "PURPOSE_ID_OUT",
      "to_transformation": "Union",
      "to_port": "PURPOSE3"
    },
    {
      "from_transformation": "exp_transformation",
      "from_port": "Id",
      "to_transformation": "Union",
      "to_port": "Id4"
    },
    {
      "from_transformation": "exp_transformation",
      "from_port": "CNTCT_MECHANISM_TYPE_WEBSITE_OUT",
      "to_transformation": "Union",
      "to_port": "CNTCT_MECHANISM_TYPE4"
    },
    {
      "from_transformation": "exp_transformation",
      "from_port": "PURPOSE_ID_OUT",
      "to_transformation": "Union",
      "to_port": "PURPOSE2"
    },
    {
      "from_transformation": "fltr_as_reqrd",
      "from_port": "Source_System_Name",
      "to_transformation": "exp_transformation",
      "to_port": "Source_System_Name"
    },
    {
      "from_transformation": "fltr_as_reqrd",
      "from_port": "Phone",
      "to_transformation": "exp_transformation",
      "to_port": "Phone"
    },
    {
      "from_transformation": "fltr_as_reqrd",
      "from_port": "Fax",
      "to_transformation": "exp_transformation",
      "to_port": "Fax"
    },
    {
      "from_transformation": "fltr_as_reqrd",
      "from_port": "Website",
      "to_transformation": "exp_transformation",
      "to_port": "Website"
    },
    {
      "from_transformation": "fltr_as_reqrd",
      "from_port": "CreatedByAlias",
      "to_transformation": "exp_transformation",
      "to_port": "CreatedByAlias"
    },
    {
      "from_transformation": "fltr_as_reqrd",
      "from_port": "CreatedDate",
      "to_transformation": "exp_transformation",
      "to_port": "CreatedDate"
    },
    {
      "from_transformation": "fltr_as_reqrd",
      "from_port": "LastModifiedByAlias",
      "to_transformation": "exp_transformation",
      "to_port": "LastModifiedByAlias"
    },
    {
      "from_transformation": "fltr_as_reqrd",
      "from_port": "Id",
      "to_transformation": "exp_transformation",
      "to_port": "Id"
    },
    {
      "from_transformation": "fltr_as_reqrd",
      "from_port": "LastModifiedDate",
      "to_transformation": "exp_transformation",
      "to_port": "LastModifiedDate"
    }
  ]
}