{
  "mapping_name": "m_landing_sfdc_to_cdm_organization_party_rel",
  "xml_path": "/tmp/informatica_xml_e14a3kqh/INFORMATICA XML MAPPING/TODAY_LAYER_XML_MAPPING/wf_landing_sfdc_to_cdm_organization_party_rel.xml",
  "sources": [
    {
      "name": "pre_land_sfdc_organization",
      "type": "Unknown",
      "dbdname": "CDM_SQL_PRE_LANDING_SRC",
      "fields": [
        {
          "name": "Id",
          "datatype": "nvarchar",
          "precision": "18",
          "scale": "0",
          "nullable": false,
          "description": "",
          "default_value": "",
          "schema_info": {
            "field_name": "Id",
            "field_type": "nvarchar",
            "nullable": false,
            "precision": "18",
            "scale": "0",
            "primary_key": false,
            "unique": false,
            "foreign_key": false,
            "default": ""
          }
        },
        {
          "name": "ParentId",
          "datatype": "nvarchar",
          "precision": "18",
          "scale": "0",
          "nullable": false,
          "description": "",
          "default_value": "",
          "schema_info": {
            "field_name": "ParentId",
            "field_type": "nvarchar",
            "nullable": false,
            "precision": "18",
            "scale": "0",
            "primary_key": false,
            "unique": false,
            "foreign_key": false,
            "default": ""
          }
        },
        {
          "name": "Tier__c",
          "datatype": "nvarchar",
          "precision": "255",
          "scale": "0",
          "nullable": false,
          "description": "",
          "default_value": "",
          "schema_info": {
            "field_name": "Tier__c",
            "field_type": "nvarchar",
            "nullable": false,
            "precision": "255",
            "scale": "0",
            "primary_key": false,
            "unique": false,
            "foreign_key": false,
            "default": ""
          }
        },
        {
          "name": "Status__c",
          "datatype": "nvarchar",
          "precision": "255",
          "scale": "0",
          "nullable": false,
          "description": "",
          "default_value": "",
          "schema_info": {
            "field_name": "Status__c",
            "field_type": "nvarchar",
            "nullable": false,
            "precision": "255",
            "scale": "0",
            "primary_key": false,
            "unique": false,
            "foreign_key": false,
            "default": ""
          }
        },
        {
          "name": "RecordTypeName",
          "datatype": "nvarchar",
          "precision": "80",
          "scale": "0",
          "nullable": false,
          "description": "",
          "default_value": "",
          "schema_info": {
            "field_name": "RecordTypeName",
            "field_type": "nvarchar",
            "nullable": false,
            "precision": "80",
            "scale": "0",
            "primary_key": false,
            "unique": false,
            "foreign_key": false,
            "default": ""
          }
        },
        {
          "name": "CRD__c",
          "datatype": "nvarchar",
          "precision": "15",
          "scale": "0",
          "nullable": false,
          "description": "",
          "default_value": "",
          "schema_info": {
            "field_name": "CRD__c",
            "field_type": "nvarchar",
            "nullable": false,
            "precision": "15",
            "scale": "0",
            "primary_key": false,
            "unique": false,
            "foreign_key": false,
            "default": ""
          }
        },
        {
          "name": "Registration_Type__c",
          "datatype": "nvarchar",
          "precision": "4000",
          "scale": "0",
          "nullable": false,
          "description": "",
          "default_value": "",
          "schema_info": {
            "field_name": "Registration_Type__c",
            "field_type": "nvarchar",
            "nullable": false,
            "precision": "4000",
            "scale": "0",
            "primary_key": false,
            "unique": false,
            "foreign_key": false,
            "default": ""
          }
        },
        {
          "name": "Primary_CG_Org_Owner__c",
          "datatype": "nvarchar",
          "precision": "18",
          "scale": "0",
          "nullable": false,
          "description": "",
          "default_value": "",
          "schema_info": {
            "field_name": "Primary_CG_Org_Owner__c",
            "field_type": "nvarchar",
            "nullable": false,
            "precision": "18",
            "scale": "0",
            "primary_key": false,
            "unique": false,
            "foreign_key": false,
            "default": ""
          }
        },
        {
          "name": "Primary_CG_Org_Owner__r_alias",
          "datatype": "nvarchar",
          "precision": "8",
          "scale": "0",
          "nullable": false,
          "description": "",
          "default_value": "",
          "schema_info": {
            "field_name": "Primary_CG_Org_Owner__r_alias",
            "field_type": "nvarchar",
            "nullable": false,
            "precision": "8",
            "scale": "0",
            "primary_key": false,
            "unique": false,
            "foreign_key": false,
            "default": ""
          }
        },
        {
          "name": "Primary_CG_Org_Owner__r_Associate_ID__c",
          "datatype": "nvarchar",
          "precision": "15",
          "scale": "0",
          "nullable": false,
          "description": "",
          "default_value": "",
          "schema_info": {
            "field_name": "Primary_CG_Org_Owner__r_Associate_ID__c",
            "field_type": "nvarchar",
            "nullable": false,
            "precision": "15",
            "scale": "0",
            "primary_key": false,
            "unique": false,
            "foreign_key": false,
            "default": ""
          }
        },
        {
          "name": "Primary_Channel__c",
          "datatype": "nvarchar",
          "precision": "255",
          "scale": "0",
          "nullable": false,
          "description": "",
          "default_value": "",
          "schema_info": {
            "field_name": "Primary_Channel__c",
            "field_type": "nvarchar",
            "nullable": false,
            "precision": "255",
            "scale": "0",
            "primary_key": false,
            "unique": false,
            "foreign_key": false,
            "default": ""
          }
        },
        {
          "name": "Type",
          "datatype": "nvarchar",
          "precision": "40",
          "scale": "0",
          "nullable": false,
          "description": "",
          "default_value": "",
          "schema_info": {
            "field_name": "Type",
            "field_type": "nvarchar",
            "nullable": false,
            "precision": "40",
            "scale": "0",
            "primary_key": false,
            "unique": false,
            "foreign_key": false,
            "default": ""
          }
        },
        {
          "name": "Organization_Direct__c",
          "datatype": "nvarchar",
          "precision": "15",
          "scale": "0",
          "nullable": false,
          "description": "",
          "default_value": "",
          "schema_info": {
            "field_name": "Organization_Direct__c",
            "field_type": "nvarchar",
            "nullable": false,
            "precision": "15",
            "scale": "0",
            "primary_key": false,
            "unique": false,
            "foreign_key": false,
            "default": ""
          }
        },
        {
          "name": "Name",
          "datatype": "nvarchar",
          "precision": "255",
          "scale": "0",
          "nullable": false,
          "description": "",
          "default_value": "",
          "schema_info": {
            "field_name": "Name",
            "field_type": "nvarchar",
            "nullable": false,
            "precision": "255",
            "scale": "0",
            "primary_key": false,
            "unique": false,
            "foreign_key": false,
            "default": ""
          }
        },
        {
          "name": "Marketing_Email_Restriction__c",
          "datatype": "nvarchar",
          "precision": "255",
          "scale": "0",
          "nullable": false,
          "description": "",
          "default_value": "",
          "schema_info": {
            "field_name": "Marketing_Email_Restriction__c",
            "field_type": "nvarchar",
            "nullable": false,
            "precision": "255",
            "scale": "0",
            "primary_key": false,
            "unique": false,
            "foreign_key": false,
            "default": ""
          }
        },
        {
          "name": "Organization_ID__c",
          "datatype": "nvarchar",
          "precision": "15",
          "scale": "0",
          "nullable": false,
          "description": "",
          "default_value": "",
          "schema_info": {
            "field_name": "Organization_ID__c",
            "field_type": "nvarchar",
            "nullable": false,
            "precision": "15",
            "scale": "0",
            "primary_key": false,
            "unique": false,
            "foreign_key": false,
            "default": ""
          }
        },
        {
          "name": "BillingStreet",
          "datatype": "nvarchar",
          "precision": "255",
          "scale": "0",
          "nullable": false,
          "description": "",
          "default_value": "",
          "schema_info": {
            "field_name": "BillingStreet",
            "field_type": "nvarchar",
            "nullable": false,
            "precision": "255",
            "scale": "0",
            "primary_key": false,
            "unique": false,
            "foreign_key": false,
            "default": ""
          }
        },
        {
          "name": "BillingCity",
          "datatype": "nvarchar",
          "precision": "40",
          "scale": "0",
          "nullable": false,
          "description": "",
          "default_value": "",
          "schema_info": {
            "field_name": "BillingCity",
            "field_type": "nvarchar",
            "nullable": false,
            "precision": "40",
            "scale": "0",
            "primary_key": false,
            "unique": false,
            "foreign_key": false,
            "default": ""
          }
        },
        {
          "name": "BillingState",
          "datatype": "nvarchar",
          "precision": "80",
          "scale": "0",
          "nullable": false,
          "description": "",
          "default_value": "",
          "schema_info": {
            "field_name": "BillingState",
            "field_type": "nvarchar",
            "nullable": false,
            "precision": "80",
            "scale": "0",
            "primary_key": false,
            "unique": false,
            "foreign_key": false,
            "default": ""
          }
        },
        {
          "name": "BillingPostalCode",
          "datatype": "nvarchar",
          "precision": "20",
          "scale": "0",
          "nullable": false,
          "description": "",
          "default_value": "",
          "schema_info": {
            "field_name": "BillingPostalCode",
            "field_type": "nvarchar",
            "nullable": false,
            "precision": "20",
            "scale": "0",
            "primary_key": false,
            "unique": false,
            "foreign_key": false,
            "default": ""
          }
        },
        {
          "name": "BillingCountry",
          "datatype": "nvarchar",
          "precision": "80",
          "scale": "0",
          "nullable": false,
          "description": "",
          "default_value": "",
          "schema_info": {
            "field_name": "BillingCountry",
            "field_type": "nvarchar",
            "nullable": false,
            "precision": "80",
            "scale": "0",
            "primary_key": false,
            "unique": false,
            "foreign_key": false,
            "default": ""
          }
        },
        {
          "name": "IsDeleted",
          "datatype": "nvarchar",
          "precision": "5",
          "scale": "0",
          "nullable": false,
          "description": "",
          "default_value": "",
          "schema_info": {
            "field_name": "IsDeleted",
            "field_type": "nvarchar",
            "nullable": false,
            "precision": "5",
            "scale": "0",
            "primary_key": false,
            "unique": false,
            "foreign_key": false,
            "default": ""
          }
        },
        {
          "name": "CreatedByAlias",
          "datatype": "nvarchar",
          "precision": "8",
          "scale": "0",
          "nullable": false,
          "description": "",
          "default_value": "",
          "schema_info": {
            "field_name": "CreatedByAlias",
            "field_type": "nvarchar",
            "nullable": false,
            "precision": "8",
            "scale": "0",
            "primary_key": false,
            "unique": false,
            "foreign_key": false,
            "default": ""
          }
        },
        {
          "name": "CreatedDate",
          "datatype": "nvarchar",
          "precision": "29",
          "scale": "0",
          "nullable": false,
          "description": "",
          "default_value": "",
          "schema_info": {
            "field_name": "CreatedDate",
            "field_type": "nvarchar",
            "nullable": false,
            "precision": "29",
            "scale": "0",
            "primary_key": false,
            "unique": false,
            "foreign_key": false,
            "default": ""
          }
        },
        {
          "name": "LastModifiedByAlias",
          "datatype": "nvarchar",
          "precision": "8",
          "scale": "0",
          "nullable": false,
          "description": "",
          "default_value": "",
          "schema_info": {
            "field_name": "LastModifiedByAlias",
            "field_type": "nvarchar",
            "nullable": false,
            "precision": "8",
            "scale": "0",
            "primary_key": false,
            "unique": false,
            "foreign_key": false,
            "default": ""
          }
        },
        {
          "name": "LastModifiedDate",
          "datatype": "nvarchar",
          "precision": "29",
          "scale": "0",
          "nullable": false,
          "description": "",
          "default_value": "",
          "schema_info": {
            "field_name": "LastModifiedDate",
            "field_type": "nvarchar",
            "nullable": false,
            "precision": "29",
            "scale": "0",
            "primary_key": false,
            "unique": false,
            "foreign_key": false,
            "default": ""
          }
        },
        {
          "name": "GU_ID__c",
          "datatype": "nvarchar",
          "precision": "18",
          "scale": "0",
          "nullable": false,
          "description": "",
          "default_value": "",
          "schema_info": {
            "field_name": "GU_ID__c",
            "field_type": "nvarchar",
            "nullable": false,
            "precision": "18",
            "scale": "0",
            "primary_key": false,
            "unique": false,
            "foreign_key": false,
            "default": ""
          }
        },
        {
          "name": "Source_System_Name",
          "datatype": "nvarchar",
          "precision": "18",
          "scale": "0",
          "nullable": false,
          "description": "",
          "default_value": "",
          "schema_info": {
            "field_name": "Source_System_Name",
            "field_type": "nvarchar",
            "nullable": false,
            "precision": "18",
            "scale": "0",
            "primary_key": false,
            "unique": false,
            "foreign_key": false,
            "default": ""
          }
        },
        {
          "name": "Primary_Address_Type__c",
          "datatype": "nvarchar",
          "precision": "255",
          "scale": "0",
          "nullable": false,
          "description": "",
          "default_value": "",
          "schema_info": {
            "field_name": "Primary_Address_Type__c",
            "field_type": "nvarchar",
            "nullable": false,
            "precision": "255",
            "scale": "0",
            "primary_key": false,
            "unique": false,
            "foreign_key": false,
            "default": ""
          }
        },
        {
          "name": "Secondary_Address_Type__c",
          "datatype": "nvarchar",
          "precision": "255",
          "scale": "0",
          "nullable": false,
          "description": "",
          "default_value": "",
          "schema_info": {
            "field_name": "Secondary_Address_Type__c",
            "field_type": "nvarchar",
            "nullable": false,
            "precision": "255",
            "scale": "0",
            "primary_key": false,
            "unique": false,
            "foreign_key": false,
            "default": ""
          }
        },
        {
          "name": "Location_Type__c",
          "datatype": "nvarchar",
          "precision": "255",
          "scale": "0",
          "nullable": false,
          "description": "",
          "default_value": "",
          "schema_info": {
            "field_name": "Location_Type__c",
            "field_type": "nvarchar",
            "nullable": false,
            "precision": "255",
            "scale": "0",
            "primary_key": false,
            "unique": false,
            "foreign_key": false,
            "default": ""
          }
        },
        {
          "name": "Legal_Name__c",
          "datatype": "nvarchar",
          "precision": "255",
          "scale": "0",
          "nullable": false,
          "description": "",
          "default_value": "",
          "schema_info": {
            "field_name": "Legal_Name__c",
            "field_type": "nvarchar",
            "nullable": false,
            "precision": "255",
            "scale": "0",
            "primary_key": false,
            "unique": false,
            "foreign_key": false,
            "default": ""
          }
        },
        {
          "name": "SEC__c",
          "datatype": "nvarchar",
          "precision": "25",
          "scale": "0",
          "nullable": false,
          "description": "",
          "default_value": "",
          "schema_info": {
            "field_name": "SEC__c",
            "field_type": "nvarchar",
            "nullable": false,
            "precision": "25",
            "scale": "0",
            "primary_key": false,
            "unique": false,
            "foreign_key": false,
            "default": ""
          }
        },
        {
          "name": "ShippingStreet",
          "datatype": "nvarchar",
          "precision": "255",
          "scale": "0",
          "nullable": false,
          "description": "",
          "default_value": "",
          "schema_info": {
            "field_name": "ShippingStreet",
            "field_type": "nvarchar",
            "nullable": false,
            "precision": "255",
            "scale": "0",
            "primary_key": false,
            "unique": false,
            "foreign_key": false,
            "default": ""
          }
        },
        {
          "name": "ShippingCity",
          "datatype": "nvarchar",
          "precision": "40",
          "scale": "0",
          "nullable": false,
          "description": "",
          "default_value": "",
          "schema_info": {
            "field_name": "ShippingCity",
            "field_type": "nvarchar",
            "nullable": false,
            "precision": "40",
            "scale": "0",
            "primary_key": false,
            "unique": false,
            "foreign_key": false,
            "default": ""
          }
        },
        {
          "name": "ShippingState",
          "datatype": "nvarchar",
          "precision": "80",
          "scale": "0",
          "nullable": false,
          "description": "",
          "default_value": "",
          "schema_info": {
            "field_name": "ShippingState",
            "field_type": "nvarchar",
            "nullable": false,
            "precision": "80",
            "scale": "0",
            "primary_key": false,
            "unique": false,
            "foreign_key": false,
            "default": ""
          }
        },
        {
          "name": "ShippingPostalCode",
          "datatype": "nvarchar",
          "precision": "20",
          "scale": "0",
          "nullable": false,
          "description": "",
          "default_value": "",
          "schema_info": {
            "field_name": "ShippingPostalCode",
            "field_type": "nvarchar",
            "nullable": false,
            "precision": "20",
            "scale": "0",
            "primary_key": false,
            "unique": false,
            "foreign_key": false,
            "default": ""
          }
        },
        {
          "name": "ShippingCountry",
          "datatype": "nvarchar",
          "precision": "80",
          "scale": "0",
          "nullable": false,
          "description": "",
          "default_value": "",
          "schema_info": {
            "field_name": "ShippingCountry",
            "field_type": "nvarchar",
            "nullable": false,
            "precision": "80",
            "scale": "0",
            "primary_key": false,
            "unique": false,
            "foreign_key": false,
            "default": ""
          }
        },
        {
          "name": "Corporate_Structure__c",
          "datatype": "nvarchar",
          "precision": "255",
          "scale": "0",
          "nullable": false,
          "description": "",
          "default_value": "",
          "schema_info": {
            "field_name": "Corporate_Structure__c",
            "field_type": "nvarchar",
            "nullable": false,
            "precision": "255",
            "scale": "0",
            "primary_key": false,
            "unique": false,
            "foreign_key": false,
            "default": ""
          }
        },
        {
          "name": "Inactivated_Date__c",
          "datatype": "nvarchar",
          "precision": "29",
          "scale": "0",
          "nullable": false,
          "description": "",
          "default_value": "",
          "schema_info": {
            "field_name": "Inactivated_Date__c",
            "field_type": "nvarchar",
            "nullable": false,
            "precision": "29",
            "scale": "0",
            "primary_key": false,
            "unique": false,
            "foreign_key": false,
            "default": ""
          }
        },
        {
          "name": "Org_Tax_ID_Number__c",
          "datatype": "nvarchar",
          "precision": "50",
          "scale": "0",
          "nullable": false,
          "description": "",
          "default_value": "",
          "schema_info": {
            "field_name": "Org_Tax_ID_Number__c",
            "field_type": "nvarchar",
            "nullable": false,
            "precision": "50",
            "scale": "0",
            "primary_key": false,
            "unique": false,
            "foreign_key": false,
            "default": ""
          }
        },
        {
          "name": "Phone",
          "datatype": "nvarchar",
          "precision": "40",
          "scale": "0",
          "nullable": false,
          "description": "",
          "default_value": "",
          "schema_info": {
            "field_name": "Phone",
            "field_type": "nvarchar",
            "nullable": false,
            "precision": "40",
            "scale": "0",
            "primary_key": false,
            "unique": false,
            "foreign_key": false,
            "default": ""
          }
        },
        {
          "name": "Fax",
          "datatype": "nvarchar",
          "precision": "40",
          "scale": "0",
          "nullable": false,
          "description": "",
          "default_value": "",
          "schema_info": {
            "field_name": "Fax",
            "field_type": "nvarchar",
            "nullable": false,
            "precision": "40",
            "scale": "0",
            "primary_key": false,
            "unique": false,
            "foreign_key": false,
            "default": ""
          }
        },
        {
          "name": "Website",
          "datatype": "nvarchar",
          "precision": "255",
          "scale": "0",
          "nullable": false,
          "description": "",
          "default_value": "",
          "schema_info": {
            "field_name": "Website",
            "field_type": "nvarchar",
            "nullable": false,
            "precision": "255",
            "scale": "0",
            "primary_key": false,
            "unique": false,
            "foreign_key": false,
            "default": ""
          }
        },
        {
          "name": "Advisory_Other_Reason_Code_Details__c",
          "datatype": "nvarchar",
          "precision": "255",
          "scale": "0",
          "nullable": false,
          "description": "",
          "default_value": "",
          "schema_info": {
            "field_name": "Advisory_Other_Reason_Code_Details__c",
            "field_type": "nvarchar",
            "nullable": false,
            "precision": "255",
            "scale": "0",
            "primary_key": false,
            "unique": false,
            "foreign_key": false,
            "default": ""
          }
        },
        {
          "name": "Advisory_Reason_Code__c",
          "datatype": "nvarchar",
          "precision": "255",
          "scale": "0",
          "nullable": false,
          "description": "",
          "default_value": "",
          "schema_info": {
            "field_name": "Advisory_Reason_Code__c",
            "field_type": "nvarchar",
            "nullable": false,
            "precision": "255",
            "scale": "0",
            "primary_key": false,
            "unique": false,
            "foreign_key": false,
            "default": ""
          }
        },
        {
          "name": "Advisory_Reason_Code_Clarification__c",
          "datatype": "nvarchar",
          "precision": "255",
          "scale": "0",
          "nullable": false,
          "description": "",
          "default_value": "",
          "schema_info": {
            "field_name": "Advisory_Reason_Code_Clarification__c",
            "field_type": "nvarchar",
            "nullable": false,
            "precision": "255",
            "scale": "0",
            "primary_key": false,
            "unique": false,
            "foreign_key": false,
            "default": ""
          }
        },
        {
          "name": "Advisory_Segmentation__c",
          "datatype": "nvarchar",
          "precision": "255",
          "scale": "0",
          "nullable": false,
          "description": "",
          "default_value": "",
          "schema_info": {
            "field_name": "Advisory_Segmentation__c",
            "field_type": "nvarchar",
            "nullable": false,
            "precision": "255",
            "scale": "0",
            "primary_key": false,
            "unique": false,
            "foreign_key": false,
            "default": ""
          }
        },
        {
          "name": "Segmentation__c",
          "datatype": "nvarchar",
          "precision": "255",
          "scale": "0",
          "nullable": false,
          "description": "",
          "default_value": "",
          "schema_info": {
            "field_name": "Segmentation__c",
            "field_type": "nvarchar",
            "nullable": false,
            "precision": "255",
            "scale": "0",
            "primary_key": false,
            "unique": false,
            "foreign_key": false,
            "default": ""
          }
        },
        {
          "name": "channel__c",
          "datatype": "nvarchar",
          "precision": "255",
          "scale": "0",
          "nullable": false,
          "description": "",
          "default_value": "",
          "schema_info": {
            "field_name": "channel__c",
            "field_type": "nvarchar",
            "nullable": false,
            "precision": "255",
            "scale": "0",
            "primary_key": false,
            "unique": false,
            "foreign_key": false,
            "default": ""
          }
        },
        {
          "name": "W_9__c",
          "datatype": "nvarchar",
          "precision": "255",
          "scale": "0",
          "nullable": false,
          "description": "",
          "default_value": "",
          "schema_info": {
            "field_name": "W_9__c",
            "field_type": "nvarchar",
            "nullable": false,
            "precision": "255",
            "scale": "0",
            "primary_key": false,
            "unique": false,
            "foreign_key": false,
            "default": ""
          }
        },
        {
          "name": "Segment__c",
          "datatype": "nvarchar",
          "precision": "255",
          "scale": "0",
          "nullable": false,
          "description": "",
          "default_value": "",
          "schema_info": {
            "field_name": "Segment__c",
            "field_type": "nvarchar",
            "nullable": false,
            "precision": "255",
            "scale": "0",
            "primary_key": false,
            "unique": false,
            "foreign_key": false,
            "default": ""
          }
        },
        {
          "name": "Restrict_Mail__c",
          "datatype": "nvarchar",
          "precision": "5",
          "scale": "0",
          "nullable": false,
          "description": "",
          "default_value": "",
          "schema_info": {
            "field_name": "Restrict_Mail__c",
            "field_type": "nvarchar",
            "nullable": false,
            "precision": "5",
            "scale": "0",
            "primary_key": false,
            "unique": false,
            "foreign_key": false,
            "default": ""
          }
        },
        {
          "name": "Roles__c",
          "datatype": "nvarchar",
          "precision": "255",
          "scale": "0",
          "nullable": false,
          "description": "",
          "default_value": "",
          "schema_info": {
            "field_name": "Roles__c",
            "field_type": "nvarchar",
            "nullable": false,
            "precision": "255",
            "scale": "0",
            "primary_key": false,
            "unique": false,
            "foreign_key": false,
            "default": ""
          }
        },
        {
          "name": "Email_address__c",
          "datatype": "nvarchar",
          "precision": "255",
          "scale": "0",
          "nullable": false,
          "description": "",
          "default_value": "",
          "schema_info": {
            "field_name": "Email_address__c",
            "field_type": "nvarchar",
            "nullable": false,
            "precision": "255",
            "scale": "0",
            "primary_key": false,
            "unique": false,
            "foreign_key": false,
            "default": ""
          }
        },
        {
          "name": "Entitiy_Name_DORIS_SOFI__c",
          "datatype": "nvarchar",
          "precision": "255",
          "scale": "0",
          "nullable": false,
          "description": "",
          "default_value": "",
          "schema_info": {
            "field_name": "Entitiy_Name_DORIS_SOFI__c",
            "field_type": "nvarchar",
            "nullable": false,
            "precision": "255",
            "scale": "0",
            "primary_key": false,
            "unique": false,
            "foreign_key": false,
            "default": ""
          }
        },
        {
          "name": "Role_Stage__c",
          "datatype": "varchar",
          "precision": "255",
          "scale": "0",
          "nullable": false,
          "description": "",
          "default_value": "",
          "schema_info": {
            "field_name": "Role_Stage__c",
            "field_type": "varchar",
            "nullable": false,
            "precision": "255",
            "scale": "0",
            "primary_key": false,
            "unique": false,
            "foreign_key": false,
            "default": ""
          }
        },
        {
          "name": "Client_RM_CRA__c",
          "datatype": "varchar",
          "precision": "255",
          "scale": "0",
          "nullable": false,
          "description": "",
          "default_value": "",
          "schema_info": {
            "field_name": "Client_RM_CRA__c",
            "field_type": "varchar",
            "nullable": false,
            "precision": "255",
            "scale": "0",
            "primary_key": false,
            "unique": false,
            "foreign_key": false,
            "default": ""
          }
        },
        {
          "name": "Service_Tier__c",
          "datatype": "varchar",
          "precision": "255",
          "scale": "0",
          "nullable": false,
          "description": "",
          "default_value": "",
          "schema_info": {
            "field_name": "Service_Tier__c",
            "field_type": "varchar",
            "nullable": false,
            "precision": "255",
            "scale": "0",
            "primary_key": false,
            "unique": false,
            "foreign_key": false,
            "default": ""
          }
        },
        {
          "name": "RM_Institutional__c",
          "datatype": "varchar",
          "precision": "255",
          "scale": "0",
          "nullable": false,
          "description": "",
          "default_value": "",
          "schema_info": {
            "field_name": "RM_Institutional__c",
            "field_type": "varchar",
            "nullable": false,
            "precision": "255",
            "scale": "0",
            "primary_key": false,
            "unique": false,
            "foreign_key": false,
            "default": ""
          }
        },
        {
          "name": "Covered_Plan_Sponsor__c",
          "datatype": "nvarchar",
          "precision": "5",
          "scale": "0",
          "nullable": false,
          "description": "",
          "default_value": "",
          "schema_info": {
            "field_name": "Covered_Plan_Sponsor__c",
            "field_type": "nvarchar",
            "nullable": false,
            "precision": "5",
            "scale": "0",
            "primary_key": false,
            "unique": false,
            "foreign_key": false,
            "default": ""
          }
        },
        {
          "name": "external_id_c",
          "datatype": "nvarchar",
          "precision": "255",
          "scale": "0",
          "nullable": false,
          "description": "",
          "default_value": "",
          "schema_info": {
            "field_name": "external_id_c",
            "field_type": "nvarchar",
            "nullable": false,
            "precision": "255",
            "scale": "0",
            "primary_key": false,
            "unique": false,
            "foreign_key": false,
            "default": ""
          }
        },
        {
          "name": "Aggregator__c",
          "datatype": "nvarchar",
          "precision": "255",
          "scale": "0",
          "nullable": false,
          "description": "",
          "default_value": "",
          "schema_info": {
            "field_name": "Aggregator__c",
            "field_type": "nvarchar",
            "nullable": false,
            "precision": "255",
            "scale": "0",
            "primary_key": false,
            "unique": false,
            "foreign_key": false,
            "default": ""
          }
        },
        {
          "name": "Sector__c",
          "datatype": "nvarchar",
          "precision": "255",
          "scale": "0",
          "nullable": false,
          "description": "",
          "default_value": "",
          "schema_info": {
            "field_name": "Sector__c",
            "field_type": "nvarchar",
            "nullable": false,
            "precision": "255",
            "scale": "0",
            "primary_key": false,
            "unique": false,
            "foreign_key": false,
            "default": ""
          }
        },
        {
          "name": "Definer__c",
          "datatype": "nvarchar",
          "precision": "255",
          "scale": "0",
          "nullable": false,
          "description": "",
          "default_value": "",
          "schema_info": {
            "field_name": "Definer__c",
            "field_type": "nvarchar",
            "nullable": false,
            "precision": "255",
            "scale": "0",
            "primary_key": false,
            "unique": false,
            "foreign_key": false,
            "default": ""
          }
        },
        {
          "name": "Reserverd_3",
          "datatype": "nvarchar",
          "precision": "18",
          "scale": "0",
          "nullable": false,
          "description": "",
          "default_value": "",
          "schema_info": {
            "field_name": "Reserverd_3",
            "field_type": "nvarchar",
            "nullable": false,
            "precision": "18",
            "scale": "0",
            "primary_key": false,
            "unique": false,
            "foreign_key": false,
            "default": ""
          }
        },
        {
          "name": "Reserverd_4",
          "datatype": "nvarchar",
          "precision": "18",
          "scale": "0",
          "nullable": false,
          "description": "",
          "default_value": "",
          "schema_info": {
            "field_name": "Reserverd_4",
            "field_type": "nvarchar",
            "nullable": false,
            "precision": "18",
            "scale": "0",
            "primary_key": false,
            "unique": false,
            "foreign_key": false,
            "default": ""
          }
        },
        {
          "name": "Reserverd_5",
          "datatype": "nvarchar",
          "precision": "18",
          "scale": "0",
          "nullable": false,
          "description": "",
          "default_value": "",
          "schema_info": {
            "field_name": "Reserverd_5",
            "field_type": "nvarchar",
            "nullable": false,
            "precision": "18",
            "scale": "0",
            "primary_key": false,
            "unique": false,
            "foreign_key": false,
            "default": ""
          }
        }
      ]
    }
  ],
  "targets": [
    {
      "name": "today_party_rel_xform",
      "type": "Unknown",
      "dbdname": "",
      "fields": [
        {
          "name": "src_rowid",
          "datatype": "bigint",
          "precision": "19",
          "scale": "0",
          "nullable": false,
          "description": "",
          "default_value": "",
          "schema_info": {
            "field_name": "src_rowid",
            "field_type": "bigint",
            "nullable": false,
            "precision": "19",
            "scale": "0",
            "primary_key": false,
            "unique": false,
            "foreign_key": false,
            "default": ""
          }
        },
        {
          "name": "status_id",
          "datatype": "bigint",
          "precision": "19",
          "scale": "0",
          "nullable": false,
          "description": "",
          "default_value": "",
          "schema_info": {
            "field_name": "status_id",
            "field_type": "bigint",
            "nullable": false,
            "precision": "19",
            "scale": "0",
            "primary_key": false,
            "unique": false,
            "foreign_key": false,
            "default": ""
          }
        },
        {
          "name": "primary_indicator",
          "datatype": "nchar",
          "precision": "1",
          "scale": "0",
          "nullable": false,
          "description": "",
          "default_value": "",
          "schema_info": {
            "field_name": "primary_indicator",
            "field_type": "nchar",
            "nullable": false,
            "precision": "1",
            "scale": "0",
            "primary_key": false,
            "unique": false,
            "foreign_key": false,
            "default": ""
          }
        },
        {
          "name": "to_source_party_id",
          "datatype": "nvarchar",
          "precision": "50",
          "scale": "0",
          "nullable": false,
          "description": "",
          "default_value": "",
          "schema_info": {
            "field_name": "to_source_party_id",
            "field_type": "nvarchar",
            "nullable": false,
            "precision": "50",
            "scale": "0",
            "primary_key": false,
            "unique": false,
            "foreign_key": false,
            "default": ""
          }
        },
        {
          "name": "last_updated_date",
          "datatype": "datetime2",
          "precision": "27",
          "scale": "7",
          "nullable": false,
          "description": "",
          "default_value": "",
          "schema_info": {
            "field_name": "last_updated_date",
            "field_type": "datetime2",
            "nullable": false,
            "precision": "27",
            "scale": "7",
            "primary_key": false,
            "unique": false,
            "foreign_key": false,
            "default": ""
          }
        },
        {
          "name": "from_source_party_id",
          "datatype": "nvarchar",
          "precision": "50",
          "scale": "0",
          "nullable": false,
          "description": "",
          "default_value": "",
          "schema_info": {
            "field_name": "from_source_party_id",
            "field_type": "nvarchar",
            "nullable": false,
            "precision": "50",
            "scale": "0",
            "primary_key": false,
            "unique": false,
            "foreign_key": false,
            "default": ""
          }
        },
        {
          "name": "source_system",
          "datatype": "nvarchar",
          "precision": "50",
          "scale": "0",
          "nullable": false,
          "description": "",
          "default_value": "",
          "schema_info": {
            "field_name": "source_system",
            "field_type": "nvarchar",
            "nullable": false,
            "precision": "50",
            "scale": "0",
            "primary_key": false,
            "unique": false,
            "foreign_key": false,
            "default": ""
          }
        },
        {
          "name": "created_by",
          "datatype": "nvarchar",
          "precision": "50",
          "scale": "0",
          "nullable": false,
          "description": "",
          "default_value": "",
          "schema_info": {
            "field_name": "created_by",
            "field_type": "nvarchar",
            "nullable": false,
            "precision": "50",
            "scale": "0",
            "primary_key": false,
            "unique": false,
            "foreign_key": false,
            "default": ""
          }
        },
        {
          "name": "created_date",
          "datatype": "datetime2",
          "precision": "27",
          "scale": "7",
          "nullable": false,
          "description": "",
          "default_value": "",
          "schema_info": {
            "field_name": "created_date",
            "field_type": "datetime2",
            "nullable": false,
            "precision": "27",
            "scale": "7",
            "primary_key": false,
            "unique": false,
            "foreign_key": false,
            "default": ""
          }
        },
        {
          "name": "from_source_party_role_id",
          "datatype": "nvarchar",
          "precision": "255",
          "scale": "0",
          "nullable": false,
          "description": "",
          "default_value": "",
          "schema_info": {
            "field_name": "from_source_party_role_id",
            "field_type": "nvarchar",
            "nullable": false,
            "precision": "255",
            "scale": "0",
            "primary_key": false,
            "unique": false,
            "foreign_key": false,
            "default": ""
          }
        },
        {
          "name": "sales_split_percentage",
          "datatype": "numeric",
          "precision": "4",
          "scale": "4",
          "nullable": false,
          "description": "",
          "default_value": "",
          "schema_info": {
            "field_name": "sales_split_percentage",
            "field_type": "numeric",
            "nullable": false,
            "precision": "4",
            "scale": "4",
            "primary_key": false,
            "unique": false,
            "foreign_key": false,
            "default": ""
          }
        },
        {
          "name": "deleted_indicator",
          "datatype": "nchar",
          "precision": "1",
          "scale": "0",
          "nullable": false,
          "description": "",
          "default_value": "",
          "schema_info": {
            "field_name": "deleted_indicator",
            "field_type": "nchar",
            "nullable": false,
            "precision": "1",
            "scale": "0",
            "primary_key": false,
            "unique": false,
            "foreign_key": false,
            "default": ""
          }
        },
        {
          "name": "last_updated_by",
          "datatype": "nvarchar",
          "precision": "50",
          "scale": "0",
          "nullable": false,
          "description": "",
          "default_value": "",
          "schema_info": {
            "field_name": "last_updated_by",
            "field_type": "nvarchar",
            "nullable": false,
            "precision": "50",
            "scale": "0",
            "primary_key": false,
            "unique": false,
            "foreign_key": false,
            "default": ""
          }
        },
        {
          "name": "to_source_party_role_id",
          "datatype": "nvarchar",
          "precision": "255",
          "scale": "0",
          "nullable": false,
          "description": "",
          "default_value": "",
          "schema_info": {
            "field_name": "to_source_party_role_id",
            "field_type": "nvarchar",
            "nullable": false,
            "precision": "255",
            "scale": "0",
            "primary_key": false,
            "unique": false,
            "foreign_key": false,
            "default": ""
          }
        },
        {
          "name": "source_party_rlnsp_id",
          "datatype": "nvarchar",
          "precision": "255",
          "scale": "0",
          "nullable": false,
          "description": "",
          "default_value": "",
          "schema_info": {
            "field_name": "source_party_rlnsp_id",
            "field_type": "nvarchar",
            "nullable": false,
            "precision": "255",
            "scale": "0",
            "primary_key": false,
            "unique": false,
            "foreign_key": false,
            "default": ""
          }
        },
        {
          "name": "relationship_type_id",
          "datatype": "bigint",
          "precision": "19",
          "scale": "0",
          "nullable": false,
          "description": "",
          "default_value": "",
          "schema_info": {
            "field_name": "relationship_type_id",
            "field_type": "bigint",
            "nullable": false,
            "precision": "19",
            "scale": "0",
            "primary_key": false,
            "unique": false,
            "foreign_key": false,
            "default": ""
          }
        },
        {
          "name": "from_party_source_system",
          "datatype": "nvarchar",
          "precision": "50",
          "scale": "0",
          "nullable": false,
          "description": "",
          "default_value": "",
          "schema_info": {
            "field_name": "from_party_source_system",
            "field_type": "nvarchar",
            "nullable": false,
            "precision": "50",
            "scale": "0",
            "primary_key": false,
            "unique": false,
            "foreign_key": false,
            "default": ""
          }
        },
        {
          "name": "to_party_source_system",
          "datatype": "nvarchar",
          "precision": "50",
          "scale": "0",
          "nullable": false,
          "description": "",
          "default_value": "",
          "schema_info": {
            "field_name": "to_party_source_system",
            "field_type": "nvarchar",
            "nullable": false,
            "precision": "50",
            "scale": "0",
            "primary_key": false,
            "unique": false,
            "foreign_key": false,
            "default": ""
          }
        },
        {
          "name": "mapping_name",
          "datatype": "nvarchar",
          "precision": "80",
          "scale": "0",
          "nullable": false,
          "description": "",
          "default_value": "",
          "schema_info": {
            "field_name": "mapping_name",
            "field_type": "nvarchar",
            "nullable": false,
            "precision": "80",
            "scale": "0",
            "primary_key": false,
            "unique": false,
            "foreign_key": false,
            "default": ""
          }
        },
        {
          "name": "DEFERRED_OWNERSHIP_IND",
          "datatype": "nchar",
          "precision": "1",
          "scale": "0",
          "nullable": false,
          "description": "",
          "default_value": "",
          "schema_info": {
            "field_name": "DEFERRED_OWNERSHIP_IND",
            "field_type": "nchar",
            "nullable": false,
            "precision": "1",
            "scale": "0",
            "primary_key": false,
            "unique": false,
            "foreign_key": false,
            "default": ""
          }
        },
        {
          "name": "primary_mrg_downgrade_ind",
          "datatype": "nchar",
          "precision": "1",
          "scale": "0",
          "nullable": false,
          "description": "",
          "default_value": "",
          "schema_info": {
            "field_name": "primary_mrg_downgrade_ind",
            "field_type": "nchar",
            "nullable": false,
            "precision": "1",
            "scale": "0",
            "primary_key": false,
            "unique": false,
            "foreign_key": false,
            "default": ""
          }
        }
      ]
    }
  ],
  "transformations": [
    {
      "name": "fltr_as_reqrd",
      "type": "Filter",
      "properties": {
        "Id": "",
        "ParentId": "",
        "CreatedDate": "",
        "LastModifiedDate": "",
        "Status__c": "",
        "Source_System_Name": "",
        "LastModifiedByAlias": "",
        "CreatedByAlias": "",
        "Source_System_Name1": "",
        "RecordTypeName": "",
        "rec_type": ""
      },
      "ports": [
        {
          "name": "Id",
          "type": "INPUT/OUTPUT",
          "datatype": "string",
          "expression": ""
        },
        {
          "name": "ParentId",
          "type": "INPUT/OUTPUT",
          "datatype": "string",
          "expression": ""
        },
        {
          "name": "CreatedDate",
          "type": "INPUT/OUTPUT",
          "datatype": "string",
          "expression": ""
        },
        {
          "name": "LastModifiedDate",
          "type": "INPUT/OUTPUT",
          "datatype": "string",
          "expression": ""
        },
        {
          "name": "Status__c",
          "type": "INPUT/OUTPUT",
          "datatype": "string",
          "expression": ""
        },
        {
          "name": "Source_System_Name",
          "type": "INPUT/OUTPUT",
          "datatype": "string",
          "expression": ""
        },
        {
          "name": "LastModifiedByAlias",
          "type": "INPUT/OUTPUT",
          "datatype": "string",
          "expression": ""
        },
        {
          "name": "CreatedByAlias",
          "type": "INPUT/OUTPUT",
          "datatype": "string",
          "expression": ""
        },
        {
          "name": "Source_System_Name1",
          "type": "INPUT/OUTPUT",
          "datatype": "string",
          "expression": ""
        },
        {
          "name": "RecordTypeName",
          "type": "INPUT/OUTPUT",
          "datatype": "string",
          "expression": ""
        },
        {
          "name": "rec_type",
          "type": "INPUT/OUTPUT",
          "datatype": "nstring",
          "expression": ""
        }
      ]
    },
    {
      "name": "exp_transformation",
      "type": "Expression",
      "properties": {
        "rec_type": "",
        "Id": "",
        "Id_Var": "",
        "Id_Out": "",
        "ParentId": "",
        "ParentId_Var": "",
        "ParentId_Out": "",
        "CreatedDate": "",
        "LastModifiedDate": "",
        "Status__c": "",
        "Relationship_Status_var": "",
        "Relationship_Status_var2": "",
        "Relationship_Status_out": "",
        "PRIMARY_INDICATOR": "",
        "Relationship_Type_var": "",
        "Relationship_Type_out": "",
        "Source_System_Name": "",
        "Eff_End_Date": "",
        "LastModifiedByAlias": "",
        "CreatedByAlias": "",
        "SOURCE_PARTY_RLNSP_ID": "",
        "PARENT_SOURCE_SYSTEM": "",
        "MAPPING_NAME": ""
      },
      "ports": [
        {
          "name": "rec_type",
          "type": "INPUT",
          "datatype": "nstring",
          "expression": ""
        },
        {
          "name": "Id",
          "type": "INPUT",
          "datatype": "string",
          "expression": ""
        },
        {
          "name": "Id_Var",
          "type": "LOCAL VARIABLE",
          "datatype": "string",
          "expression": "'ORG_'||Id"
        },
        {
          "name": "Id_Out",
          "type": "OUTPUT",
          "datatype": "string",
          "expression": "Id_Var"
        },
        {
          "name": "ParentId",
          "type": "INPUT",
          "datatype": "string",
          "expression": ""
        },
        {
          "name": "ParentId_Var",
          "type": "LOCAL VARIABLE",
          "datatype": "string",
          "expression": "'ORG_'||ParentId"
        },
        {
          "name": "ParentId_Out",
          "type": "OUTPUT",
          "datatype": "string",
          "expression": "ParentId_Var"
        },
        {
          "name": "CreatedDate",
          "type": "INPUT/OUTPUT",
          "datatype": "string",
          "expression": "CreatedDate"
        },
        {
          "name": "LastModifiedDate",
          "type": "INPUT/OUTPUT",
          "datatype": "string",
          "expression": "LastModifiedDate"
        },
        {
          "name": "Status__c",
          "type": "INPUT",
          "datatype": "string",
          "expression": ""
        },
        {
          "name": "Relationship_Status_var",
          "type": "LOCAL VARIABLE",
          "datatype": "integer",
          "expression": ":LKP.lkp_values(Status__c,'PARTY_RLNSPL_STATUS_ID')"
        },
        {
          "name": "Relationship_Status_var2",
          "type": "LOCAL VARIABLE",
          "datatype": "bigint",
          "expression": "IIF(ISNULL(Status__c),NULL,IIF(ISNULL(Relationship_Status_var), 9999,Relationship_Status_var ))\r\n"
        },
        {
          "name": "Relationship_Status_out",
          "type": "OUTPUT",
          "datatype": "bigint",
          "expression": "Relationship_Status_var2"
        },
        {
          "name": "PRIMARY_INDICATOR",
          "type": "OUTPUT",
          "datatype": "string",
          "expression": "IIF( rec_type='LIC' ,'Y','N')"
        },
        {
          "name": "Relationship_Type_var",
          "type": "LOCAL VARIABLE",
          "datatype": "integer",
          "expression": "IIF( rec_type='LIC' ,:LKP.lkp_values('Is Child Of','RELATIONSHIP_TYPE_ID'),:LKP.lkp_values('CAR to AFS Licensee','RELATIONSHIP_TYPE_ID'))"
        },
        {
          "name": "Relationship_Type_out",
          "type": "OUTPUT",
          "datatype": "bigint",
          "expression": "Relationship_Type_var"
        },
        {
          "name": "Source_System_Name",
          "type": "INPUT/OUTPUT",
          "datatype": "string",
          "expression": "Source_System_Name"
        },
        {
          "name": "Eff_End_Date",
          "type": "OUTPUT",
          "datatype": "date/time",
          "expression": "to_date('12/31/9999','MM/DD/YYYY')"
        },
        {
          "name": "LastModifiedByAlias",
          "type": "INPUT/OUTPUT",
          "datatype": "string",
          "expression": "LastModifiedByAlias"
        },
        {
          "name": "CreatedByAlias",
          "type": "INPUT/OUTPUT",
          "datatype": "string",
          "expression": "CreatedByAlias"
        },
        {
          "name": "SOURCE_PARTY_RLNSP_ID",
          "type": "OUTPUT",
          "datatype": "string",
          "expression": "Id || ParentId"
        },
        {
          "name": "PARENT_SOURCE_SYSTEM",
          "type": "OUTPUT",
          "datatype": "string",
          "expression": "'SFDC'"
        },
        {
          "name": "MAPPING_NAME",
          "type": "OUTPUT",
          "datatype": "string",
          "expression": "$PMMappingName"
        }
      ]
    },
    {
      "name": "SQ_pre_land_sfdc_organization",
      "type": "Source Qualifier",
      "properties": {
        "Id": "",
        "ParentId": "",
        "Tier__c": "",
        "Status__c": "",
        "RecordTypeName": "",
        "CRD__c": "",
        "Registration_Type__c": "",
        "Primary_CG_Org_Owner__c": "",
        "Primary_CG_Org_Owner__r_alias": "",
        "Primary_CG_Org_Owner__r_Associate_ID__c": "",
        "Primary_Channel__c": "",
        "Type": "",
        "Organization_Direct__c": "",
        "Name": "",
        "Marketing_Email_Restriction__c": "",
        "Organization_ID__c": "",
        "BillingStreet": "",
        "BillingCity": "",
        "BillingState": "",
        "BillingPostalCode": "",
        "BillingCountry": "",
        "IsDeleted": "",
        "CreatedByAlias": "",
        "CreatedDate": "",
        "LastModifiedByAlias": "",
        "LastModifiedDate": "",
        "GU_ID__c": "",
        "Source_System_Name": "",
        "Primary_Address_Type__c": "",
        "Secondary_Address_Type__c": "",
        "Location_Type__c": "",
        "Legal_Name__c": "",
        "SEC__c": "",
        "ShippingStreet": "",
        "ShippingCity": "",
        "ShippingState": "",
        "ShippingPostalCode": "",
        "ShippingCountry": "",
        "Corporate_Structure__c": "",
        "Inactivated_Date__c": "",
        "Org_Tax_ID_Number__c": "",
        "Phone": "",
        "Fax": "",
        "Website": "",
        "rec_type": ""
      },
      "ports": [
        {
          "name": "Id",
          "type": "INPUT/OUTPUT",
          "datatype": "string",
          "expression": ""
        },
        {
          "name": "ParentId",
          "type": "INPUT/OUTPUT",
          "datatype": "string",
          "expression": ""
        },
        {
          "name": "Tier__c",
          "type": "INPUT/OUTPUT",
          "datatype": "string",
          "expression": ""
        },
        {
          "name": "Status__c",
          "type": "INPUT/OUTPUT",
          "datatype": "string",
          "expression": ""
        },
        {
          "name": "RecordTypeName",
          "type": "INPUT/OUTPUT",
          "datatype": "string",
          "expression": ""
        },
        {
          "name": "CRD__c",
          "type": "INPUT/OUTPUT",
          "datatype": "string",
          "expression": ""
        },
        {
          "name": "Registration_Type__c",
          "type": "INPUT/OUTPUT",
          "datatype": "string",
          "expression": ""
        },
        {
          "name": "Primary_CG_Org_Owner__c",
          "type": "INPUT/OUTPUT",
          "datatype": "string",
          "expression": ""
        },
        {
          "name": "Primary_CG_Org_Owner__r_alias",
          "type": "INPUT/OUTPUT",
          "datatype": "string",
          "expression": ""
        },
        {
          "name": "Primary_CG_Org_Owner__r_Associate_ID__c",
          "type": "INPUT/OUTPUT",
          "datatype": "string",
          "expression": ""
        },
        {
          "name": "Primary_Channel__c",
          "type": "INPUT/OUTPUT",
          "datatype": "string",
          "expression": ""
        },
        {
          "name": "Type",
          "type": "INPUT/OUTPUT",
          "datatype": "string",
          "expression": ""
        },
        {
          "name": "Organization_Direct__c",
          "type": "INPUT/OUTPUT",
          "datatype": "string",
          "expression": ""
        },
        {
          "name": "Name",
          "type": "INPUT/OUTPUT",
          "datatype": "nstring",
          "expression": ""
        },
        {
          "name": "Marketing_Email_Restriction__c",
          "type": "INPUT/OUTPUT",
          "datatype": "string",
          "expression": ""
        },
        {
          "name": "Organization_ID__c",
          "type": "INPUT/OUTPUT",
          "datatype": "string",
          "expression": ""
        },
        {
          "name": "BillingStreet",
          "type": "INPUT/OUTPUT",
          "datatype": "nstring",
          "expression": ""
        },
        {
          "name": "BillingCity",
          "type": "INPUT/OUTPUT",
          "datatype": "nstring",
          "expression": ""
        },
        {
          "name": "BillingState",
          "type": "INPUT/OUTPUT",
          "datatype": "nstring",
          "expression": ""
        },
        {
          "name": "BillingPostalCode",
          "type": "INPUT/OUTPUT",
          "datatype": "string",
          "expression": ""
        },
        {
          "name": "BillingCountry",
          "type": "INPUT/OUTPUT",
          "datatype": "nstring",
          "expression": ""
        },
        {
          "name": "IsDeleted",
          "type": "INPUT/OUTPUT",
          "datatype": "string",
          "expression": ""
        },
        {
          "name": "CreatedByAlias",
          "type": "INPUT/OUTPUT",
          "datatype": "string",
          "expression": ""
        },
        {
          "name": "CreatedDate",
          "type": "INPUT/OUTPUT",
          "datatype": "string",
          "expression": ""
        },
        {
          "name": "LastModifiedByAlias",
          "type": "INPUT/OUTPUT",
          "datatype": "string",
          "expression": ""
        },
        {
          "name": "LastModifiedDate",
          "type": "INPUT/OUTPUT",
          "datatype": "string",
          "expression": ""
        },
        {
          "name": "GU_ID__c",
          "type": "INPUT/OUTPUT",
          "datatype": "string",
          "expression": ""
        },
        {
          "name": "Source_System_Name",
          "type": "INPUT/OUTPUT",
          "datatype": "string",
          "expression": ""
        },
        {
          "name": "Primary_Address_Type__c",
          "type": "INPUT/OUTPUT",
          "datatype": "string",
          "expression": ""
        },
        {
          "name": "Secondary_Address_Type__c",
          "type": "INPUT/OUTPUT",
          "datatype": "string",
          "expression": ""
        },
        {
          "name": "Location_Type__c",
          "type": "INPUT/OUTPUT",
          "datatype": "string",
          "expression": ""
        },
        {
          "name": "Legal_Name__c",
          "type": "INPUT/OUTPUT",
          "datatype": "nstring",
          "expression": ""
        },
        {
          "name": "SEC__c",
          "type": "INPUT/OUTPUT",
          "datatype": "string",
          "expression": ""
        },
        {
          "name": "ShippingStreet",
          "type": "INPUT/OUTPUT",
          "datatype": "nstring",
          "expression": ""
        },
        {
          "name": "ShippingCity",
          "type": "INPUT/OUTPUT",
          "datatype": "nstring",
          "expression": ""
        },
        {
          "name": "ShippingState",
          "type": "INPUT/OUTPUT",
          "datatype": "nstring",
          "expression": ""
        },
        {
          "name": "ShippingPostalCode",
          "type": "INPUT/OUTPUT",
          "datatype": "nstring",
          "expression": ""
        },
        {
          "name": "ShippingCountry",
          "type": "INPUT/OUTPUT",
          "datatype": "nstring",
          "expression": ""
        },
        {
          "name": "Corporate_Structure__c",
          "type": "INPUT/OUTPUT",
          "datatype": "string",
          "expression": ""
        },
        {
          "name": "Inactivated_Date__c",
          "type": "INPUT/OUTPUT",
          "datatype": "string",
          "expression": ""
        },
        {
          "name": "Org_Tax_ID_Number__c",
          "type": "INPUT/OUTPUT",
          "datatype": "string",
          "expression": ""
        },
        {
          "name": "Phone",
          "type": "INPUT/OUTPUT",
          "datatype": "nstring",
          "expression": ""
        },
        {
          "name": "Fax",
          "type": "INPUT/OUTPUT",
          "datatype": "nstring",
          "expression": ""
        },
        {
          "name": "Website",
          "type": "INPUT/OUTPUT",
          "datatype": "nstring",
          "expression": ""
        },
        {
          "name": "rec_type",
          "type": "INPUT/OUTPUT",
          "datatype": "nstring",
          "expression": ""
        }
      ]
    },
    {
      "name": "lkp_values",
      "type": "Lookup Procedure",
      "properties": {
        "src_val_in": "",
        "attrib_nm_in": "",
        "src_sys_nm": "",
        "attrib_nm": "",
        "src_val": "",
        "std_lkup_id": ""
      },
      "ports": [
        {
          "name": "src_val_in",
          "type": "INPUT",
          "datatype": "string",
          "expression": ""
        },
        {
          "name": "attrib_nm_in",
          "type": "INPUT",
          "datatype": "string",
          "expression": ""
        },
        {
          "name": "src_sys_nm",
          "type": "LOOKUP/OUTPUT",
          "datatype": "string",
          "expression": ""
        },
        {
          "name": "attrib_nm",
          "type": "LOOKUP/OUTPUT",
          "datatype": "string",
          "expression": ""
        },
        {
          "name": "src_val",
          "type": "LOOKUP/OUTPUT",
          "datatype": "string",
          "expression": ""
        },
        {
          "name": "std_lkup_id",
          "type": "LOOKUP/RETURN/OUTPUT",
          "datatype": "integer",
          "expression": ""
        }
      ]
    }
  ],
  "connections": [
    {
      "from_transformation": "exp_transformation",
      "from_port": "Source_System_Name",
      "to_transformation": "TODAY_PARTY_REL_XFORM",
      "to_port": "source_system"
    },
    {
      "from_transformation": "exp_transformation",
      "from_port": "SOURCE_PARTY_RLNSP_ID",
      "to_transformation": "TODAY_PARTY_REL_XFORM",
      "to_port": "source_party_rlnsp_id"
    },
    {
      "from_transformation": "exp_transformation",
      "from_port": "Relationship_Type_out",
      "to_transformation": "TODAY_PARTY_REL_XFORM",
      "to_port": "relationship_type_id"
    },
    {
      "from_transformation": "exp_transformation",
      "from_port": "ParentId_Out",
      "to_transformation": "TODAY_PARTY_REL_XFORM",
      "to_port": "to_source_party_id"
    },
    {
      "from_transformation": "exp_transformation",
      "from_port": "Id_Out",
      "to_transformation": "TODAY_PARTY_REL_XFORM",
      "to_port": "from_source_party_id"
    },
    {
      "from_transformation": "exp_transformation",
      "from_port": "PARENT_SOURCE_SYSTEM",
      "to_transformation": "TODAY_PARTY_REL_XFORM",
      "to_port": "from_party_source_system"
    },
    {
      "from_transformation": "exp_transformation",
      "from_port": "PARENT_SOURCE_SYSTEM",
      "to_transformation": "TODAY_PARTY_REL_XFORM",
      "to_port": "to_party_source_system"
    },
    {
      "from_transformation": "exp_transformation",
      "from_port": "MAPPING_NAME",
      "to_transformation": "TODAY_PARTY_REL_XFORM",
      "to_port": "mapping_name"
    },
    {
      "from_transformation": "exp_transformation",
      "from_port": "CreatedByAlias",
      "to_transformation": "TODAY_PARTY_REL_XFORM",
      "to_port": "created_by"
    },
    {
      "from_transformation": "exp_transformation",
      "from_port": "Relationship_Status_out",
      "to_transformation": "TODAY_PARTY_REL_XFORM",
      "to_port": "status_id"
    },
    {
      "from_transformation": "exp_transformation",
      "from_port": "PRIMARY_INDICATOR",
      "to_transformation": "TODAY_PARTY_REL_XFORM",
      "to_port": "primary_indicator"
    },
    {
      "from_transformation": "exp_transformation",
      "from_port": "LastModifiedDate",
      "to_transformation": "TODAY_PARTY_REL_XFORM",
      "to_port": "last_updated_date"
    },
    {
      "from_transformation": "exp_transformation",
      "from_port": "CreatedDate",
      "to_transformation": "TODAY_PARTY_REL_XFORM",
      "to_port": "created_date"
    },
    {
      "from_transformation": "exp_transformation",
      "from_port": "LastModifiedByAlias",
      "to_transformation": "TODAY_PARTY_REL_XFORM",
      "to_port": "last_updated_by"
    },
    {
      "from_transformation": "pre_land_sfdc_organization",
      "from_port": "Registration_Type__c",
      "to_transformation": "SQ_pre_land_sfdc_organization",
      "to_port": "Registration_Type__c"
    },
    {
      "from_transformation": "pre_land_sfdc_organization",
      "from_port": "Primary_CG_Org_Owner__c",
      "to_transformation": "SQ_pre_land_sfdc_organization",
      "to_port": "Primary_CG_Org_Owner__c"
    },
    {
      "from_transformation": "pre_land_sfdc_organization",
      "from_port": "Primary_CG_Org_Owner__r_alias",
      "to_transformation": "SQ_pre_land_sfdc_organization",
      "to_port": "Primary_CG_Org_Owner__r_alias"
    },
    {
      "from_transformation": "pre_land_sfdc_organization",
      "from_port": "Primary_CG_Org_Owner__r_Associate_ID__c",
      "to_transformation": "SQ_pre_land_sfdc_organization",
      "to_port": "Primary_CG_Org_Owner__r_Associate_ID__c"
    },
    {
      "from_transformation": "pre_land_sfdc_organization",
      "from_port": "Primary_Channel__c",
      "to_transformation": "SQ_pre_land_sfdc_organization",
      "to_port": "Primary_Channel__c"
    },
    {
      "from_transformation": "pre_land_sfdc_organization",
      "from_port": "Type",
      "to_transformation": "SQ_pre_land_sfdc_organization",
      "to_port": "Type"
    },
    {
      "from_transformation": "pre_land_sfdc_organization",
      "from_port": "Organization_Direct__c",
      "to_transformation": "SQ_pre_land_sfdc_organization",
      "to_port": "Organization_Direct__c"
    },
    {
      "from_transformation": "pre_land_sfdc_organization",
      "from_port": "Name",
      "to_transformation": "SQ_pre_land_sfdc_organization",
      "to_port": "Name"
    },
    {
      "from_transformation": "pre_land_sfdc_organization",
      "from_port": "Marketing_Email_Restriction__c",
      "to_transformation": "SQ_pre_land_sfdc_organization",
      "to_port": "Marketing_Email_Restriction__c"
    },
    {
      "from_transformation": "pre_land_sfdc_organization",
      "from_port": "Organization_ID__c",
      "to_transformation": "SQ_pre_land_sfdc_organization",
      "to_port": "Organization_ID__c"
    },
    {
      "from_transformation": "pre_land_sfdc_organization",
      "from_port": "BillingPostalCode",
      "to_transformation": "SQ_pre_land_sfdc_organization",
      "to_port": "BillingPostalCode"
    },
    {
      "from_transformation": "pre_land_sfdc_organization",
      "from_port": "BillingStreet",
      "to_transformation": "SQ_pre_land_sfdc_organization",
      "to_port": "BillingStreet"
    },
    {
      "from_transformation": "pre_land_sfdc_organization",
      "from_port": "BillingCity",
      "to_transformation": "SQ_pre_land_sfdc_organization",
      "to_port": "BillingCity"
    },
    {
      "from_transformation": "pre_land_sfdc_organization",
      "from_port": "BillingState",
      "to_transformation": "SQ_pre_land_sfdc_organization",
      "to_port": "BillingState"
    },
    {
      "from_transformation": "pre_land_sfdc_organization",
      "from_port": "BillingCountry",
      "to_transformation": "SQ_pre_land_sfdc_organization",
      "to_port": "BillingCountry"
    },
    {
      "from_transformation": "pre_land_sfdc_organization",
      "from_port": "IsDeleted",
      "to_transformation": "SQ_pre_land_sfdc_organization",
      "to_port": "IsDeleted"
    },
    {
      "from_transformation": "pre_land_sfdc_organization",
      "from_port": "CreatedByAlias",
      "to_transformation": "SQ_pre_land_sfdc_organization",
      "to_port": "CreatedByAlias"
    },
    {
      "from_transformation": "pre_land_sfdc_organization",
      "from_port": "CreatedDate",
      "to_transformation": "SQ_pre_land_sfdc_organization",
      "to_port": "CreatedDate"
    },
    {
      "from_transformation": "pre_land_sfdc_organization",
      "from_port": "LastModifiedByAlias",
      "to_transformation": "SQ_pre_land_sfdc_organization",
      "to_port": "LastModifiedByAlias"
    },
    {
      "from_transformation": "pre_land_sfdc_organization",
      "from_port": "LastModifiedDate",
      "to_transformation": "SQ_pre_land_sfdc_organization",
      "to_port": "LastModifiedDate"
    },
    {
      "from_transformation": "pre_land_sfdc_organization",
      "from_port": "GU_ID__c",
      "to_transformation": "SQ_pre_land_sfdc_organization",
      "to_port": "GU_ID__c"
    },
    {
      "from_transformation": "pre_land_sfdc_organization",
      "from_port": "Source_System_Name",
      "to_transformation": "SQ_pre_land_sfdc_organization",
      "to_port": "Source_System_Name"
    },
    {
      "from_transformation": "pre_land_sfdc_organization",
      "from_port": "Primary_Address_Type__c",
      "to_transformation": "SQ_pre_land_sfdc_organization",
      "to_port": "Primary_Address_Type__c"
    },
    {
      "from_transformation": "pre_land_sfdc_organization",
      "from_port": "Secondary_Address_Type__c",
      "to_transformation": "SQ_pre_land_sfdc_organization",
      "to_port": "Secondary_Address_Type__c"
    },
    {
      "from_transformation": "pre_land_sfdc_organization",
      "from_port": "Location_Type__c",
      "to_transformation": "SQ_pre_land_sfdc_organization",
      "to_port": "Location_Type__c"
    },
    {
      "from_transformation": "pre_land_sfdc_organization",
      "from_port": "Legal_Name__c",
      "to_transformation": "SQ_pre_land_sfdc_organization",
      "to_port": "Legal_Name__c"
    },
    {
      "from_transformation": "pre_land_sfdc_organization",
      "from_port": "SEC__c",
      "to_transformation": "SQ_pre_land_sfdc_organization",
      "to_port": "SEC__c"
    },
    {
      "from_transformation": "pre_land_sfdc_organization",
      "from_port": "ShippingStreet",
      "to_transformation": "SQ_pre_land_sfdc_organization",
      "to_port": "ShippingStreet"
    },
    {
      "from_transformation": "pre_land_sfdc_organization",
      "from_port": "ShippingCity",
      "to_transformation": "SQ_pre_land_sfdc_organization",
      "to_port": "ShippingCity"
    },
    {
      "from_transformation": "pre_land_sfdc_organization",
      "from_port": "ShippingState",
      "to_transformation": "SQ_pre_land_sfdc_organization",
      "to_port": "ShippingState"
    },
    {
      "from_transformation": "pre_land_sfdc_organization",
      "from_port": "ShippingPostalCode",
      "to_transformation": "SQ_pre_land_sfdc_organization",
      "to_port": "ShippingPostalCode"
    },
    {
      "from_transformation": "pre_land_sfdc_organization",
      "from_port": "Website",
      "to_transformation": "SQ_pre_land_sfdc_organization",
      "to_port": "rec_type"
    },
    {
      "from_transformation": "pre_land_sfdc_organization",
      "from_port": "ShippingCountry",
      "to_transformation": "SQ_pre_land_sfdc_organization",
      "to_port": "ShippingCountry"
    },
    {
      "from_transformation": "pre_land_sfdc_organization",
      "from_port": "Website",
      "to_transformation": "SQ_pre_land_sfdc_organization",
      "to_port": "Website"
    },
    {
      "from_transformation": "pre_land_sfdc_organization",
      "from_port": "Corporate_Structure__c",
      "to_transformation": "SQ_pre_land_sfdc_organization",
      "to_port": "Corporate_Structure__c"
    },
    {
      "from_transformation": "pre_land_sfdc_organization",
      "from_port": "Inactivated_Date__c",
      "to_transformation": "SQ_pre_land_sfdc_organization",
      "to_port": "Inactivated_Date__c"
    },
    {
      "from_transformation": "pre_land_sfdc_organization",
      "from_port": "Org_Tax_ID_Number__c",
      "to_transformation": "SQ_pre_land_sfdc_organization",
      "to_port": "Org_Tax_ID_Number__c"
    },
    {
      "from_transformation": "pre_land_sfdc_organization",
      "from_port": "Phone",
      "to_transformation": "SQ_pre_land_sfdc_organization",
      "to_port": "Phone"
    },
    {
      "from_transformation": "pre_land_sfdc_organization",
      "from_port": "Fax",
      "to_transformation": "SQ_pre_land_sfdc_organization",
      "to_port": "Fax"
    },
    {
      "from_transformation": "pre_land_sfdc_organization",
      "from_port": "Id",
      "to_transformation": "SQ_pre_land_sfdc_organization",
      "to_port": "Id"
    },
    {
      "from_transformation": "pre_land_sfdc_organization",
      "from_port": "ParentId",
      "to_transformation": "SQ_pre_land_sfdc_organization",
      "to_port": "ParentId"
    },
    {
      "from_transformation": "pre_land_sfdc_organization",
      "from_port": "Tier__c",
      "to_transformation": "SQ_pre_land_sfdc_organization",
      "to_port": "Tier__c"
    },
    {
      "from_transformation": "pre_land_sfdc_organization",
      "from_port": "Status__c",
      "to_transformation": "SQ_pre_land_sfdc_organization",
      "to_port": "Status__c"
    },
    {
      "from_transformation": "pre_land_sfdc_organization",
      "from_port": "RecordTypeName",
      "to_transformation": "SQ_pre_land_sfdc_organization",
      "to_port": "RecordTypeName"
    },
    {
      "from_transformation": "pre_land_sfdc_organization",
      "from_port": "CRD__c",
      "to_transformation": "SQ_pre_land_sfdc_organization",
      "to_port": "CRD__c"
    },
    {
      "from_transformation": "SQ_pre_land_sfdc_organization",
      "from_port": "Id",
      "to_transformation": "fltr_as_reqrd",
      "to_port": "Id"
    },
    {
      "from_transformation": "SQ_pre_land_sfdc_organization",
      "from_port": "ParentId",
      "to_transformation": "fltr_as_reqrd",
      "to_port": "ParentId"
    },
    {
      "from_transformation": "SQ_pre_land_sfdc_organization",
      "from_port": "CreatedDate",
      "to_transformation": "fltr_as_reqrd",
      "to_port": "CreatedDate"
    },
    {
      "from_transformation": "SQ_pre_land_sfdc_organization",
      "from_port": "LastModifiedDate",
      "to_transformation": "fltr_as_reqrd",
      "to_port": "LastModifiedDate"
    },
    {
      "from_transformation": "SQ_pre_land_sfdc_organization",
      "from_port": "Status__c",
      "to_transformation": "fltr_as_reqrd",
      "to_port": "Status__c"
    },
    {
      "from_transformation": "SQ_pre_land_sfdc_organization",
      "from_port": "Source_System_Name",
      "to_transformation": "fltr_as_reqrd",
      "to_port": "Source_System_Name"
    },
    {
      "from_transformation": "SQ_pre_land_sfdc_organization",
      "from_port": "LastModifiedByAlias",
      "to_transformation": "fltr_as_reqrd",
      "to_port": "LastModifiedByAlias"
    },
    {
      "from_transformation": "SQ_pre_land_sfdc_organization",
      "from_port": "CreatedByAlias",
      "to_transformation": "fltr_as_reqrd",
      "to_port": "CreatedByAlias"
    },
    {
      "from_transformation": "SQ_pre_land_sfdc_organization",
      "from_port": "Source_System_Name",
      "to_transformation": "fltr_as_reqrd",
      "to_port": "Source_System_Name1"
    },
    {
      "from_transformation": "SQ_pre_land_sfdc_organization",
      "from_port": "RecordTypeName",
      "to_transformation": "fltr_as_reqrd",
      "to_port": "RecordTypeName"
    },
    {
      "from_transformation": "SQ_pre_land_sfdc_organization",
      "from_port": "rec_type",
      "to_transformation": "fltr_as_reqrd",
      "to_port": "rec_type"
    },
    {
      "from_transformation": "fltr_as_reqrd",
      "from_port": "Id",
      "to_transformation": "exp_transformation",
      "to_port": "Id"
    },
    {
      "from_transformation": "fltr_as_reqrd",
      "from_port": "ParentId",
      "to_transformation": "exp_transformation",
      "to_port": "ParentId"
    },
    {
      "from_transformation": "fltr_as_reqrd",
      "from_port": "CreatedDate",
      "to_transformation": "exp_transformation",
      "to_port": "CreatedDate"
    },
    {
      "from_transformation": "fltr_as_reqrd",
      "from_port": "LastModifiedDate",
      "to_transformation": "exp_transformation",
      "to_port": "LastModifiedDate"
    },
    {
      "from_transformation": "fltr_as_reqrd",
      "from_port": "Status__c",
      "to_transformation": "exp_transformation",
      "to_port": "Status__c"
    },
    {
      "from_transformation": "fltr_as_reqrd",
      "from_port": "Source_System_Name",
      "to_transformation": "exp_transformation",
      "to_port": "Source_System_Name"
    },
    {
      "from_transformation": "fltr_as_reqrd",
      "from_port": "LastModifiedByAlias",
      "to_transformation": "exp_transformation",
      "to_port": "LastModifiedByAlias"
    },
    {
      "from_transformation": "fltr_as_reqrd",
      "from_port": "CreatedByAlias",
      "to_transformation": "exp_transformation",
      "to_port": "CreatedByAlias"
    },
    {
      "from_transformation": "fltr_as_reqrd",
      "from_port": "rec_type",
      "to_transformation": "exp_transformation",
      "to_port": "rec_type"
    }
  ]
}