{
  "mapping_name": "wf_landing_sfdc_to_cdm_contact_party",
  "sources": [
    {
      "name": "pre_land_sfdc_contact",
      "type": "",
      "columns": [
        {
          "name": "Id",
          "datatype": "nvarchar",
          "precision": "18",
          "scale": "0"
        },
        {
          "name": "IsDeleted",
          "datatype": "nvarchar",
          "precision": "10",
          "scale": "0"
        },
        {
          "name": "AccountId",
          "datatype": "nvarchar",
          "precision": "18",
          "scale": "0"
        },
        {
          "name": "LastName",
          "datatype": "nvarchar",
          "precision": "80",
          "scale": "0"
        },
        {
          "name": "FirstName",
          "datatype": "nvarchar",
          "precision": "40",
          "scale": "0"
        },
        {
          "name": "Salutation",
          "datatype": "nvarchar",
          "precision": "40",
          "scale": "0"
        },
        {
          "name": "Name",
          "datatype": "nvarchar",
          "precision": "121",
          "scale": "0"
        },
        {
          "name": "RecordTypeId",
          "datatype": "nvarchar",
          "precision": "18",
          "scale": "0"
        },
        {
          "name": "OtherStreet",
          "datatype": "nvarchar",
          "precision": "255",
          "scale": "0"
        },
        {
          "name": "OtherCity",
          "datatype": "nvarchar",
          "precision": "40",
          "scale": "0"
        },
        {
          "name": "OtherState",
          "datatype": "nvarchar",
          "precision": "80",
          "scale": "0"
        },
        {
          "name": "OtherPostalCode",
          "datatype": "nvarchar",
          "precision": "20",
          "scale": "0"
        },
        {
          "name": "OtherCountry",
          "datatype": "nvarchar",
          "precision": "80",
          "scale": "0"
        },
        {
          "name": "MailingStreet",
          "datatype": "nvarchar",
          "precision": "255",
          "scale": "0"
        },
        {
          "name": "MailingCity",
          "datatype": "nvarchar",
          "precision": "40",
          "scale": "0"
        },
        {
          "name": "MailingState",
          "datatype": "nvarchar",
          "precision": "80",
          "scale": "0"
        },
        {
          "name": "MailingPostalCode",
          "datatype": "nvarchar",
          "precision": "20",
          "scale": "0"
        },
        {
          "name": "MailingCountry",
          "datatype": "nvarchar",
          "precision": "80",
          "scale": "0"
        },
        {
          "name": "Phone",
          "datatype": "nvarchar",
          "precision": "40",
          "scale": "0"
        },
        {
          "name": "Fax",
          "datatype": "nvarchar",
          "precision": "40",
          "scale": "0"
        },
        {
          "name": "Email",
          "datatype": "nvarchar",
          "precision": "80",
          "scale": "0"
        },
        {
          "name": "CreatedDate",
          "datatype": "nvarchar",
          "precision": "29",
          "scale": "0"
        },
        {
          "name": "CreatedById",
          "datatype": "nvarchar",
          "precision": "18",
          "scale": "0"
        },
        {
          "name": "LastModifiedDate",
          "datatype": "nvarchar",
          "precision": "29",
          "scale": "0"
        },
        {
          "name": "LastModifiedById",
          "datatype": "nvarchar",
          "precision": "18",
          "scale": "0"
        },
        {
          "name": "Contact_Mktg_Email_Restriction__c",
          "datatype": "nvarchar",
          "precision": "255",
          "scale": "0"
        },
        {
          "name": "Contact_Role__c",
          "datatype": "nvarchar",
          "precision": "255",
          "scale": "0"
        },
        {
          "name": "Direct__c",
          "datatype": "nvarchar",
          "precision": "1300",
          "scale": "0"
        },
        {
          "name": "Nickname__c",
          "datatype": "nvarchar",
          "precision": "50",
          "scale": "0"
        },
        {
          "name": "Office_ID__c",
          "datatype": "nvarchar",
          "precision": "1300",
          "scale": "0"
        },
        {
          "name": "RP_Classification__c",
          "datatype": "nvarchar",
          "precision": "15",
          "scale": "0"
        },
        {
          "name": "RP_Segment__c",
          "datatype": "nvarchar",
          "precision": "255",
          "scale": "0"
        },
        {
          "name": "Sequence_N__c",
          "datatype": "nvarchar",
          "precision": "30",
          "scale": "0"
        },
        {
          "name": "Status__c",
          "datatype": "nvarchar",
          "precision": "255",
          "scale": "0"
        },
        {
          "name": "Type__c",
          "datatype": "nvarchar",
          "precision": "255",
          "scale": "0"
        },
        {
          "name": "RP_Specialist__c",
          "datatype": "nvarchar",
          "precision": "10",
          "scale": "0"
        },
        {
          "name": "Email_Pref_OAG__c",
          "datatype": "nvarchar",
          "precision": "10",
          "scale": "0"
        },
        {
          "name": "Extension__c",
          "datatype": "nvarchar",
          "precision": "20",
          "scale": "0"
        },
        {
          "name": "Middle_Initial__c",
          "datatype": "nvarchar",
          "precision": "20",
          "scale": "0"
        },
        {
          "name": "Organization_Type__c",
          "datatype": "nvarchar",
          "precision": "1300",
          "scale": "0"
        },
        {
          "name": "Role_Status__c",
          "datatype": "nvarchar",
          "precision": "255",
          "scale": "0"
        },
        {
          "name": "Retail_Segmentation__c",
          "datatype": "nvarchar",
          "precision": "255",
          "scale": "0"
        },
        {
          "name": "HNW_Segmentation__c",
          "datatype": "nvarchar",
          "precision": "255",
          "scale": "0"
        },
        {
          "name": "Other_Reason_Code_Details__c",
          "datatype": "nvarchar",
          "precision": "255",
          "scale": "0"
        },
        {
          "name": "Reason_Code_Clarification__c",
          "datatype": "nvarchar",
          "precision": "255",
          "scale": "0"
        },
        {
          "name": "Reason_Code__c",
          "datatype": "nvarchar",
          "precision": "255",
          "scale": "0"
        },
        {
          "name": "RecordtypeName",
          "datatype": "nvarchar",
          "precision": "80",
          "scale": "0"
        },
        {
          "name": "CDM_GUID",
          "datatype": "nvarchar",
          "precision": "100",
          "scale": "0"
        },
        {
          "name": "SOURCE_SYSTEM_NAME",
          "datatype": "nvarchar",
          "precision": "20",
          "scale": "0"
        },
        {
          "name": "Rep_CRD__c",
          "datatype": "nvarchar",
          "precision": "15",
          "scale": "0"
        },
        {
          "name": "Createdby_Alias",
          "datatype": "nvarchar",
          "precision": "8",
          "scale": "0"
        },
        {
          "name": "Lastmodifiedby_Alias",
          "datatype": "nvarchar",
          "precision": "8",
          "scale": "0"
        },
        {
          "name": "Primary_Address_Type__c",
          "datatype": "nvarchar",
          "precision": "255",
          "scale": "0"
        },
        {
          "name": "Secondary_Address_Type__c",
          "datatype": "nvarchar",
          "precision": "255",
          "scale": "0"
        },
        {
          "name": "Birthdate",
          "datatype": "nvarchar",
          "precision": "29",
          "scale": "0"
        },
        {
          "name": "Hire_Date__c",
          "datatype": "nvarchar",
          "precision": "29",
          "scale": "0"
        },
        {
          "name": "Alternate_Phone__c",
          "datatype": "nvarchar",
          "precision": "40",
          "scale": "0"
        },
        {
          "name": "Alternate_Email__c",
          "datatype": "nvarchar",
          "precision": "80",
          "scale": "0"
        },
        {
          "name": "Dealer_Advisor_Segmentation__c",
          "datatype": "nvarchar",
          "precision": "255",
          "scale": "0"
        },
        {
          "name": "Dealer_Segment__c",
          "datatype": "nvarchar",
          "precision": "15",
          "scale": "0"
        },
        {
          "name": "Advisory_Segmentation__c",
          "datatype": "nvarchar",
          "precision": "255",
          "scale": "0"
        },
        {
          "name": "Advisory_Reason_Code__c",
          "datatype": "nvarchar",
          "precision": "255",
          "scale": "0"
        },
        {
          "name": "Advisory_Reason_Code_Clarification__c",
          "datatype": "nvarchar",
          "precision": "255",
          "scale": "0"
        },
        {
          "name": "Advisory_Other_Reason_Code_Details__c",
          "datatype": "nvarchar",
          "precision": "255",
          "scale": "0"
        },
        {
          "name": "ARL_Contact_Classification__c",
          "datatype": "nvarchar",
          "precision": "255",
          "scale": "0"
        },
        {
          "name": "Ins_Contact_Rating__c",
          "datatype": "nvarchar",
          "precision": "255",
          "scale": "0"
        },
        {
          "name": "Segmentation_1__c",
          "datatype": "nvarchar",
          "precision": "50",
          "scale": "0"
        },
        {
          "name": "Segmentation_2__c",
          "datatype": "nvarchar",
          "precision": "50",
          "scale": "0"
        },
        {
          "name": "Segmentation_3__c",
          "datatype": "nvarchar",
          "precision": "50",
          "scale": "0"
        },
        {
          "name": "Segmentation_4__c",
          "datatype": "nvarchar",
          "precision": "50",
          "scale": "0"
        },
        {
          "name": "CIAM_Prospect_Level__c",
          "datatype": "nvarchar",
          "precision": "255",
          "scale": "0"
        },
        {
          "name": "Insurance_Partner_ID",
          "datatype": "nvarchar",
          "precision": "25",
          "scale": "0"
        },
        {
          "name": "Local_Suffix__c",
          "datatype": "nvarchar",
          "precision": "15",
          "scale": "0"
        },
        {
          "name": "mobilephone",
          "datatype": "nvarchar",
          "precision": "40",
          "scale": "0"
        },
        {
          "name": "linkedin_profile__c",
          "datatype": "nvarchar",
          "precision": "255",
          "scale": "0"
        },
        {
          "name": "suffix__c",
          "datatype": "nvarchar",
          "precision": "29",
          "scale": "0"
        },
        {
          "name": "team_profile__c",
          "datatype": "nvarchar",
          "precision": "5",
          "scale": "0"
        },
        {
          "name": "website__c",
          "datatype": "varchar",
          "precision": "255",
          "scale": "0"
        },
        {
          "name": "Primary_Contact_Role__c",
          "datatype": "varchar",
          "precision": "255",
          "scale": "0"
        },
        {
          "name": "Org_Office_Roles__c",
          "datatype": "varchar",
          "precision": "4099",
          "scale": "0"
        },
        {
          "name": "Parent_Recordtype_Name",
          "datatype": "varchar",
          "precision": "80",
          "scale": "0"
        },
        {
          "name": "Servicing_Email__c",
          "datatype": "varchar",
          "precision": "80",
          "scale": "0"
        },
        {
          "name": "Servicing_Phone__c",
          "datatype": "varchar",
          "precision": "80",
          "scale": "0"
        },
        {
          "name": "Professional_Credentials__c",
          "datatype": "varchar",
          "precision": "255",
          "scale": "0"
        },
        {
          "name": "Role_Status_primary_office__c",
          "datatype": "varchar",
          "precision": "100",
          "scale": "0"
        }
      ]
    }
  ],
  "targets": [
    {
      "name": "today_party_xform",
      "type": "",
      "columns": [
        {
          "name": "src_rowid",
          "datatype": "bigint",
          "precision": "19",
          "scale": "0"
        },
        {
          "name": "org_legal_name",
          "datatype": "nvarchar",
          "precision": "255",
          "scale": "0"
        },
        {
          "name": "org_name",
          "datatype": "nvarchar",
          "precision": "255",
          "scale": "0"
        },
        {
          "name": "person_last_name",
          "datatype": "nvarchar",
          "precision": "50",
          "scale": "0"
        },
        {
          "name": "last_updated_date",
          "datatype": "nvarchar",
          "precision": "23",
          "scale": "0"
        },
        {
          "name": "source_party_id",
          "datatype": "nvarchar",
          "precision": "255",
          "scale": "0"
        },
        {
          "name": "person_honorific_id",
          "datatype": "bigint",
          "precision": "19",
          "scale": "0"
        },
        {
          "name": "person_middle_name",
          "datatype": "nvarchar",
          "precision": "50",
          "scale": "0"
        },
        {
          "name": "person_gender_id",
          "datatype": "bigint",
          "precision": "19",
          "scale": "0"
        },
        {
          "name": "office_type_id",
          "datatype": "bigint",
          "precision": "19",
          "scale": "0"
        },
        {
          "name": "created_by",
          "datatype": "nvarchar",
          "precision": "50",
          "scale": "0"
        },
        {
          "name": "created_date",
          "datatype": "nvarchar",
          "precision": "23",
          "scale": "0"
        },
        {
          "name": "source_system",
          "datatype": "nvarchar",
          "precision": "50",
          "scale": "0"
        },
        {
          "name": "person_pfsnl_crdntls_txt",
          "datatype": "nvarchar",
          "precision": "200",
          "scale": "0"
        },
        {
          "name": "person_first_name",
          "datatype": "nvarchar",
          "precision": "50",
          "scale": "0"
        },
        {
          "name": "deleted_indicator",
          "datatype": "nchar",
          "precision": "1",
          "scale": "0"
        },
        {
          "name": "last_updated_by",
          "datatype": "nvarchar",
          "precision": "50",
          "scale": "0"
        },
        {
          "name": "person_nickname",
          "datatype": "nvarchar",
          "precision": "50",
          "scale": "0"
        },
        {
          "name": "group_name",
          "datatype": "nvarchar",
          "precision": "100",
          "scale": "0"
        },
        {
          "name": "party_status_id",
          "datatype": "bigint",
          "precision": "19",
          "scale": "0"
        },
        {
          "name": "person_name_suffix_id",
          "datatype": "bigint",
          "precision": "19",
          "scale": "0"
        },
        {
          "name": "org_business_structure_type_id",
          "datatype": "bigint",
          "precision": "19",
          "scale": "0"
        },
        {
          "name": "party_type_id",
          "datatype": "bigint",
          "precision": "19",
          "scale": "0"
        },
        {
          "name": "party_inactivation_date",
          "datatype": "nvarchar",
          "precision": "23",
          "scale": "0"
        },
        {
          "name": "party_tax_id",
          "datatype": "nvarchar",
          "precision": "50",
          "scale": "0"
        },
        {
          "name": "group_nickname",
          "datatype": "nvarchar",
          "precision": "100",
          "scale": "0"
        },
        {
          "name": "MAPPING_NAME",
          "datatype": "nvarchar",
          "precision": "80",
          "scale": "0"
        },
        {
          "name": "PERSON_NAME_SUFFIX_RAW",
          "datatype": "varchar",
          "precision": "255",
          "scale": "0"
        },
        {
          "name": "party_inctvtn_rsn_type_id",
          "datatype": "bigint",
          "precision": "19",
          "scale": "0"
        },
        {
          "name": "DEFERRED_OWNERSHIP_IND",
          "datatype": "nvarchar",
          "precision": "1",
          "scale": "0"
        },
        {
          "name": "PERSON_MIDDLE_INITIAL",
          "datatype": "char",
          "precision": "1",
          "scale": "0"
        },
        {
          "name": "MATCHED_ROWID_OBJECT",
          "datatype": "char",
          "precision": "14",
          "scale": "0"
        },
        {
          "name": "PARTY_QUALIFICATION_LEVEL_ID",
          "datatype": "char",
          "precision": "14",
          "scale": "0"
        },
        {
          "name": "RIA_COVERAGE_TYPE_ID",
          "datatype": "bigint",
          "precision": "19",
          "scale": "0"
        },
        {
          "name": "PRSN_JOB_TITLE",
          "datatype": "nvarchar",
          "precision": "255",
          "scale": "0"
        },
        {
          "name": "CLIENT_GROUP_ID",
          "datatype": "nvarchar",
          "precision": "40",
          "scale": "0"
        }
      ]
    }
  ],
  "transformations": [
    {
      "name": "SQ_pre_land_sfdc_contact1",
      "type": "Source Qualifier",
      "properties": {
        "Id": {
          "datatype": "string",
          "expression": ""
        },
        "IsDeleted": {
          "datatype": "string",
          "expression": ""
        },
        "AccountId": {
          "datatype": "string",
          "expression": ""
        },
        "LastName": {
          "datatype": "nstring",
          "expression": ""
        },
        "FirstName": {
          "datatype": "nstring",
          "expression": ""
        },
        "Salutation": {
          "datatype": "nstring",
          "expression": ""
        },
        "Name": {
          "datatype": "nstring",
          "expression": ""
        },
        "RecordTypeId": {
          "datatype": "string",
          "expression": ""
        },
        "OtherStreet": {
          "datatype": "nstring",
          "expression": ""
        },
        "OtherCity": {
          "datatype": "nstring",
          "expression": ""
        },
        "OtherState": {
          "datatype": "nstring",
          "expression": ""
        },
        "OtherPostalCode": {
          "datatype": "string",
          "expression": ""
        },
        "OtherCountry": {
          "datatype": "nstring",
          "expression": ""
        },
        "MailingStreet": {
          "datatype": "nstring",
          "expression": ""
        },
        "MailingCity": {
          "datatype": "nstring",
          "expression": ""
        },
        "MailingState": {
          "datatype": "nstring",
          "expression": ""
        },
        "MailingPostalCode": {
          "datatype": "string",
          "expression": ""
        },
        "MailingCountry": {
          "datatype": "nstring",
          "expression": ""
        },
        "Phone": {
          "datatype": "string",
          "expression": ""
        },
        "Fax": {
          "datatype": "string",
          "expression": ""
        },
        "Email": {
          "datatype": "string",
          "expression": ""
        },
        "CreatedDate": {
          "datatype": "string",
          "expression": ""
        },
        "CreatedById": {
          "datatype": "string",
          "expression": ""
        },
        "LastModifiedDate": {
          "datatype": "string",
          "expression": ""
        },
        "LastModifiedById": {
          "datatype": "string",
          "expression": ""
        },
        "Contact_Mktg_Email_Restriction__c": {
          "datatype": "string",
          "expression": ""
        },
        "Contact_Role__c": {
          "datatype": "string",
          "expression": ""
        },
        "Direct__c": {
          "datatype": "string",
          "expression": ""
        },
        "Nickname__c": {
          "datatype": "nstring",
          "expression": ""
        },
        "Office_ID__c": {
          "datatype": "string",
          "expression": ""
        },
        "RP_Classification__c": {
          "datatype": "nstring",
          "expression": ""
        },
        "RP_Segment__c": {
          "datatype": "string",
          "expression": ""
        },
        "Sequence_N__c": {
          "datatype": "string",
          "expression": ""
        },
        "Status__c": {
          "datatype": "string",
          "expression": ""
        },
        "Type__c": {
          "datatype": "string",
          "expression": ""
        },
        "RP_Specialist__c": {
          "datatype": "string",
          "expression": ""
        },
        "Email_Pref_OAG__c": {
          "datatype": "string",
          "expression": ""
        },
        "Extension__c": {
          "datatype": "string",
          "expression": ""
        },
        "Middle_Initial__c": {
          "datatype": "nstring",
          "expression": ""
        },
        "Organization_Type__c": {
          "datatype": "string",
          "expression": ""
        },
        "Role_Status__c": {
          "datatype": "string",
          "expression": ""
        },
        "Retail_Segmentation__c": {
          "datatype": "string",
          "expression": ""
        },
        "HNW_Segmentation__c": {
          "datatype": "string",
          "expression": ""
        },
        "Other_Reason_Code_Details__c": {
          "datatype": "string",
          "expression": ""
        },
        "Reason_Code_Clarification__c": {
          "datatype": "string",
          "expression": ""
        },
        "Reason_Code__c": {
          "datatype": "string",
          "expression": ""
        },
        "RecordtypeName": {
          "datatype": "string",
          "expression": ""
        },
        "CDM_GUID": {
          "datatype": "string",
          "expression": ""
        },
        "SOURCE_SYSTEM_NAME": {
          "datatype": "string",
          "expression": ""
        },
        "Rep_CRD__c": {
          "datatype": "string",
          "expression": ""
        },
        "Createdby_Alias": {
          "datatype": "string",
          "expression": ""
        },
        "Lastmodifiedby_Alias": {
          "datatype": "string",
          "expression": ""
        },
        "Primary_Address_Type__c": {
          "datatype": "string",
          "expression": ""
        },
        "Secondary_Address_Type__c": {
          "datatype": "string",
          "expression": ""
        },
        "Birthdate": {
          "datatype": "string",
          "expression": ""
        },
        "Hire_Date__c": {
          "datatype": "string",
          "expression": ""
        },
        "Alternate_Phone__c": {
          "datatype": "string",
          "expression": ""
        },
        "Alternate_Email__c": {
          "datatype": "string",
          "expression": ""
        },
        "Dealer_Advisor_Segmentation__c": {
          "datatype": "string",
          "expression": ""
        },
        "Dealer_Segment__c": {
          "datatype": "nstring",
          "expression": ""
        },
        "Advisory_Segmentation__c": {
          "datatype": "string",
          "expression": ""
        },
        "Advisory_Reason_Code__c": {
          "datatype": "string",
          "expression": ""
        },
        "Advisory_Reason_Code_Clarification__c": {
          "datatype": "string",
          "expression": ""
        },
        "Advisory_Other_Reason_Code_Details__c": {
          "datatype": "string",
          "expression": ""
        },
        "ARL_Contact_Classification__c": {
          "datatype": "string",
          "expression": ""
        },
        "Ins_Contact_Rating__c": {
          "datatype": "string",
          "expression": ""
        },
        "Segmentation_1__c": {
          "datatype": "string",
          "expression": ""
        },
        "Segmentation_2__c": {
          "datatype": "string",
          "expression": ""
        },
        "Segmentation_3__c": {
          "datatype": "string",
          "expression": ""
        },
        "Segmentation_4__c": {
          "datatype": "string",
          "expression": ""
        },
        "CIAM_Prospect_Level__c": {
          "datatype": "string",
          "expression": ""
        },
        "Insurance_Partner_ID": {
          "datatype": "string",
          "expression": ""
        },
        "Local_Suffix__c": {
          "datatype": "string",
          "expression": ""
        },
        "Org_Office_Roles__c": {
          "datatype": "string",
          "expression": ""
        },
        "Primary_Contact_Role__c": {
          "datatype": "string",
          "expression": ""
        },
        "Parent_Recordtype_Name": {
          "datatype": "string",
          "expression": ""
        },
        "suffix__c": {
          "datatype": "nstring",
          "expression": ""
        },
        "Professional_Credentials__c": {
          "datatype": "string",
          "expression": ""
        },
        "Role_Status_primary_office__c": {
          "datatype": "string",
          "expression": ""
        },
        "Client_Group_C": {
          "datatype": "nstring",
          "expression": ""
        },
        "Title": {
          "datatype": "nstring",
          "expression": ""
        }
      }
    },
    {
      "name": "SP_LKP_LOAD_TOTAL_ERROR_INFO",
      "type": "Stored Procedure",
      "properties": {
        "src_val": {
          "datatype": "string",
          "expression": ""
        },
        "src_party_id": {
          "datatype": "nstring",
          "expression": ""
        },
        "src_spec_xfrm_id": {
          "datatype": "nstring",
          "expression": ""
        },
        "attrib_nm": {
          "datatype": "nstring",
          "expression": ""
        },
        "created_date": {
          "datatype": "nstring",
          "expression": ""
        },
        "src_system": {
          "datatype": "string",
          "expression": ""
        },
        "etlname": {
          "datatype": "nstring",
          "expression": ""
        },
        "error_msg": {
          "datatype": "nstring",
          "expression": ""
        },
        "dw_pgm_name": {
          "datatype": "nstring",
          "expression": ""
        }
      }
    },
    {
      "name": "FILTRANS1",
      "type": "Filter",
      "properties": {
        "Out_ID": {
          "datatype": "nstring",
          "expression": ""
        },
        "CreatedDate": {
          "datatype": "string",
          "expression": ""
        },
        "CreatedBy_alias": {
          "datatype": "nstring",
          "expression": ""
        },
        "LastModifiedDate": {
          "datatype": "string",
          "expression": ""
        },
        "LastModified_Alias": {
          "datatype": "string",
          "expression": ""
        },
        "SOURCE_SYSTEM_NAME": {
          "datatype": "nstring",
          "expression": ""
        },
        "Middle_Initial__c": {
          "datatype": "nstring",
          "expression": ""
        },
        "FirstName": {
          "datatype": "nstring",
          "expression": ""
        },
        "LastName": {
          "datatype": "nstring",
          "expression": ""
        },
        "Nickname__c": {
          "datatype": "string",
          "expression": ""
        },
        "PERSON_HONORIFIC_ID": {
          "datatype": "bigint",
          "expression": ""
        },
        "PARTY_STATUS_ID": {
          "datatype": "bigint",
          "expression": ""
        },
        "PARTY_TYPE_ID": {
          "datatype": "bigint",
          "expression": ""
        },
        "Out_Sequence_N__c": {
          "datatype": "string",
          "expression": ""
        },
        "suffix__c": {
          "datatype": "nstring",
          "expression": ""
        },
        "PERSON_PFSNL_CRDNTLS_TXT": {
          "datatype": "string",
          "expression": ""
        },
        "MAPPING_NAME": {
          "datatype": "string",
          "expression": ""
        },
        "Parent_Recordtype_Name": {
          "datatype": "string",
          "expression": ""
        },
        "LookupSOFIDORIS": {
          "datatype": "string",
          "expression": ""
        },
        "Professional_Credentials__c": {
          "datatype": "string",
          "expression": ""
        },
        "party_inctvtn_rsn_type_id": {
          "datatype": "bigint",
          "expression": ""
        },
        "DEFERRED_OWNERSHIP_IND_Out": {
          "datatype": "nstring",
          "expression": ""
        },
        "PERSON_MIDDLE_INITIAL": {
          "datatype": "string",
          "expression": ""
        },
        "PARTY_QUALIFICATION_LEVEL_ID": {
          "datatype": "nstring",
          "expression": ""
        },
        "Client_Group_id": {
          "datatype": "bigint",
          "expression": ""
        },
        "Title": {
          "datatype": "nstring",
          "expression": ""
        },
        "FILTER_CONDITION": ""
      }
    },
    {
      "name": "TODAY_PARTY_XFORM_LOOKUP",
      "type": "Lookup Procedure",
      "properties": {
        "SOURCE_PARTY_ID": {
          "datatype": "nstring",
          "expression": ""
        },
        "SOURCE_SYSTEM": {
          "datatype": "nstring",
          "expression": ""
        },
        "IN_Id": {
          "datatype": "string",
          "expression": ""
        }
      }
    },
    {
      "name": "EXP",
      "type": "Expression",
      "properties": {
        "Id": {
          "datatype": "string",
          "expression": ""
        },
        "Out_ID": {
          "datatype": "nstring",
          "expression": "'PER_'||Id"
        },
        "CreatedDate": {
          "datatype": "string",
          "expression": "CreatedDate"
        },
        "CreatedBy_alias": {
          "datatype": "nstring",
          "expression": "CreatedBy_alias"
        },
        "LastModifiedDate": {
          "datatype": "string",
          "expression": "LastModifiedDate"
        },
        "LastModified_Alias": {
          "datatype": "string",
          "expression": "LastModified_Alias"
        },
        "SOURCE_SYSTEM_NAME": {
          "datatype": "nstring",
          "expression": "SOURCE_SYSTEM_NAME"
        },
        "Middle_Initial__c": {
          "datatype": "nstring",
          "expression": "Middle_Initial__c"
        },
        "FirstName": {
          "datatype": "nstring",
          "expression": "FirstName"
        },
        "LastName": {
          "datatype": "nstring",
          "expression": "LastName"
        },
        "Nickname__c": {
          "datatype": "string",
          "expression": "Nickname__c"
        },
        "Salutation": {
          "datatype": "nstring",
          "expression": ""
        },
        "Salutation_original_var": {
          "datatype": "nstring",
          "expression": "Salutation"
        },
        "salutation_var": {
          "datatype": "integer",
          "expression": ":LKP.lkp_values(ltrim(rtrim(Salutation)),'PERSON_HONORIFIC_ID')"
        },
        "salutation_var2": {
          "datatype": "integer",
          "expression": "iif(isnull(Salutation),NULL,iif(isnull(salutation_var),9999,salutation_var))"
        },
        "PERSON_HONORIFIC_ID": {
          "datatype": "bigint",
          "expression": "salutation_var2"
        },
        "Status__c": {
          "datatype": "string",
          "expression": ""
        },
        "V_STATUS_NAME": {
          "datatype": "string",
          "expression": "--DECODE(TRUE\r\n--,Role_Status_primary_office__c='Not in Compliance','Inactive'\r\n--,Role_Status_primary_office__c='Deceased','Inactive'\r\n-- ,Status__c\r\n--,'Active'\r\n--)\r\nltrim(rtrim(Status__c))"
        },
        "Status__var": {
          "datatype": "integer",
          "expression": ":LKP.lkp_values(ltrim(rtrim(V_STATUS_NAME)),'PARTY_STATUS_ID')"
        },
        "status__var2": {
          "datatype": "integer",
          "expression": "iif(isnull(Status__c),NULL,iif(isnull(Status__var),9999,Status__var))"
        },
        "PARTY_STATUS_ID": {
          "datatype": "bigint",
          "expression": "status__var2"
        },
        "Var_Type_ID": {
          "datatype": "integer",
          "expression": ":LKP.lkp_values('Person','PARTY_TYPE_ID')"
        },
        "PARTY_TYPE_ID": {
          "datatype": "bigint",
          "expression": "iif(isnull(Var_Type_ID),9999,Var_Type_ID)"
        },
        "Sequence_N__c": {
          "datatype": "string",
          "expression": ""
        },
        "Out_Sequence_N__c": {
          "datatype": "string",
          "expression": "iif(isnull(Sequence_N__c),NULL,'PER_'||Sequence_N__c)"
        },
        "RecordtypeName": {
          "datatype": "string",
          "expression": ""
        },
        "suffix__c": {
          "datatype": "nstring",
          "expression": "suffix__c"
        },
        "PERSON_PFSNL_CRDNTLS_TXT": {
          "datatype": "string",
          "expression": "ltrim(rtrim(suffix__c))"
        },
        "MAPPING_NAME": {
          "datatype": "string",
          "expression": "$PMMappingName"
        },
        "Parent_Recordtype_Name": {
          "datatype": "string",
          "expression": "Parent_Recordtype_Name"
        },
        "LookupSOFIDORIS": {
          "datatype": "string",
          "expression": ":LKP.TODAY_PARTY_XFORM_LOOKUP('PER_'||Sequence_N__c)"
        },
        "LookupSOFIDORIS_out": {
          "datatype": "string",
          "expression": "LookupSOFIDORIS"
        },
        "Professional_Credentials__c": {
          "datatype": "string",
          "expression": "Professional_Credentials__c"
        },
        "Role_Status_primary_office__c": {
          "datatype": "string",
          "expression": ""
        },
        "V_party_inctvtn_rsn_type_name": {
          "datatype": "string",
          "expression": "DECODE(TRUE\r\n,Role_Status_primary_office__c='Not in Compliance','Compliance'\r\n,Role_Status_primary_office__c='Deceased','Deceased'\r\n,NULL)"
        },
        "V_party_inctvtn_rsn_type_lookup_id": {
          "datatype": "string",
          "expression": ":LKP.lkp_values(V_party_inctvtn_rsn_type_name,'PARTY_INACTIVATION_REASON_TYPE')"
        },
        "party_inctvtn_rsn_type_id": {
          "datatype": "bigint",
          "expression": "DECODE(TRUE ,NOT ISNULL(V_party_inctvtn_rsn_type_lookup_id),V_party_inctvtn_rsn_type_lookup_id ,ISNULL(V_party_inctvtn_rsn_type_lookup_id) AND ISNULL(V_party_inctvtn_rsn_type_name),NULL ,'9999' )"
        },
        "V_CHK_PERSON_HONORIFIC_ID": {
          "datatype": "string",
          "expression": "IIF (salutation_var2 = 9999,:SP.SP_LKP_LOAD_TOTAL_ERROR_INFO(Salutation,'PER_'||Id,'PER_'||Id, 'PERSON_HONORIFIC_ID',CreatedDate,SOURCE_SYSTEM_NAME, 'wf_landing_sfdc_to_cdm_contact_party','Lookup NULL Record', 'wf_landing_sfdc_to_cdm_contact_party'),NULL)"
        },
        "DEFERRED_OWNERSHIP_IND_Out": {
          "datatype": "nstring",
          "expression": "IIF(IN(ltrim(rtrim(Parent_Recordtype_Name)),'Retail Office RO','CIAM Office RO','Financial Intermediary','NT Advisory Office RO') ,'Y','N')\r\n\r\n--IIF(NOT ISNULL(LookupSOFIDORIS),'Y','N')"
        },
        "PERSON_MIDDLE_INITIAL": {
          "datatype": "string",
          "expression": "SUBSTR(LTRIM(Middle_Initial__c),1,1)"
        },
        "V_PARTY_QUALIFICATION_LEVEL_ID": {
          "datatype": "nstring",
          "expression": ":LKP.LKP_VALUES('Fully-Qualified','PARTY_QUALIFICATION_LEVEL_ID')"
        },
        "O_PARTY_QUALIFICATION_LEVEL_ID": {
          "datatype": "nstring",
          "expression": "V_PARTY_QUALIFICATION_LEVEL_ID"
        },
        "Client_Group_C": {
          "datatype": "nstring",
          "expression": ""
        },
        "Client_Group_id": {
          "datatype": "bigint",
          "expression": ":LKP.LKP_VALUES(ltrim(rtrim(Client_Group_C)),'CLIENT_GROUP_ID')"
        },
        "Title": {
          "datatype": "nstring",
          "expression": "Title"
        }
      }
    },
    {
      "name": "FILTRANS",
      "type": "Filter",
      "properties": {
        "Id": {
          "datatype": "string",
          "expression": ""
        },
        "CreatedDate": {
          "datatype": "string",
          "expression": ""
        },
        "CreatedBy_Alias": {
          "datatype": "string",
          "expression": ""
        },
        "LastModifiedDate": {
          "datatype": "string",
          "expression": ""
        },
        "LastModified_Alias": {
          "datatype": "string",
          "expression": ""
        },
        "SOURCE_SYSTEM_NAME": {
          "datatype": "string",
          "expression": ""
        },
        "IsDeleted": {
          "datatype": "string",
          "expression": ""
        },
        "Middle_Initial__c": {
          "datatype": "string",
          "expression": ""
        },
        "FirstName": {
          "datatype": "nstring",
          "expression": ""
        },
        "LastName": {
          "datatype": "nstring",
          "expression": ""
        },
        "Nickname__c": {
          "datatype": "string",
          "expression": ""
        },
        "Salutation": {
          "datatype": "nstring",
          "expression": ""
        },
        "Status__c": {
          "datatype": "string",
          "expression": ""
        },
        "Sequence_N__c": {
          "datatype": "string",
          "expression": ""
        },
        "MailingCountry": {
          "datatype": "nstring",
          "expression": ""
        },
        "Parent_Recordtype_Name": {
          "datatype": "string",
          "expression": ""
        },
        "suffix__c": {
          "datatype": "nstring",
          "expression": ""
        },
        "Professional_Credentials__c": {
          "datatype": "string",
          "expression": ""
        },
        "Role_Status_primary_office__c": {
          "datatype": "string",
          "expression": ""
        },
        "Client_Group_C": {
          "datatype": "nstring",
          "expression": ""
        },
        "Title": {
          "datatype": "nstring",
          "expression": ""
        },
        "FILTER_CONDITION": ""
      }
    },
    {
      "name": "lkp_values",
      "type": "Lookup Procedure",
      "properties": {
        "src_val_in": {
          "datatype": "nstring",
          "expression": ""
        },
        "attrib_nm_in": {
          "datatype": "string",
          "expression": ""
        },
        "src_sys_nm": {
          "datatype": "string",
          "expression": ""
        },
        "attrib_nm": {
          "datatype": "string",
          "expression": ""
        },
        "src_val": {
          "datatype": "nstring",
          "expression": ""
        },
        "std_lkup_id": {
          "datatype": "integer",
          "expression": ""
        }
      }
    }
  ],
  "connections": [
    {
      "from_instance": "FILTRANS1",
      "from_field": "suffix__c",
      "to_instance": "TODAY_PARTY_XFORM1",
      "to_field": "PERSON_NAME_SUFFIX_RAW"
    },
    {
      "from_instance": "FILTRANS1",
      "from_field": "PARTY_TYPE_ID",
      "to_instance": "TODAY_PARTY_XFORM1",
      "to_field": "party_type_id"
    },
    {
      "from_instance": "FILTRANS1",
      "from_field": "MAPPING_NAME",
      "to_instance": "TODAY_PARTY_XFORM1",
      "to_field": "MAPPING_NAME"
    },
    {
      "from_instance": "FILTRANS1",
      "from_field": "Professional_Credentials__c",
      "to_instance": "TODAY_PARTY_XFORM1",
      "to_field": "person_pfsnl_crdntls_txt"
    },
    {
      "from_instance": "FILTRANS1",
      "from_field": "party_inctvtn_rsn_type_id",
      "to_instance": "TODAY_PARTY_XFORM1",
      "to_field": "party_inctvtn_rsn_type_id"
    },
    {
      "from_instance": "FILTRANS1",
      "from_field": "DEFERRED_OWNERSHIP_IND_Out",
      "to_instance": "TODAY_PARTY_XFORM1",
      "to_field": "DEFERRED_OWNERSHIP_IND"
    },
    {
      "from_instance": "FILTRANS1",
      "from_field": "SOURCE_SYSTEM_NAME",
      "to_instance": "TODAY_PARTY_XFORM1",
      "to_field": "source_system"
    },
    {
      "from_instance": "FILTRANS1",
      "from_field": "Out_ID",
      "to_instance": "TODAY_PARTY_XFORM1",
      "to_field": "source_party_id"
    },
    {
      "from_instance": "FILTRANS1",
      "from_field": "CreatedDate",
      "to_instance": "TODAY_PARTY_XFORM1",
      "to_field": "created_date"
    },
    {
      "from_instance": "FILTRANS1",
      "from_field": "CreatedBy_alias",
      "to_instance": "TODAY_PARTY_XFORM1",
      "to_field": "created_by"
    },
    {
      "from_instance": "FILTRANS1",
      "from_field": "Middle_Initial__c",
      "to_instance": "TODAY_PARTY_XFORM1",
      "to_field": "person_middle_name"
    },
    {
      "from_instance": "FILTRANS1",
      "from_field": "FirstName",
      "to_instance": "TODAY_PARTY_XFORM1",
      "to_field": "person_first_name"
    },
    {
      "from_instance": "FILTRANS1",
      "from_field": "LastName",
      "to_instance": "TODAY_PARTY_XFORM1",
      "to_field": "person_last_name"
    },
    {
      "from_instance": "FILTRANS1",
      "from_field": "Nickname__c",
      "to_instance": "TODAY_PARTY_XFORM1",
      "to_field": "person_nickname"
    },
    {
      "from_instance": "FILTRANS1",
      "from_field": "LastModifiedDate",
      "to_instance": "TODAY_PARTY_XFORM1",
      "to_field": "last_updated_date"
    },
    {
      "from_instance": "FILTRANS1",
      "from_field": "LastModified_Alias",
      "to_instance": "TODAY_PARTY_XFORM1",
      "to_field": "last_updated_by"
    },
    {
      "from_instance": "FILTRANS1",
      "from_field": "PERSON_HONORIFIC_ID",
      "to_instance": "TODAY_PARTY_XFORM1",
      "to_field": "person_honorific_id"
    },
    {
      "from_instance": "FILTRANS1",
      "from_field": "PARTY_STATUS_ID",
      "to_instance": "TODAY_PARTY_XFORM1",
      "to_field": "party_status_id"
    },
    {
      "from_instance": "FILTRANS1",
      "from_field": "PERSON_MIDDLE_INITIAL",
      "to_instance": "TODAY_PARTY_XFORM1",
      "to_field": "PERSON_MIDDLE_INITIAL"
    },
    {
      "from_instance": "FILTRANS1",
      "from_field": "PARTY_QUALIFICATION_LEVEL_ID",
      "to_instance": "TODAY_PARTY_XFORM1",
      "to_field": "PARTY_QUALIFICATION_LEVEL_ID"
    },
    {
      "from_instance": "FILTRANS1",
      "from_field": "Title",
      "to_instance": "TODAY_PARTY_XFORM1",
      "to_field": "PRSN_JOB_TITLE"
    },
    {
      "from_instance": "FILTRANS1",
      "from_field": "Client_Group_id",
      "to_instance": "TODAY_PARTY_XFORM1",
      "to_field": "CLIENT_GROUP_ID"
    },
    {
      "from_instance": "pre_land_sfdc_contact1",
      "from_field": "Primary_Address_Type__c",
      "to_instance": "SQ_pre_land_sfdc_contact1",
      "to_field": "Primary_Address_Type__c"
    },
    {
      "from_instance": "pre_land_sfdc_contact1",
      "from_field": "Secondary_Address_Type__c",
      "to_instance": "SQ_pre_land_sfdc_contact1",
      "to_field": "Secondary_Address_Type__c"
    },
    {
      "from_instance": "pre_land_sfdc_contact1",
      "from_field": "Birthdate",
      "to_instance": "SQ_pre_land_sfdc_contact1",
      "to_field": "Birthdate"
    },
    {
      "from_instance": "pre_land_sfdc_contact1",
      "from_field": "Retail_Segmentation__c",
      "to_instance": "SQ_pre_land_sfdc_contact1",
      "to_field": "Retail_Segmentation__c"
    },
    {
      "from_instance": "pre_land_sfdc_contact1",
      "from_field": "HNW_Segmentation__c",
      "to_instance": "SQ_pre_land_sfdc_contact1",
      "to_field": "HNW_Segmentation__c"
    },
    {
      "from_instance": "pre_land_sfdc_contact1",
      "from_field": "Other_Reason_Code_Details__c",
      "to_instance": "SQ_pre_land_sfdc_contact1",
      "to_field": "Other_Reason_Code_Details__c"
    },
    {
      "from_instance": "pre_land_sfdc_contact1",
      "from_field": "Reason_Code_Clarification__c",
      "to_instance": "SQ_pre_land_sfdc_contact1",
      "to_field": "Reason_Code_Clarification__c"
    },
    {
      "from_instance": "pre_land_sfdc_contact1",
      "from_field": "Direct__c",
      "to_instance": "SQ_pre_land_sfdc_contact1",
      "to_field": "Direct__c"
    },
    {
      "from_instance": "pre_land_sfdc_contact1",
      "from_field": "Nickname__c",
      "to_instance": "SQ_pre_land_sfdc_contact1",
      "to_field": "Nickname__c"
    },
    {
      "from_instance": "pre_land_sfdc_contact1",
      "from_field": "Office_ID__c",
      "to_instance": "SQ_pre_land_sfdc_contact1",
      "to_field": "Office_ID__c"
    },
    {
      "from_instance": "pre_land_sfdc_contact1",
      "from_field": "Name",
      "to_instance": "SQ_pre_land_sfdc_contact1",
      "to_field": "Name"
    },
    {
      "from_instance": "pre_land_sfdc_contact1",
      "from_field": "RecordTypeId",
      "to_instance": "SQ_pre_land_sfdc_contact1",
      "to_field": "RecordTypeId"
    },
    {
      "from_instance": "pre_land_sfdc_contact1",
      "from_field": "OtherStreet",
      "to_instance": "SQ_pre_land_sfdc_contact1",
      "to_field": "OtherStreet"
    },
    {
      "from_instance": "pre_land_sfdc_contact1",
      "from_field": "OtherCity",
      "to_instance": "SQ_pre_land_sfdc_contact1",
      "to_field": "OtherCity"
    },
    {
      "from_instance": "pre_land_sfdc_contact1",
      "from_field": "OtherState",
      "to_instance": "SQ_pre_land_sfdc_contact1",
      "to_field": "OtherState"
    },
    {
      "from_instance": "pre_land_sfdc_contact1",
      "from_field": "OtherPostalCode",
      "to_instance": "SQ_pre_land_sfdc_contact1",
      "to_field": "OtherPostalCode"
    },
    {
      "from_instance": "pre_land_sfdc_contact1",
      "from_field": "OtherCountry",
      "to_instance": "SQ_pre_land_sfdc_contact1",
      "to_field": "OtherCountry"
    },
    {
      "from_instance": "pre_land_sfdc_contact1",
      "from_field": "MailingStreet",
      "to_instance": "SQ_pre_land_sfdc_contact1",
      "to_field": "MailingStreet"
    },
    {
      "from_instance": "pre_land_sfdc_contact1",
      "from_field": "Contact_Role__c",
      "to_instance": "SQ_pre_land_sfdc_contact1",
      "to_field": "Contact_Role__c"
    },
    {
      "from_instance": "pre_land_sfdc_contact1",
      "from_field": "Advisory_Reason_Code__c",
      "to_instance": "SQ_pre_land_sfdc_contact1",
      "to_field": "Advisory_Reason_Code__c"
    },
    {
      "from_instance": "pre_land_sfdc_contact1",
      "from_field": "Professional_Credentials__c",
      "to_instance": "SQ_pre_land_sfdc_contact1",
      "to_field": "Title"
    },
    {
      "from_instance": "pre_land_sfdc_contact1",
      "from_field": "Segmentation_1__c",
      "to_instance": "SQ_pre_land_sfdc_contact1",
      "to_field": "Segmentation_1__c"
    },
    {
      "from_instance": "pre_land_sfdc_contact1",
      "from_field": "Segmentation_2__c",
      "to_instance": "SQ_pre_land_sfdc_contact1",
      "to_field": "Segmentation_2__c"
    },
    {
      "from_instance": "pre_land_sfdc_contact1",
      "from_field": "Segmentation_3__c",
      "to_instance": "SQ_pre_land_sfdc_contact1",
      "to_field": "Segmentation_3__c"
    },
    {
      "from_instance": "pre_land_sfdc_contact1",
      "from_field": "Segmentation_4__c",
      "to_instance": "SQ_pre_land_sfdc_contact1",
      "to_field": "Segmentation_4__c"
    },
    {
      "from_instance": "pre_land_sfdc_contact1",
      "from_field": "MailingCity",
      "to_instance": "SQ_pre_land_sfdc_contact1",
      "to_field": "MailingCity"
    },
    {
      "from_instance": "pre_land_sfdc_contact1",
      "from_field": "MailingState",
      "to_instance": "SQ_pre_land_sfdc_contact1",
      "to_field": "MailingState"
    },
    {
      "from_instance": "pre_land_sfdc_contact1",
      "from_field": "MailingPostalCode",
      "to_instance": "SQ_pre_land_sfdc_contact1",
      "to_field": "MailingPostalCode"
    },
    {
      "from_instance": "pre_land_sfdc_contact1",
      "from_field": "Status__c",
      "to_instance": "SQ_pre_land_sfdc_contact1",
      "to_field": "Status__c"
    },
    {
      "from_instance": "pre_land_sfdc_contact1",
      "from_field": "Type__c",
      "to_instance": "SQ_pre_land_sfdc_contact1",
      "to_field": "Type__c"
    },
    {
      "from_instance": "pre_land_sfdc_contact1",
      "from_field": "CIAM_Prospect_Level__c",
      "to_instance": "SQ_pre_land_sfdc_contact1",
      "to_field": "Client_Group_C"
    },
    {
      "from_instance": "pre_land_sfdc_contact1",
      "from_field": "Id",
      "to_instance": "SQ_pre_land_sfdc_contact1",
      "to_field": "Id"
    },
    {
      "from_instance": "pre_land_sfdc_contact1",
      "from_field": "IsDeleted",
      "to_instance": "SQ_pre_land_sfdc_contact1",
      "to_field": "IsDeleted"
    },
    {
      "from_instance": "pre_land_sfdc_contact1",
      "from_field": "AccountId",
      "to_instance": "SQ_pre_land_sfdc_contact1",
      "to_field": "AccountId"
    },
    {
      "from_instance": "pre_land_sfdc_contact1",
      "from_field": "LastName",
      "to_instance": "SQ_pre_land_sfdc_contact1",
      "to_field": "LastName"
    },
    {
      "from_instance": "pre_land_sfdc_contact1",
      "from_field": "FirstName",
      "to_instance": "SQ_pre_land_sfdc_contact1",
      "to_field": "FirstName"
    },
    {
      "from_instance": "pre_land_sfdc_contact1",
      "from_field": "Middle_Initial__c",
      "to_instance": "SQ_pre_land_sfdc_contact1",
      "to_field": "Middle_Initial__c"
    },
    {
      "from_instance": "pre_land_sfdc_contact1",
      "from_field": "Organization_Type__c",
      "to_instance": "SQ_pre_land_sfdc_contact1",
      "to_field": "Organization_Type__c"
    },
    {
      "from_instance": "pre_land_sfdc_contact1",
      "from_field": "Role_Status__c",
      "to_instance": "SQ_pre_land_sfdc_contact1",
      "to_field": "Role_Status__c"
    },
    {
      "from_instance": "pre_land_sfdc_contact1",
      "from_field": "Dealer_Advisor_Segmentation__c",
      "to_instance": "SQ_pre_land_sfdc_contact1",
      "to_field": "Dealer_Advisor_Segmentation__c"
    },
    {
      "from_instance": "pre_land_sfdc_contact1",
      "from_field": "Dealer_Segment__c",
      "to_instance": "SQ_pre_land_sfdc_contact1",
      "to_field": "Dealer_Segment__c"
    },
    {
      "from_instance": "pre_land_sfdc_contact1",
      "from_field": "Advisory_Segmentation__c",
      "to_instance": "SQ_pre_land_sfdc_contact1",
      "to_field": "Advisory_Segmentation__c"
    },
    {
      "from_instance": "pre_land_sfdc_contact1",
      "from_field": "Advisory_Reason_Code_Clarification__c",
      "to_instance": "SQ_pre_land_sfdc_contact1",
      "to_field": "Advisory_Reason_Code_Clarification__c"
    },
    {
      "from_instance": "pre_land_sfdc_contact1",
      "from_field": "Advisory_Other_Reason_Code_Details__c",
      "to_instance": "SQ_pre_land_sfdc_contact1",
      "to_field": "Advisory_Other_Reason_Code_Details__c"
    },
    {
      "from_instance": "pre_land_sfdc_contact1",
      "from_field": "ARL_Contact_Classification__c",
      "to_instance": "SQ_pre_land_sfdc_contact1",
      "to_field": "ARL_Contact_Classification__c"
    },
    {
      "from_instance": "pre_land_sfdc_contact1",
      "from_field": "LastModifiedDate",
      "to_instance": "SQ_pre_land_sfdc_contact1",
      "to_field": "LastModifiedDate"
    },
    {
      "from_instance": "pre_land_sfdc_contact1",
      "from_field": "Contact_Mktg_Email_Restriction__c",
      "to_instance": "SQ_pre_land_sfdc_contact1",
      "to_field": "Contact_Mktg_Email_Restriction__c"
    },
    {
      "from_instance": "pre_land_sfdc_contact1",
      "from_field": "RP_Specialist__c",
      "to_instance": "SQ_pre_land_sfdc_contact1",
      "to_field": "RP_Specialist__c"
    },
    {
      "from_instance": "pre_land_sfdc_contact1",
      "from_field": "Ins_Contact_Rating__c",
      "to_instance": "SQ_pre_land_sfdc_contact1",
      "to_field": "Ins_Contact_Rating__c"
    },
    {
      "from_instance": "pre_land_sfdc_contact1",
      "from_field": "Email_Pref_OAG__c",
      "to_instance": "SQ_pre_land_sfdc_contact1",
      "to_field": "Email_Pref_OAG__c"
    },
    {
      "from_instance": "pre_land_sfdc_contact1",
      "from_field": "Extension__c",
      "to_instance": "SQ_pre_land_sfdc_contact1",
      "to_field": "Extension__c"
    },
    {
      "from_instance": "pre_land_sfdc_contact1",
      "from_field": "Org_Office_Roles__c",
      "to_instance": "SQ_pre_land_sfdc_contact1",
      "to_field": "Org_Office_Roles__c"
    },
    {
      "from_instance": "pre_land_sfdc_contact1",
      "from_field": "Primary_Contact_Role__c",
      "to_instance": "SQ_pre_land_sfdc_contact1",
      "to_field": "Primary_Contact_Role__c"
    },
    {
      "from_instance": "pre_land_sfdc_contact1",
      "from_field": "Reason_Code__c",
      "to_instance": "SQ_pre_land_sfdc_contact1",
      "to_field": "Reason_Code__c"
    },
    {
      "from_instance": "pre_land_sfdc_contact1",
      "from_field": "RecordtypeName",
      "to_instance": "SQ_pre_land_sfdc_contact1",
      "to_field": "RecordtypeName"
    },
    {
      "from_instance": "pre_land_sfdc_contact1",
      "from_field": "Fax",
      "to_instance": "SQ_pre_land_sfdc_contact1",
      "to_field": "Fax"
    },
    {
      "from_instance": "pre_land_sfdc_contact1",
      "from_field": "Email",
      "to_instance": "SQ_pre_land_sfdc_contact1",
      "to_field": "Email"
    },
    {
      "from_instance": "pre_land_sfdc_contact1",
      "from_field": "CIAM_Prospect_Level__c",
      "to_instance": "SQ_pre_land_sfdc_contact1",
      "to_field": "CIAM_Prospect_Level__c"
    },
    {
      "from_instance": "pre_land_sfdc_contact1",
      "from_field": "Insurance_Partner_ID",
      "to_instance": "SQ_pre_land_sfdc_contact1",
      "to_field": "Insurance_Partner_ID"
    },
    {
      "from_instance": "pre_land_sfdc_contact1",
      "from_field": "Local_Suffix__c",
      "to_instance": "SQ_pre_land_sfdc_contact1",
      "to_field": "Local_Suffix__c"
    },
    {
      "from_instance": "pre_land_sfdc_contact1",
      "from_field": "Professional_Credentials__c",
      "to_instance": "SQ_pre_land_sfdc_contact1",
      "to_field": "Professional_Credentials__c"
    },
    {
      "from_instance": "pre_land_sfdc_contact1",
      "from_field": "Salutation",
      "to_instance": "SQ_pre_land_sfdc_contact1",
      "to_field": "Salutation"
    },
    {
      "from_instance": "pre_land_sfdc_contact1",
      "from_field": "Parent_Recordtype_Name",
      "to_instance": "SQ_pre_land_sfdc_contact1",
      "to_field": "Parent_Recordtype_Name"
    },
    {
      "from_instance": "pre_land_sfdc_contact1",
      "from_field": "suffix__c",
      "to_instance": "SQ_pre_land_sfdc_contact1",
      "to_field": "suffix__c"
    },
    {
      "from_instance": "pre_land_sfdc_contact1",
      "from_field": "Role_Status_primary_office__c",
      "to_instance": "SQ_pre_land_sfdc_contact1",
      "to_field": "Role_Status_primary_office__c"
    },
    {
      "from_instance": "pre_land_sfdc_contact1",
      "from_field": "Hire_Date__c",
      "to_instance": "SQ_pre_land_sfdc_contact1",
      "to_field": "Hire_Date__c"
    },
    {
      "from_instance": "pre_land_sfdc_contact1",
      "from_field": "Alternate_Phone__c",
      "to_instance": "SQ_pre_land_sfdc_contact1",
      "to_field": "Alternate_Phone__c"
    },
    {
      "from_instance": "pre_land_sfdc_contact1",
      "from_field": "Alternate_Email__c",
      "to_instance": "SQ_pre_land_sfdc_contact1",
      "to_field": "Alternate_Email__c"
    },
    {
      "from_instance": "pre_land_sfdc_contact1",
      "from_field": "LastModifiedById",
      "to_instance": "SQ_pre_land_sfdc_contact1",
      "to_field": "LastModifiedById"
    },
    {
      "from_instance": "pre_land_sfdc_contact1",
      "from_field": "CreatedDate",
      "to_instance": "SQ_pre_land_sfdc_contact1",
      "to_field": "CreatedDate"
    },
    {
      "from_instance": "pre_land_sfdc_contact1",
      "from_field": "MailingCountry",
      "to_instance": "SQ_pre_land_sfdc_contact1",
      "to_field": "MailingCountry"
    },
    {
      "from_instance": "pre_land_sfdc_contact1",
      "from_field": "Phone",
      "to_instance": "SQ_pre_land_sfdc_contact1",
      "to_field": "Phone"
    },
    {
      "from_instance": "pre_land_sfdc_contact1",
      "from_field": "RP_Classification__c",
      "to_instance": "SQ_pre_land_sfdc_contact1",
      "to_field": "RP_Classification__c"
    },
    {
      "from_instance": "pre_land_sfdc_contact1",
      "from_field": "RP_Segment__c",
      "to_instance": "SQ_pre_land_sfdc_contact1",
      "to_field": "RP_Segment__c"
    },
    {
      "from_instance": "pre_land_sfdc_contact1",
      "from_field": "Sequence_N__c",
      "to_instance": "SQ_pre_land_sfdc_contact1",
      "to_field": "Sequence_N__c"
    },
    {
      "from_instance": "pre_land_sfdc_contact1",
      "from_field": "CreatedById",
      "to_instance": "SQ_pre_land_sfdc_contact1",
      "to_field": "CreatedById"
    },
    {
      "from_instance": "pre_land_sfdc_contact1",
      "from_field": "CDM_GUID",
      "to_instance": "SQ_pre_land_sfdc_contact1",
      "to_field": "CDM_GUID"
    },
    {
      "from_instance": "pre_land_sfdc_contact1",
      "from_field": "SOURCE_SYSTEM_NAME",
      "to_instance": "SQ_pre_land_sfdc_contact1",
      "to_field": "SOURCE_SYSTEM_NAME"
    },
    {
      "from_instance": "pre_land_sfdc_contact1",
      "from_field": "Rep_CRD__c",
      "to_instance": "SQ_pre_land_sfdc_contact1",
      "to_field": "Rep_CRD__c"
    },
    {
      "from_instance": "pre_land_sfdc_contact1",
      "from_field": "Createdby_Alias",
      "to_instance": "SQ_pre_land_sfdc_contact1",
      "to_field": "Createdby_Alias"
    },
    {
      "from_instance": "pre_land_sfdc_contact1",
      "from_field": "Lastmodifiedby_Alias",
      "to_instance": "SQ_pre_land_sfdc_contact1",
      "to_field": "Lastmodifiedby_Alias"
    },
    {
      "from_instance": "SQ_pre_land_sfdc_contact1",
      "from_field": "LastModifiedDate",
      "to_instance": "FILTRANS",
      "to_field": "LastModifiedDate"
    },
    {
      "from_instance": "SQ_pre_land_sfdc_contact1",
      "from_field": "IsDeleted",
      "to_instance": "FILTRANS",
      "to_field": "IsDeleted"
    },
    {
      "from_instance": "SQ_pre_land_sfdc_contact1",
      "from_field": "LastName",
      "to_instance": "FILTRANS",
      "to_field": "LastName"
    },
    {
      "from_instance": "SQ_pre_land_sfdc_contact1",
      "from_field": "FirstName",
      "to_instance": "FILTRANS",
      "to_field": "FirstName"
    },
    {
      "from_instance": "SQ_pre_land_sfdc_contact1",
      "from_field": "Salutation",
      "to_instance": "FILTRANS",
      "to_field": "Salutation"
    },
    {
      "from_instance": "SQ_pre_land_sfdc_contact1",
      "from_field": "Status__c",
      "to_instance": "FILTRANS",
      "to_field": "Status__c"
    },
    {
      "from_instance": "SQ_pre_land_sfdc_contact1",
      "from_field": "Nickname__c",
      "to_instance": "FILTRANS",
      "to_field": "Nickname__c"
    },
    {
      "from_instance": "SQ_pre_land_sfdc_contact1",
      "from_field": "Client_Group_C",
      "to_instance": "FILTRANS",
      "to_field": "Client_Group_C"
    },
    {
      "from_instance": "SQ_pre_land_sfdc_contact1",
      "from_field": "SOURCE_SYSTEM_NAME",
      "to_instance": "FILTRANS",
      "to_field": "SOURCE_SYSTEM_NAME"
    },
    {
      "from_instance": "SQ_pre_land_sfdc_contact1",
      "from_field": "Createdby_Alias",
      "to_instance": "FILTRANS",
      "to_field": "CreatedBy_Alias"
    },
    {
      "from_instance": "SQ_pre_land_sfdc_contact1",
      "from_field": "Lastmodifiedby_Alias",
      "to_instance": "FILTRANS",
      "to_field": "LastModified_Alias"
    },
    {
      "from_instance": "SQ_pre_land_sfdc_contact1",
      "from_field": "Professional_Credentials__c",
      "to_instance": "FILTRANS",
      "to_field": "Professional_Credentials__c"
    },
    {
      "from_instance": "SQ_pre_land_sfdc_contact1",
      "from_field": "Role_Status_primary_office__c",
      "to_instance": "FILTRANS",
      "to_field": "Role_Status_primary_office__c"
    },
    {
      "from_instance": "SQ_pre_land_sfdc_contact1",
      "from_field": "Sequence_N__c",
      "to_instance": "FILTRANS",
      "to_field": "Sequence_N__c"
    },
    {
      "from_instance": "SQ_pre_land_sfdc_contact1",
      "from_field": "Id",
      "to_instance": "FILTRANS",
      "to_field": "Id"
    },
    {
      "from_instance": "SQ_pre_land_sfdc_contact1",
      "from_field": "CreatedDate",
      "to_instance": "FILTRANS",
      "to_field": "CreatedDate"
    },
    {
      "from_instance": "SQ_pre_land_sfdc_contact1",
      "from_field": "MailingCountry",
      "to_instance": "FILTRANS",
      "to_field": "MailingCountry"
    },
    {
      "from_instance": "SQ_pre_land_sfdc_contact1",
      "from_field": "Middle_Initial__c",
      "to_instance": "FILTRANS",
      "to_field": "Middle_Initial__c"
    },
    {
      "from_instance": "SQ_pre_land_sfdc_contact1",
      "from_field": "Parent_Recordtype_Name",
      "to_instance": "FILTRANS",
      "to_field": "Parent_Recordtype_Name"
    },
    {
      "from_instance": "SQ_pre_land_sfdc_contact1",
      "from_field": "suffix__c",
      "to_instance": "FILTRANS",
      "to_field": "suffix__c"
    },
    {
      "from_instance": "SQ_pre_land_sfdc_contact1",
      "from_field": "Title",
      "to_instance": "FILTRANS",
      "to_field": "Title"
    },
    {
      "from_instance": "EXP",
      "from_field": "Out_ID",
      "to_instance": "FILTRANS1",
      "to_field": "Out_ID"
    },
    {
      "from_instance": "EXP",
      "from_field": "CreatedDate",
      "to_instance": "FILTRANS1",
      "to_field": "CreatedDate"
    },
    {
      "from_instance": "EXP",
      "from_field": "CreatedBy_alias",
      "to_instance": "FILTRANS1",
      "to_field": "CreatedBy_alias"
    },
    {
      "from_instance": "EXP",
      "from_field": "LastModifiedDate",
      "to_instance": "FILTRANS1",
      "to_field": "LastModifiedDate"
    },
    {
      "from_instance": "EXP",
      "from_field": "LastModified_Alias",
      "to_instance": "FILTRANS1",
      "to_field": "LastModified_Alias"
    },
    {
      "from_instance": "EXP",
      "from_field": "SOURCE_SYSTEM_NAME",
      "to_instance": "FILTRANS1",
      "to_field": "SOURCE_SYSTEM_NAME"
    },
    {
      "from_instance": "EXP",
      "from_field": "Middle_Initial__c",
      "to_instance": "FILTRANS1",
      "to_field": "Middle_Initial__c"
    },
    {
      "from_instance": "EXP",
      "from_field": "FirstName",
      "to_instance": "FILTRANS1",
      "to_field": "FirstName"
    },
    {
      "from_instance": "EXP",
      "from_field": "LastName",
      "to_instance": "FILTRANS1",
      "to_field": "LastName"
    },
    {
      "from_instance": "EXP",
      "from_field": "Nickname__c",
      "to_instance": "FILTRANS1",
      "to_field": "Nickname__c"
    },
    {
      "from_instance": "EXP",
      "from_field": "PERSON_HONORIFIC_ID",
      "to_instance": "FILTRANS1",
      "to_field": "PERSON_HONORIFIC_ID"
    },
    {
      "from_instance": "EXP",
      "from_field": "PARTY_STATUS_ID",
      "to_instance": "FILTRANS1",
      "to_field": "PARTY_STATUS_ID"
    },
    {
      "from_instance": "EXP",
      "from_field": "Title",
      "to_instance": "FILTRANS1",
      "to_field": "Title"
    },
    {
      "from_instance": "EXP",
      "from_field": "PERSON_MIDDLE_INITIAL",
      "to_instance": "FILTRANS1",
      "to_field": "PERSON_MIDDLE_INITIAL"
    },
    {
      "from_instance": "EXP",
      "from_field": "O_PARTY_QUALIFICATION_LEVEL_ID",
      "to_instance": "FILTRANS1",
      "to_field": "PARTY_QUALIFICATION_LEVEL_ID"
    },
    {
      "from_instance": "EXP",
      "from_field": "Client_Group_id",
      "to_instance": "FILTRANS1",
      "to_field": "Client_Group_id"
    },
    {
      "from_instance": "EXP",
      "from_field": "PARTY_TYPE_ID",
      "to_instance": "FILTRANS1",
      "to_field": "PARTY_TYPE_ID"
    },
    {
      "from_instance": "EXP",
      "from_field": "Out_Sequence_N__c",
      "to_instance": "FILTRANS1",
      "to_field": "Out_Sequence_N__c"
    },
    {
      "from_instance": "EXP",
      "from_field": "PERSON_PFSNL_CRDNTLS_TXT",
      "to_instance": "FILTRANS1",
      "to_field": "PERSON_PFSNL_CRDNTLS_TXT"
    },
    {
      "from_instance": "EXP",
      "from_field": "MAPPING_NAME",
      "to_instance": "FILTRANS1",
      "to_field": "MAPPING_NAME"
    },
    {
      "from_instance": "EXP",
      "from_field": "Parent_Recordtype_Name",
      "to_instance": "FILTRANS1",
      "to_field": "Parent_Recordtype_Name"
    },
    {
      "from_instance": "EXP",
      "from_field": "Professional_Credentials__c",
      "to_instance": "FILTRANS1",
      "to_field": "Professional_Credentials__c"
    },
    {
      "from_instance": "EXP",
      "from_field": "suffix__c",
      "to_instance": "FILTRANS1",
      "to_field": "suffix__c"
    },
    {
      "from_instance": "EXP",
      "from_field": "party_inctvtn_rsn_type_id",
      "to_instance": "FILTRANS1",
      "to_field": "party_inctvtn_rsn_type_id"
    },
    {
      "from_instance": "EXP",
      "from_field": "DEFERRED_OWNERSHIP_IND_Out",
      "to_instance": "FILTRANS1",
      "to_field": "DEFERRED_OWNERSHIP_IND_Out"
    },
    {
      "from_instance": "EXP",
      "from_field": "LookupSOFIDORIS_out",
      "to_instance": "FILTRANS1",
      "to_field": "LookupSOFIDORIS"
    },
    {
      "from_instance": "FILTRANS",
      "from_field": "Id",
      "to_instance": "EXP",
      "to_field": "Id"
    },
    {
      "from_instance": "FILTRANS",
      "from_field": "CreatedDate",
      "to_instance": "EXP",
      "to_field": "CreatedDate"
    },
    {
      "from_instance": "FILTRANS",
      "from_field": "CreatedBy_Alias",
      "to_instance": "EXP",
      "to_field": "CreatedBy_alias"
    },
    {
      "from_instance": "FILTRANS",
      "from_field": "LastModifiedDate",
      "to_instance": "EXP",
      "to_field": "LastModifiedDate"
    },
    {
      "from_instance": "FILTRANS",
      "from_field": "LastModified_Alias",
      "to_instance": "EXP",
      "to_field": "LastModified_Alias"
    },
    {
      "from_instance": "FILTRANS",
      "from_field": "SOURCE_SYSTEM_NAME",
      "to_instance": "EXP",
      "to_field": "SOURCE_SYSTEM_NAME"
    },
    {
      "from_instance": "FILTRANS",
      "from_field": "Middle_Initial__c",
      "to_instance": "EXP",
      "to_field": "Middle_Initial__c"
    },
    {
      "from_instance": "FILTRANS",
      "from_field": "FirstName",
      "to_instance": "EXP",
      "to_field": "FirstName"
    },
    {
      "from_instance": "FILTRANS",
      "from_field": "LastName",
      "to_instance": "EXP",
      "to_field": "LastName"
    },
    {
      "from_instance": "FILTRANS",
      "from_field": "Nickname__c",
      "to_instance": "EXP",
      "to_field": "Nickname__c"
    },
    {
      "from_instance": "FILTRANS",
      "from_field": "Salutation",
      "to_instance": "EXP",
      "to_field": "Salutation"
    },
    {
      "from_instance": "FILTRANS",
      "from_field": "Status__c",
      "to_instance": "EXP",
      "to_field": "Status__c"
    },
    {
      "from_instance": "FILTRANS",
      "from_field": "Sequence_N__c",
      "to_instance": "EXP",
      "to_field": "Sequence_N__c"
    },
    {
      "from_instance": "FILTRANS",
      "from_field": "Parent_Recordtype_Name",
      "to_instance": "EXP",
      "to_field": "Parent_Recordtype_Name"
    },
    {
      "from_instance": "FILTRANS",
      "from_field": "suffix__c",
      "to_instance": "EXP",
      "to_field": "suffix__c"
    },
    {
      "from_instance": "FILTRANS",
      "from_field": "Professional_Credentials__c",
      "to_instance": "EXP",
      "to_field": "Professional_Credentials__c"
    },
    {
      "from_instance": "FILTRANS",
      "from_field": "Role_Status_primary_office__c",
      "to_instance": "EXP",
      "to_field": "Role_Status_primary_office__c"
    },
    {
      "from_instance": "FILTRANS",
      "from_field": "Client_Group_C",
      "to_instance": "EXP",
      "to_field": "Client_Group_C"
    },
    {
      "from_instance": "FILTRANS",
      "from_field": "Title",
      "to_instance": "EXP",
      "to_field": "Title"
    }
  ],
  "mappings": [
    {
      "name": "m_landing_sfdc_to_cdm_contact_party",
      "instances": [
        {
          "name": "TODAY_PARTY_XFORM1",
          "type": "TARGET",
          "transformation": ""
        },
        {
          "name": "SQ_pre_land_sfdc_contact1",
          "type": "TRANSFORMATION",
          "transformation": ""
        },
        {
          "name": "SP_LKP_LOAD_TOTAL_ERROR_INFO",
          "type": "TRANSFORMATION",
          "transformation": ""
        },
        {
          "name": "FILTRANS1",
          "type": "TRANSFORMATION",
          "transformation": ""
        },
        {
          "name": "TODAY_PARTY_XFORM_LOOKUP",
          "type": "TRANSFORMATION",
          "transformation": ""
        },
        {
          "name": "EXP",
          "type": "TRANSFORMATION",
          "transformation": ""
        },
        {
          "name": "FILTRANS",
          "type": "TRANSFORMATION",
          "transformation": ""
        },
        {
          "name": "lkp_values",
          "type": "TRANSFORMATION",
          "transformation": ""
        },
        {
          "name": "pre_land_sfdc_contact1",
          "type": "SOURCE",
          "transformation": ""
        }
      ]
    }
  ]
}