{
  "mapping_name": "wf_landing_sfdc_to_cdm_organization_party",
  "sources": [
    {
      "name": "pre_land_sfdc_organization",
      "type": "",
      "columns": [
        {
          "name": "Id",
          "datatype": "nvarchar",
          "precision": "18",
          "scale": "0"
        },
        {
          "name": "ParentId",
          "datatype": "nvarchar",
          "precision": "18",
          "scale": "0"
        },
        {
          "name": "Tier__c",
          "datatype": "nvarchar",
          "precision": "255",
          "scale": "0"
        },
        {
          "name": "Status__c",
          "datatype": "nvarchar",
          "precision": "255",
          "scale": "0"
        },
        {
          "name": "RecordTypeName",
          "datatype": "nvarchar",
          "precision": "80",
          "scale": "0"
        },
        {
          "name": "CRD__c",
          "datatype": "nvarchar",
          "precision": "15",
          "scale": "0"
        },
        {
          "name": "Registration_Type__c",
          "datatype": "nvarchar",
          "precision": "4000",
          "scale": "0"
        },
        {
          "name": "Primary_CG_Org_Owner__c",
          "datatype": "nvarchar",
          "precision": "18",
          "scale": "0"
        },
        {
          "name": "Primary_CG_Org_Owner__r_alias",
          "datatype": "nvarchar",
          "precision": "8",
          "scale": "0"
        },
        {
          "name": "Primary_CG_Org_Owner__r_Associate_ID__c",
          "datatype": "nvarchar",
          "precision": "15",
          "scale": "0"
        },
        {
          "name": "Primary_Channel__c",
          "datatype": "nvarchar",
          "precision": "255",
          "scale": "0"
        },
        {
          "name": "Type",
          "datatype": "nvarchar",
          "precision": "40",
          "scale": "0"
        },
        {
          "name": "Organization_Direct__c",
          "datatype": "nvarchar",
          "precision": "15",
          "scale": "0"
        },
        {
          "name": "Name",
          "datatype": "nvarchar",
          "precision": "255",
          "scale": "0"
        },
        {
          "name": "Marketing_Email_Restriction__c",
          "datatype": "nvarchar",
          "precision": "255",
          "scale": "0"
        },
        {
          "name": "Organization_ID__c",
          "datatype": "nvarchar",
          "precision": "15",
          "scale": "0"
        },
        {
          "name": "BillingStreet",
          "datatype": "nvarchar",
          "precision": "255",
          "scale": "0"
        },
        {
          "name": "BillingCity",
          "datatype": "nvarchar",
          "precision": "40",
          "scale": "0"
        },
        {
          "name": "BillingState",
          "datatype": "nvarchar",
          "precision": "80",
          "scale": "0"
        },
        {
          "name": "BillingPostalCode",
          "datatype": "nvarchar",
          "precision": "20",
          "scale": "0"
        },
        {
          "name": "BillingCountry",
          "datatype": "nvarchar",
          "precision": "80",
          "scale": "0"
        },
        {
          "name": "IsDeleted",
          "datatype": "nvarchar",
          "precision": "5",
          "scale": "0"
        },
        {
          "name": "CreatedByAlias",
          "datatype": "nvarchar",
          "precision": "8",
          "scale": "0"
        },
        {
          "name": "CreatedDate",
          "datatype": "nvarchar",
          "precision": "29",
          "scale": "0"
        },
        {
          "name": "LastModifiedByAlias",
          "datatype": "nvarchar",
          "precision": "8",
          "scale": "0"
        },
        {
          "name": "LastModifiedDate",
          "datatype": "nvarchar",
          "precision": "29",
          "scale": "0"
        },
        {
          "name": "GU_ID__c",
          "datatype": "nvarchar",
          "precision": "18",
          "scale": "0"
        },
        {
          "name": "Source_System_Name",
          "datatype": "nvarchar",
          "precision": "18",
          "scale": "0"
        },
        {
          "name": "Primary_Address_Type__c",
          "datatype": "nvarchar",
          "precision": "255",
          "scale": "0"
        },
        {
          "name": "Secondary_Address_Type__c",
          "datatype": "nvarchar",
          "precision": "255",
          "scale": "0"
        },
        {
          "name": "Location_Type__c",
          "datatype": "nvarchar",
          "precision": "255",
          "scale": "0"
        },
        {
          "name": "Legal_Name__c",
          "datatype": "nvarchar",
          "precision": "255",
          "scale": "0"
        },
        {
          "name": "SEC__c",
          "datatype": "nvarchar",
          "precision": "25",
          "scale": "0"
        },
        {
          "name": "ShippingStreet",
          "datatype": "nvarchar",
          "precision": "255",
          "scale": "0"
        },
        {
          "name": "ShippingCity",
          "datatype": "nvarchar",
          "precision": "40",
          "scale": "0"
        },
        {
          "name": "ShippingState",
          "datatype": "nvarchar",
          "precision": "80",
          "scale": "0"
        },
        {
          "name": "ShippingPostalCode",
          "datatype": "nvarchar",
          "precision": "20",
          "scale": "0"
        },
        {
          "name": "ShippingCountry",
          "datatype": "nvarchar",
          "precision": "80",
          "scale": "0"
        },
        {
          "name": "Corporate_Structure__c",
          "datatype": "nvarchar",
          "precision": "255",
          "scale": "0"
        },
        {
          "name": "Inactivated_Date__c",
          "datatype": "nvarchar",
          "precision": "29",
          "scale": "0"
        },
        {
          "name": "Org_Tax_ID_Number__c",
          "datatype": "nvarchar",
          "precision": "50",
          "scale": "0"
        },
        {
          "name": "Phone",
          "datatype": "nvarchar",
          "precision": "40",
          "scale": "0"
        },
        {
          "name": "Fax",
          "datatype": "nvarchar",
          "precision": "40",
          "scale": "0"
        },
        {
          "name": "Website",
          "datatype": "nvarchar",
          "precision": "255",
          "scale": "0"
        },
        {
          "name": "Advisory_Other_Reason_Code_Details__c",
          "datatype": "nvarchar",
          "precision": "255",
          "scale": "0"
        },
        {
          "name": "Advisory_Reason_Code__c",
          "datatype": "nvarchar",
          "precision": "255",
          "scale": "0"
        },
        {
          "name": "Advisory_Reason_Code_Clarification__c",
          "datatype": "nvarchar",
          "precision": "255",
          "scale": "0"
        },
        {
          "name": "Advisory_Segmentation__c",
          "datatype": "nvarchar",
          "precision": "255",
          "scale": "0"
        },
        {
          "name": "Segmentation__c",
          "datatype": "nvarchar",
          "precision": "255",
          "scale": "0"
        },
        {
          "name": "channel__c",
          "datatype": "nvarchar",
          "precision": "255",
          "scale": "0"
        },
        {
          "name": "W_9__c",
          "datatype": "nvarchar",
          "precision": "255",
          "scale": "0"
        },
        {
          "name": "Segment__c",
          "datatype": "nvarchar",
          "precision": "255",
          "scale": "0"
        },
        {
          "name": "Restrict_Mail__c",
          "datatype": "nvarchar",
          "precision": "5",
          "scale": "0"
        },
        {
          "name": "Roles__c",
          "datatype": "nvarchar",
          "precision": "255",
          "scale": "0"
        },
        {
          "name": "Email_address__c",
          "datatype": "nvarchar",
          "precision": "255",
          "scale": "0"
        },
        {
          "name": "Entitiy_Name_DORIS_SOFI__c",
          "datatype": "nvarchar",
          "precision": "255",
          "scale": "0"
        },
        {
          "name": "Role_Stage__c",
          "datatype": "varchar",
          "precision": "255",
          "scale": "0"
        },
        {
          "name": "Client_RM_CRA__c",
          "datatype": "varchar",
          "precision": "255",
          "scale": "0"
        },
        {
          "name": "Service_Tier__c",
          "datatype": "varchar",
          "precision": "255",
          "scale": "0"
        },
        {
          "name": "RM_Institutional__c",
          "datatype": "varchar",
          "precision": "255",
          "scale": "0"
        },
        {
          "name": "Covered_Plan_Sponsor__c",
          "datatype": "nvarchar",
          "precision": "5",
          "scale": "0"
        },
        {
          "name": "external_id_c",
          "datatype": "nvarchar",
          "precision": "255",
          "scale": "0"
        },
        {
          "name": "Aggregator__c",
          "datatype": "nvarchar",
          "precision": "255",
          "scale": "0"
        },
        {
          "name": "Sector__c",
          "datatype": "nvarchar",
          "precision": "255",
          "scale": "0"
        },
        {
          "name": "Definer__c",
          "datatype": "nvarchar",
          "precision": "255",
          "scale": "0"
        },
        {
          "name": "Reserverd_3",
          "datatype": "nvarchar",
          "precision": "18",
          "scale": "0"
        },
        {
          "name": "Reserverd_4",
          "datatype": "nvarchar",
          "precision": "18",
          "scale": "0"
        },
        {
          "name": "Reserverd_5",
          "datatype": "nvarchar",
          "precision": "18",
          "scale": "0"
        }
      ]
    }
  ],
  "targets": [
    {
      "name": "today_party_xform",
      "type": "",
      "columns": [
        {
          "name": "src_rowid",
          "datatype": "bigint",
          "precision": "19",
          "scale": "0"
        },
        {
          "name": "org_legal_name",
          "datatype": "nvarchar",
          "precision": "255",
          "scale": "0"
        },
        {
          "name": "org_name",
          "datatype": "nvarchar",
          "precision": "255",
          "scale": "0"
        },
        {
          "name": "person_last_name",
          "datatype": "nvarchar",
          "precision": "50",
          "scale": "0"
        },
        {
          "name": "last_updated_date",
          "datatype": "nvarchar",
          "precision": "23",
          "scale": "0"
        },
        {
          "name": "source_party_id",
          "datatype": "nvarchar",
          "precision": "255",
          "scale": "0"
        },
        {
          "name": "person_honorific_id",
          "datatype": "bigint",
          "precision": "19",
          "scale": "0"
        },
        {
          "name": "person_middle_name",
          "datatype": "nvarchar",
          "precision": "50",
          "scale": "0"
        },
        {
          "name": "person_gender_id",
          "datatype": "bigint",
          "precision": "19",
          "scale": "0"
        },
        {
          "name": "office_type_id",
          "datatype": "bigint",
          "precision": "19",
          "scale": "0"
        },
        {
          "name": "created_by",
          "datatype": "nvarchar",
          "precision": "50",
          "scale": "0"
        },
        {
          "name": "created_date",
          "datatype": "nvarchar",
          "precision": "23",
          "scale": "0"
        },
        {
          "name": "source_system",
          "datatype": "nvarchar",
          "precision": "50",
          "scale": "0"
        },
        {
          "name": "person_pfsnl_crdntls_txt",
          "datatype": "nvarchar",
          "precision": "200",
          "scale": "0"
        },
        {
          "name": "person_first_name",
          "datatype": "nvarchar",
          "precision": "50",
          "scale": "0"
        },
        {
          "name": "deleted_indicator",
          "datatype": "nchar",
          "precision": "1",
          "scale": "0"
        },
        {
          "name": "last_updated_by",
          "datatype": "nvarchar",
          "precision": "50",
          "scale": "0"
        },
        {
          "name": "person_nickname",
          "datatype": "nvarchar",
          "precision": "50",
          "scale": "0"
        },
        {
          "name": "group_name",
          "datatype": "nvarchar",
          "precision": "100",
          "scale": "0"
        },
        {
          "name": "party_status_id",
          "datatype": "bigint",
          "precision": "19",
          "scale": "0"
        },
        {
          "name": "person_name_suffix_id",
          "datatype": "bigint",
          "precision": "19",
          "scale": "0"
        },
        {
          "name": "org_business_structure_type_id",
          "datatype": "bigint",
          "precision": "19",
          "scale": "0"
        },
        {
          "name": "party_type_id",
          "datatype": "bigint",
          "precision": "19",
          "scale": "0"
        },
        {
          "name": "party_inactivation_date",
          "datatype": "nvarchar",
          "precision": "23",
          "scale": "0"
        },
        {
          "name": "party_tax_id",
          "datatype": "nvarchar",
          "precision": "50",
          "scale": "0"
        },
        {
          "name": "group_nickname",
          "datatype": "nvarchar",
          "precision": "100",
          "scale": "0"
        },
        {
          "name": "MAPPING_NAME",
          "datatype": "nvarchar",
          "precision": "80",
          "scale": "0"
        },
        {
          "name": "PERSON_NAME_SUFFIX_RAW",
          "datatype": "varchar",
          "precision": "255",
          "scale": "0"
        },
        {
          "name": "party_inctvtn_rsn_type_id",
          "datatype": "bigint",
          "precision": "19",
          "scale": "0"
        },
        {
          "name": "DEFERRED_OWNERSHIP_IND",
          "datatype": "nvarchar",
          "precision": "1",
          "scale": "0"
        },
        {
          "name": "PERSON_MIDDLE_INITIAL",
          "datatype": "char",
          "precision": "1",
          "scale": "0"
        },
        {
          "name": "MATCHED_ROWID_OBJECT",
          "datatype": "char",
          "precision": "14",
          "scale": "0"
        },
        {
          "name": "PARTY_QUALIFICATION_LEVEL_ID",
          "datatype": "char",
          "precision": "14",
          "scale": "0"
        },
        {
          "name": "RIA_COVERAGE_TYPE_ID",
          "datatype": "bigint",
          "precision": "19",
          "scale": "0"
        },
        {
          "name": "PRSN_JOB_TITLE",
          "datatype": "nvarchar",
          "precision": "255",
          "scale": "0"
        },
        {
          "name": "CLIENT_GROUP_ID",
          "datatype": "nvarchar",
          "precision": "40",
          "scale": "0"
        }
      ]
    }
  ],
  "transformations": [
    {
      "name": "RTRTRANS",
      "type": "Router",
      "properties": {
        "Id": {
          "datatype": "string",
          "expression": ""
        },
        "Name": {
          "datatype": "nstring",
          "expression": ""
        },
        "LastModifiedDate": {
          "datatype": "string",
          "expression": ""
        },
        "Legal_Name__c": {
          "datatype": "nstring",
          "expression": ""
        },
        "PARTY_STATUS_ID": {
          "datatype": "bigint",
          "expression": ""
        },
        "PARTY_TYPE_ID": {
          "datatype": "bigint",
          "expression": ""
        },
        "Org_Tax_ID_Number__c": {
          "datatype": "string",
          "expression": ""
        },
        "Inactivated_Date__c": {
          "datatype": "string",
          "expression": ""
        },
        "Source_System_Name": {
          "datatype": "string",
          "expression": ""
        },
        "CreatedByAlias": {
          "datatype": "string",
          "expression": ""
        },
        "CreatedDate": {
          "datatype": "string",
          "expression": ""
        },
        "business_structure_type_id": {
          "datatype": "bigint",
          "expression": ""
        },
        "LastModifiedByAlias": {
          "datatype": "string",
          "expression": ""
        },
        "Organization_Direct__c": {
          "datatype": "string",
          "expression": ""
        },
        "RecordTypeName": {
          "datatype": "string",
          "expression": ""
        },
        "MAPPING_NAME": {
          "datatype": "string",
          "expression": ""
        },
        "party_inctvtn_rsn_type_id": {
          "datatype": "bigint",
          "expression": ""
        },
        "O_Matched_Rowid_Object": {
          "datatype": "string",
          "expression": ""
        },
        "CLIENT_GROUP_ID": {
          "datatype": "nstring",
          "expression": ""
        },
        "Id1": {
          "datatype": "string",
          "expression": ""
        },
        "Name1": {
          "datatype": "nstring",
          "expression": ""
        },
        "LastModifiedDate1": {
          "datatype": "string",
          "expression": ""
        },
        "Legal_Name__c1": {
          "datatype": "nstring",
          "expression": ""
        },
        "PARTY_STATUS_ID1": {
          "datatype": "bigint",
          "expression": ""
        },
        "PARTY_TYPE_ID1": {
          "datatype": "bigint",
          "expression": ""
        },
        "Org_Tax_ID_Number__c1": {
          "datatype": "string",
          "expression": ""
        },
        "Inactivated_Date__c1": {
          "datatype": "string",
          "expression": ""
        },
        "Source_System_Name1": {
          "datatype": "string",
          "expression": ""
        },
        "CreatedByAlias1": {
          "datatype": "string",
          "expression": ""
        },
        "CreatedDate1": {
          "datatype": "string",
          "expression": ""
        },
        "business_structure_type_id1": {
          "datatype": "bigint",
          "expression": ""
        },
        "LastModifiedByAlias1": {
          "datatype": "string",
          "expression": ""
        },
        "Organization_Direct__c1": {
          "datatype": "string",
          "expression": ""
        },
        "RecordTypeName1": {
          "datatype": "string",
          "expression": ""
        },
        "MAPPING_NAME1": {
          "datatype": "string",
          "expression": ""
        },
        "party_inctvtn_rsn_type_id1": {
          "datatype": "bigint",
          "expression": ""
        },
        "O_Matched_Rowid_Object1": {
          "datatype": "string",
          "expression": ""
        },
        "CLIENT_GROUP_ID1": {
          "datatype": "nstring",
          "expression": ""
        },
        "Id3": {
          "datatype": "string",
          "expression": ""
        },
        "Name3": {
          "datatype": "nstring",
          "expression": ""
        },
        "LastModifiedDate3": {
          "datatype": "string",
          "expression": ""
        },
        "Legal_Name__c3": {
          "datatype": "nstring",
          "expression": ""
        },
        "PARTY_STATUS_ID3": {
          "datatype": "bigint",
          "expression": ""
        },
        "PARTY_TYPE_ID3": {
          "datatype": "bigint",
          "expression": ""
        },
        "Org_Tax_ID_Number__c3": {
          "datatype": "string",
          "expression": ""
        },
        "Inactivated_Date__c3": {
          "datatype": "string",
          "expression": ""
        },
        "Source_System_Name3": {
          "datatype": "string",
          "expression": ""
        },
        "CreatedByAlias3": {
          "datatype": "string",
          "expression": ""
        },
        "CreatedDate3": {
          "datatype": "string",
          "expression": ""
        },
        "business_structure_type_id3": {
          "datatype": "bigint",
          "expression": ""
        },
        "LastModifiedByAlias3": {
          "datatype": "string",
          "expression": ""
        },
        "Organization_Direct__c3": {
          "datatype": "string",
          "expression": ""
        },
        "RecordTypeName3": {
          "datatype": "string",
          "expression": ""
        },
        "MAPPING_NAME3": {
          "datatype": "string",
          "expression": ""
        },
        "party_inctvtn_rsn_type_id3": {
          "datatype": "bigint",
          "expression": ""
        },
        "O_Matched_Rowid_Object3": {
          "datatype": "string",
          "expression": ""
        },
        "CLIENT_GROUP_ID3": {
          "datatype": "nstring",
          "expression": ""
        },
        "Id2": {
          "datatype": "string",
          "expression": ""
        },
        "Name2": {
          "datatype": "nstring",
          "expression": ""
        },
        "LastModifiedDate2": {
          "datatype": "string",
          "expression": ""
        },
        "Legal_Name__c2": {
          "datatype": "nstring",
          "expression": ""
        },
        "PARTY_STATUS_ID2": {
          "datatype": "bigint",
          "expression": ""
        },
        "PARTY_TYPE_ID2": {
          "datatype": "bigint",
          "expression": ""
        },
        "Org_Tax_ID_Number__c2": {
          "datatype": "string",
          "expression": ""
        },
        "Inactivated_Date__c2": {
          "datatype": "string",
          "expression": ""
        },
        "Source_System_Name2": {
          "datatype": "string",
          "expression": ""
        },
        "CreatedByAlias2": {
          "datatype": "string",
          "expression": ""
        },
        "CreatedDate2": {
          "datatype": "string",
          "expression": ""
        },
        "business_structure_type_id2": {
          "datatype": "bigint",
          "expression": ""
        },
        "LastModifiedByAlias2": {
          "datatype": "string",
          "expression": ""
        },
        "Organization_Direct__c2": {
          "datatype": "string",
          "expression": ""
        },
        "RecordTypeName2": {
          "datatype": "string",
          "expression": ""
        },
        "MAPPING_NAME2": {
          "datatype": "string",
          "expression": ""
        },
        "party_inctvtn_rsn_type_id2": {
          "datatype": "bigint",
          "expression": ""
        },
        "O_Matched_Rowid_Object2": {
          "datatype": "string",
          "expression": ""
        },
        "CLIENT_GROUP_ID2": {
          "datatype": "nstring",
          "expression": ""
        },
        "GROUPS": [
          {
            "name": "INPUT",
            "expression": ""
          },
          {
            "name": "NONSFDC",
            "expression": "IN (RecordTypeName,'NT Advisory Org RO','Retail Org RO','Financial Intermediary','CIAM Org RO')"
          },
          {
            "name": "DEFAULT1",
            "expression": ""
          },
          {
            "name": "SFDC",
            "expression": "IN (RecordTypeName,'Institutional Organization','Financial Conglomerate Org','Institutional Parent/Network','Insurance Organization' ,'NACG Plan Sponsor')"
          }
        ]
      }
    },
    {
      "name": "LKP_c_party_chk_orig_rowid_object",
      "type": "Lookup Procedure",
      "properties": {
        "ROWID_OBJECT": {
          "datatype": "nstring",
          "expression": ""
        },
        "ORIG_ROWID_OBJECT": {
          "datatype": "nstring",
          "expression": ""
        },
        "IN_ROWID_OBJECT": {
          "datatype": "nstring",
          "expression": ""
        }
      }
    },
    {
      "name": "EXPTRANS",
      "type": "Expression",
      "properties": {
        "Id3": {
          "datatype": "string",
          "expression": "Id3"
        },
        "Name3": {
          "datatype": "nstring",
          "expression": "Name3"
        },
        "LastModifiedDate3": {
          "datatype": "string",
          "expression": "LastModifiedDate3"
        },
        "Legal_Name__c3": {
          "datatype": "nstring",
          "expression": "Legal_Name__c3"
        },
        "PARTY_STATUS_ID3": {
          "datatype": "bigint",
          "expression": "PARTY_STATUS_ID3"
        },
        "PARTY_TYPE_ID3": {
          "datatype": "bigint",
          "expression": "PARTY_TYPE_ID3"
        },
        "Org_Tax_ID_Number__c3": {
          "datatype": "string",
          "expression": "Org_Tax_ID_Number__c3"
        },
        "Inactivated_Date__c3": {
          "datatype": "string",
          "expression": "Inactivated_Date__c3"
        },
        "Source_System_Name3": {
          "datatype": "string",
          "expression": "Source_System_Name3"
        },
        "CreatedByAlias3": {
          "datatype": "string",
          "expression": "CreatedByAlias3"
        },
        "CreatedDate3": {
          "datatype": "string",
          "expression": "CreatedDate3"
        },
        "business_structure_type_id3": {
          "datatype": "bigint",
          "expression": "business_structure_type_id3"
        },
        "LastModifiedByAlias3": {
          "datatype": "string",
          "expression": "LastModifiedByAlias3"
        },
        "MAPPING_NAME3": {
          "datatype": "string",
          "expression": "MAPPING_NAME3"
        },
        "party_inctvtn_rsn_type_id3": {
          "datatype": "bigint",
          "expression": "party_inctvtn_rsn_type_id3"
        },
        "DEFERRED_OWNERSHIP_IND_OUT": {
          "datatype": "nstring",
          "expression": "'N'"
        },
        "GU_ID__c3": {
          "datatype": "string",
          "expression": "GU_ID__c3"
        },
        "O_Matched_Rowid_Object3": {
          "datatype": "string",
          "expression": "O_Matched_Rowid_Object3"
        },
        "CLIENT_GROUP_ID": {
          "datatype": "nstring",
          "expression": "CLIENT_GROUP_ID"
        }
      }
    },
    {
      "name": "LKP_c_party_pkey_check",
      "type": "Lookup Procedure",
      "properties": {
        "PKEY_SRC_OBJECT": {
          "datatype": "nstring",
          "expression": ""
        },
        "in_PKEY_SRC_OBJECT": {
          "datatype": "nstring",
          "expression": ""
        }
      }
    },
    {
      "name": "lkp_values",
      "type": "Lookup Procedure",
      "properties": {
        "src_val_in": {
          "datatype": "string",
          "expression": ""
        },
        "attrib_nm_in": {
          "datatype": "string",
          "expression": ""
        },
        "src_sys_nm": {
          "datatype": "string",
          "expression": ""
        },
        "attrib_nm": {
          "datatype": "string",
          "expression": ""
        },
        "src_val": {
          "datatype": "string",
          "expression": ""
        },
        "std_lkup_id": {
          "datatype": "integer",
          "expression": ""
        }
      }
    },
    {
      "name": "SP_LKP_LOAD_TOTAL_ERROR_INFO",
      "type": "Stored Procedure",
      "properties": {
        "src_val": {
          "datatype": "string",
          "expression": ""
        },
        "src_party_id": {
          "datatype": "nstring",
          "expression": ""
        },
        "src_spec_xfrm_id": {
          "datatype": "nstring",
          "expression": ""
        },
        "attrib_nm": {
          "datatype": "nstring",
          "expression": ""
        },
        "created_date": {
          "datatype": "nstring",
          "expression": ""
        },
        "src_system": {
          "datatype": "string",
          "expression": ""
        },
        "etlname": {
          "datatype": "nstring",
          "expression": ""
        },
        "error_msg": {
          "datatype": "nstring",
          "expression": ""
        },
        "dw_pgm_name": {
          "datatype": "nstring",
          "expression": ""
        }
      }
    },
    {
      "name": "SQ_pre_land_sfdc_organization",
      "type": "Source Qualifier",
      "properties": {
        "Id": {
          "datatype": "string",
          "expression": ""
        },
        "ParentId": {
          "datatype": "string",
          "expression": ""
        },
        "Tier__c": {
          "datatype": "string",
          "expression": ""
        },
        "Status__c": {
          "datatype": "string",
          "expression": ""
        },
        "RecordTypeName": {
          "datatype": "string",
          "expression": ""
        },
        "CRD__c": {
          "datatype": "string",
          "expression": ""
        },
        "Registration_Type__c": {
          "datatype": "string",
          "expression": ""
        },
        "Primary_CG_Org_Owner__c": {
          "datatype": "string",
          "expression": ""
        },
        "Primary_CG_Org_Owner__r_alias": {
          "datatype": "string",
          "expression": ""
        },
        "Primary_CG_Org_Owner__r_Associate_ID__c": {
          "datatype": "string",
          "expression": ""
        },
        "Primary_Channel__c": {
          "datatype": "string",
          "expression": ""
        },
        "Type": {
          "datatype": "string",
          "expression": ""
        },
        "Organization_Direct__c": {
          "datatype": "string",
          "expression": ""
        },
        "Name": {
          "datatype": "nstring",
          "expression": ""
        },
        "Marketing_Email_Restriction__c": {
          "datatype": "string",
          "expression": ""
        },
        "Organization_ID__c": {
          "datatype": "string",
          "expression": ""
        },
        "BillingStreet": {
          "datatype": "nstring",
          "expression": ""
        },
        "BillingCity": {
          "datatype": "nstring",
          "expression": ""
        },
        "BillingState": {
          "datatype": "nstring",
          "expression": ""
        },
        "BillingPostalCode": {
          "datatype": "string",
          "expression": ""
        },
        "BillingCountry": {
          "datatype": "nstring",
          "expression": ""
        },
        "IsDeleted": {
          "datatype": "string",
          "expression": ""
        },
        "CreatedByAlias": {
          "datatype": "string",
          "expression": ""
        },
        "CreatedDate": {
          "datatype": "string",
          "expression": ""
        },
        "LastModifiedByAlias": {
          "datatype": "string",
          "expression": ""
        },
        "LastModifiedDate": {
          "datatype": "string",
          "expression": ""
        },
        "GU_ID__c": {
          "datatype": "string",
          "expression": ""
        },
        "Source_System_Name": {
          "datatype": "string",
          "expression": ""
        },
        "Primary_Address_Type__c": {
          "datatype": "string",
          "expression": ""
        },
        "Secondary_Address_Type__c": {
          "datatype": "string",
          "expression": ""
        },
        "Location_Type__c": {
          "datatype": "string",
          "expression": ""
        },
        "Legal_Name__c": {
          "datatype": "nstring",
          "expression": ""
        },
        "SEC__c": {
          "datatype": "string",
          "expression": ""
        },
        "ShippingStreet": {
          "datatype": "nstring",
          "expression": ""
        },
        "ShippingCity": {
          "datatype": "nstring",
          "expression": ""
        },
        "ShippingState": {
          "datatype": "nstring",
          "expression": ""
        },
        "ShippingPostalCode": {
          "datatype": "nstring",
          "expression": ""
        },
        "ShippingCountry": {
          "datatype": "nstring",
          "expression": ""
        },
        "Corporate_Structure__c": {
          "datatype": "string",
          "expression": ""
        },
        "Inactivated_Date__c": {
          "datatype": "string",
          "expression": ""
        },
        "Org_Tax_ID_Number__c": {
          "datatype": "string",
          "expression": ""
        },
        "Phone": {
          "datatype": "nstring",
          "expression": ""
        },
        "Fax": {
          "datatype": "nstring",
          "expression": ""
        },
        "Website": {
          "datatype": "nstring",
          "expression": ""
        },
        "Advisory_Other_Reason_Code_Details__c": {
          "datatype": "string",
          "expression": ""
        },
        "Advisory_Reason_Code__c": {
          "datatype": "string",
          "expression": ""
        },
        "Advisory_Reason_Code_Clarification__c": {
          "datatype": "string",
          "expression": ""
        },
        "Advisory_Segmentation__c": {
          "datatype": "string",
          "expression": ""
        },
        "Segmentation__c": {
          "datatype": "string",
          "expression": ""
        },
        "channel__c": {
          "datatype": "string",
          "expression": ""
        },
        "Entitiy_Name_DORIS_SOFI__c": {
          "datatype": "nstring",
          "expression": ""
        },
        "CLIENT_GROUP_ID": {
          "datatype": "nstring",
          "expression": ""
        }
      }
    },
    {
      "name": "exp_transformation",
      "type": "Expression",
      "properties": {
        "Id": {
          "datatype": "string",
          "expression": ""
        },
        "Id_Out": {
          "datatype": "string",
          "expression": "'ORG_'||Id"
        },
        "Name": {
          "datatype": "nstring",
          "expression": "Name"
        },
        "Name_OUT": {
          "datatype": "nstring",
          "expression": "IIF(ISNULL(Entitiy_Name_DORIS_SOFI__c),Name,Entitiy_Name_DORIS_SOFI__c)\r\n-- Entity_Name_DORIS_SOFI__c will have shorter name with no \"Organization\" at the end, if populated."
        },
        "LastModifiedDate": {
          "datatype": "string",
          "expression": "LastModifiedDate"
        },
        "Legal_Name__c": {
          "datatype": "nstring",
          "expression": "Legal_Name__c"
        },
        "Status__c": {
          "datatype": "string",
          "expression": ""
        },
        "var_Status_1": {
          "datatype": "integer",
          "expression": ":LKP.lkp_values(ltrim(rtrim(Status__c)),'PARTY_STATUS_ID')"
        },
        "var_Status_2": {
          "datatype": "integer",
          "expression": "iif (isnull(Status__c),NULL,iif(isnull(var_Status_1),9999,var_Status_1))"
        },
        "PARTY_STATUS_ID": {
          "datatype": "bigint",
          "expression": "var_Status_2"
        },
        "Type": {
          "datatype": "string",
          "expression": "Type"
        },
        "var_type_id": {
          "datatype": "integer",
          "expression": ":LKP.lkp_values('Organization','PARTY_TYPE_ID')"
        },
        "PARTY_TYPE_ID": {
          "datatype": "bigint",
          "expression": "iif(isnull(var_type_id),9999,var_type_id)"
        },
        "Org_Tax_ID_Number__c": {
          "datatype": "string",
          "expression": "Org_Tax_ID_Number__c"
        },
        "Inactivated_Date__c": {
          "datatype": "string",
          "expression": "Inactivated_Date__c"
        },
        "Source_System_Name": {
          "datatype": "string",
          "expression": "Source_System_Name"
        },
        "CreatedByAlias": {
          "datatype": "string",
          "expression": "CreatedByAlias"
        },
        "CreatedDate": {
          "datatype": "string",
          "expression": "CreatedDate"
        },
        "Corporate_Structure__c": {
          "datatype": "string",
          "expression": ""
        },
        "var_Corporate_Structure_1": {
          "datatype": "integer",
          "expression": ":LKP.lkp_values(Corporate_Structure__c,'ORG_BUSINESS_STRUCTURE_TYPE_ID')\r\n"
        },
        "var_Corporate_Structure_2": {
          "datatype": "bigint",
          "expression": "iif(isnull(Corporate_Structure__c),NULL,iif(isnull(var_Corporate_Structure_1),9999,var_Corporate_Structure_1))"
        },
        "LastModifiedByAlias": {
          "datatype": "string",
          "expression": "LastModifiedByAlias"
        },
        "Organization_Direct__c": {
          "datatype": "string",
          "expression": ""
        },
        "Organization_Direct__c_out": {
          "datatype": "string",
          "expression": "iif(isnull(Organization_Direct__c),NULL,'ORG_'||Organization_Direct__c)"
        },
        "RecordTypeName": {
          "datatype": "string",
          "expression": "RecordTypeName"
        },
        "MAPPING_NAME": {
          "datatype": "string",
          "expression": "$PMMappingName"
        },
        "V_party_inctvtn_rsn_type_name": {
          "datatype": "string",
          "expression": "DECODE(TRUE\r\n,Status__c='Inactive','Unknown'\r\n,Status__c='Merged','Merged or Acquired'\r\n,NULL)"
        },
        "V_party_inctvtn_rsn_type_lookup_id": {
          "datatype": "string",
          "expression": ":LKP.lkp_values(V_party_inctvtn_rsn_type_name,'PARTY_INACTIVATION_REASON_TYPE')"
        },
        "party_inctvtn_rsn_type_id": {
          "datatype": "bigint",
          "expression": "DECODE(TRUE ,NOT ISNULL(V_party_inctvtn_rsn_type_lookup_id),V_party_inctvtn_rsn_type_lookup_id ,ISNULL(V_party_inctvtn_rsn_type_lookup_id) AND ISNULL(V_party_inctvtn_rsn_type_name),NULL ,'9999' )"
        },
        "V_ORG_BUSINESS_STRUCTURE_TYPE_ID": {
          "datatype": "bigint",
          "expression": "iif(isnull(Corporate_Structure__c),NULL,iif(isnull(var_Corporate_Structure_1),9999,var_Corporate_Structure_1))"
        },
        "V_CHK_ORG_BUSINESS_STRUCTURE_TYPE_ID": {
          "datatype": "string",
          "expression": "IIF (V_ORG_BUSINESS_STRUCTURE_TYPE_ID = 9999,:SP.SP_LKP_LOAD_TOTAL_ERROR_INFO(Corporate_Structure__c,'ORG_'||Id,'ORG_'||Id, 'ORG_BUSINESS_STRUCTURE_TYPE_ID',CreatedDate,Source_System_Name, 'wf_landing_sfdc_to_cdm_organization_party','Lookup NULL Record', 'wf_landing_sfdc_to_cdm_organization_party'),NULL)"
        },
        "Entitiy_Name_DORIS_SOFI__c": {
          "datatype": "nstring",
          "expression": "Entitiy_Name_DORIS_SOFI__c"
        },
        "GU_ID__c": {
          "datatype": "string",
          "expression": ""
        },
        "V_chk_pkey_exist": {
          "datatype": "string",
          "expression": ":LKP.LKP_C_PARTY_PKEY_CHECK('ORG_'|| LTRIM(RTRIM(Id)))"
        },
        "V_chk_guid_c_exist_as_rowid_object": {
          "datatype": "string",
          "expression": ":LKP.LKP_C_PARTY_CHECK_ROWID_OBJECT(LTRIM(RTRIM(GU_ID__c)))"
        },
        "V_chk_guid_c_exist_as_orig_rowid_object": {
          "datatype": "string",
          "expression": ":LKP.LKP_C_PARTY_CHK_ORIG_ROWID_OBJECT(LTRIM(RTRIM(GU_ID__c)))"
        },
        "O_Matched_Rowid_Object": {
          "datatype": "string",
          "expression": "DECODE(RecordTypeName='NACG Plan Sponsor',\r\nISNULL(GU_ID__c),NULL,\r\nNOT ISNULL(V_chk_pkey_exist),NULL,\r\nNOT ISNULL(V_chk_guid_c_exist_as_rowid_object),V_chk_guid_c_exist_as_rowid_object,\r\nNOT ISNULL(V_chk_guid_c_exist_as_orig_rowid_object),V_chk_guid_c_exist_as_orig_rowid_object,\r\nNULL)"
        },
        "CLIENT_GROUP_ID": {
          "datatype": "nstring",
          "expression": "CLIENT_GROUP_ID"
        },
        "CLIENT_GROUP_ID_out": {
          "datatype": "nstring",
          "expression": ":LKP.lkp_values(CLIENT_GROUP_ID,'CLIENT_GROUP_ID')"
        }
      }
    },
    {
      "name": "fltr_as_reqrd",
      "type": "Filter",
      "properties": {
        "Id": {
          "datatype": "string",
          "expression": ""
        },
        "Name": {
          "datatype": "nstring",
          "expression": ""
        },
        "LastModifiedDate": {
          "datatype": "string",
          "expression": ""
        },
        "Legal_Name__c": {
          "datatype": "nstring",
          "expression": ""
        },
        "Status__c": {
          "datatype": "string",
          "expression": ""
        },
        "Type": {
          "datatype": "string",
          "expression": ""
        },
        "Org_Tax_ID_Number__c": {
          "datatype": "string",
          "expression": ""
        },
        "Inactivated_Date__c": {
          "datatype": "string",
          "expression": ""
        },
        "CreatedByAlias": {
          "datatype": "string",
          "expression": ""
        },
        "CreatedDate": {
          "datatype": "string",
          "expression": ""
        },
        "Corporate_Structure__c": {
          "datatype": "string",
          "expression": ""
        },
        "LastModifiedByAlias": {
          "datatype": "string",
          "expression": ""
        },
        "Organization_Direct__c": {
          "datatype": "string",
          "expression": ""
        },
        "RecordTypeName": {
          "datatype": "string",
          "expression": ""
        },
        "Source_System_Name": {
          "datatype": "string",
          "expression": ""
        },
        "Entitiy_Name_DORIS_SOFI__c": {
          "datatype": "nstring",
          "expression": ""
        },
        "GU_ID__c": {
          "datatype": "string",
          "expression": ""
        },
        "CLIENT_GROUP_ID": {
          "datatype": "nstring",
          "expression": ""
        },
        "FILTER_CONDITION": ""
      }
    },
    {
      "name": "EXPTRANS1",
      "type": "Expression",
      "properties": {
        "Id1": {
          "datatype": "string",
          "expression": "Id1"
        },
        "Name1": {
          "datatype": "nstring",
          "expression": "Name1"
        },
        "LastModifiedDate1": {
          "datatype": "string",
          "expression": "LastModifiedDate1"
        },
        "Legal_Name__c1": {
          "datatype": "nstring",
          "expression": "Legal_Name__c1"
        },
        "PARTY_STATUS_ID1": {
          "datatype": "bigint",
          "expression": "PARTY_STATUS_ID1"
        },
        "PARTY_TYPE_ID1": {
          "datatype": "bigint",
          "expression": "PARTY_TYPE_ID1"
        },
        "Org_Tax_ID_Number__c1": {
          "datatype": "string",
          "expression": "Org_Tax_ID_Number__c1"
        },
        "Inactivated_Date__c1": {
          "datatype": "string",
          "expression": "Inactivated_Date__c1"
        },
        "Source_System_Name1": {
          "datatype": "string",
          "expression": "Source_System_Name1"
        },
        "CreatedByAlias1": {
          "datatype": "string",
          "expression": "CreatedByAlias1"
        },
        "CreatedDate1": {
          "datatype": "string",
          "expression": "CreatedDate1"
        },
        "business_structure_type_id1": {
          "datatype": "bigint",
          "expression": "business_structure_type_id1"
        },
        "LastModifiedByAlias1": {
          "datatype": "string",
          "expression": "LastModifiedByAlias1"
        },
        "MAPPING_NAME1": {
          "datatype": "string",
          "expression": "MAPPING_NAME1"
        },
        "party_inctvtn_rsn_type_id1": {
          "datatype": "bigint",
          "expression": "party_inctvtn_rsn_type_id1"
        },
        "DEFERRED_OWNERSHIP_IND_OUT": {
          "datatype": "nstring",
          "expression": "'Y'"
        },
        "O_Matched_Rowid_Object1": {
          "datatype": "string",
          "expression": "O_Matched_Rowid_Object1"
        },
        "CLIENT_GROUP_ID": {
          "datatype": "nstring",
          "expression": "CLIENT_GROUP_ID"
        }
      }
    },
    {
      "name": "LKP_c_party_check_rowid_object",
      "type": "Lookup Procedure",
      "properties": {
        "ROWID_OBJECT": {
          "datatype": "nstring",
          "expression": ""
        },
        "IN_ROWID_OBJECT": {
          "datatype": "nstring",
          "expression": ""
        }
      }
    }
  ],
  "connections": [
    {
      "from_instance": "EXPTRANS1",
      "from_field": "Id1",
      "to_instance": "TODAY_PARTY_XFORM_NONSFDC",
      "to_field": "source_party_id"
    },
    {
      "from_instance": "EXPTRANS1",
      "from_field": "Name1",
      "to_instance": "TODAY_PARTY_XFORM_NONSFDC",
      "to_field": "org_name"
    },
    {
      "from_instance": "EXPTRANS1",
      "from_field": "LastModifiedDate1",
      "to_instance": "TODAY_PARTY_XFORM_NONSFDC",
      "to_field": "last_updated_date"
    },
    {
      "from_instance": "EXPTRANS1",
      "from_field": "Legal_Name__c1",
      "to_instance": "TODAY_PARTY_XFORM_NONSFDC",
      "to_field": "org_legal_name"
    },
    {
      "from_instance": "EXPTRANS1",
      "from_field": "PARTY_STATUS_ID1",
      "to_instance": "TODAY_PARTY_XFORM_NONSFDC",
      "to_field": "party_status_id"
    },
    {
      "from_instance": "EXPTRANS1",
      "from_field": "LastModifiedByAlias1",
      "to_instance": "TODAY_PARTY_XFORM_NONSFDC",
      "to_field": "last_updated_by"
    },
    {
      "from_instance": "EXPTRANS1",
      "from_field": "MAPPING_NAME1",
      "to_instance": "TODAY_PARTY_XFORM_NONSFDC",
      "to_field": "MAPPING_NAME"
    },
    {
      "from_instance": "EXPTRANS1",
      "from_field": "party_inctvtn_rsn_type_id1",
      "to_instance": "TODAY_PARTY_XFORM_NONSFDC",
      "to_field": "party_inctvtn_rsn_type_id"
    },
    {
      "from_instance": "EXPTRANS1",
      "from_field": "DEFERRED_OWNERSHIP_IND_OUT",
      "to_instance": "TODAY_PARTY_XFORM_NONSFDC",
      "to_field": "DEFERRED_OWNERSHIP_IND"
    },
    {
      "from_instance": "EXPTRANS1",
      "from_field": "PARTY_TYPE_ID1",
      "to_instance": "TODAY_PARTY_XFORM_NONSFDC",
      "to_field": "party_type_id"
    },
    {
      "from_instance": "EXPTRANS1",
      "from_field": "Inactivated_Date__c1",
      "to_instance": "TODAY_PARTY_XFORM_NONSFDC",
      "to_field": "party_inactivation_date"
    },
    {
      "from_instance": "EXPTRANS1",
      "from_field": "Source_System_Name1",
      "to_instance": "TODAY_PARTY_XFORM_NONSFDC",
      "to_field": "source_system"
    },
    {
      "from_instance": "EXPTRANS1",
      "from_field": "CreatedByAlias1",
      "to_instance": "TODAY_PARTY_XFORM_NONSFDC",
      "to_field": "created_by"
    },
    {
      "from_instance": "EXPTRANS1",
      "from_field": "CreatedDate1",
      "to_instance": "TODAY_PARTY_XFORM_NONSFDC",
      "to_field": "created_date"
    },
    {
      "from_instance": "EXPTRANS1",
      "from_field": "business_structure_type_id1",
      "to_instance": "TODAY_PARTY_XFORM_NONSFDC",
      "to_field": "org_business_structure_type_id"
    },
    {
      "from_instance": "EXPTRANS1",
      "from_field": "O_Matched_Rowid_Object1",
      "to_instance": "TODAY_PARTY_XFORM_NONSFDC",
      "to_field": "MATCHED_ROWID_OBJECT"
    },
    {
      "from_instance": "EXPTRANS1",
      "from_field": "CLIENT_GROUP_ID",
      "to_instance": "TODAY_PARTY_XFORM_NONSFDC",
      "to_field": "CLIENT_GROUP_ID"
    },
    {
      "from_instance": "EXPTRANS",
      "from_field": "business_structure_type_id3",
      "to_instance": "TODAY_PARTY_XFORM_SFDC",
      "to_field": "org_business_structure_type_id"
    },
    {
      "from_instance": "EXPTRANS",
      "from_field": "CreatedDate3",
      "to_instance": "TODAY_PARTY_XFORM_SFDC",
      "to_field": "created_date"
    },
    {
      "from_instance": "EXPTRANS",
      "from_field": "CreatedByAlias3",
      "to_instance": "TODAY_PARTY_XFORM_SFDC",
      "to_field": "created_by"
    },
    {
      "from_instance": "EXPTRANS",
      "from_field": "Source_System_Name3",
      "to_instance": "TODAY_PARTY_XFORM_SFDC",
      "to_field": "source_system"
    },
    {
      "from_instance": "EXPTRANS",
      "from_field": "Inactivated_Date__c3",
      "to_instance": "TODAY_PARTY_XFORM_SFDC",
      "to_field": "party_inactivation_date"
    },
    {
      "from_instance": "EXPTRANS",
      "from_field": "PARTY_TYPE_ID3",
      "to_instance": "TODAY_PARTY_XFORM_SFDC",
      "to_field": "party_type_id"
    },
    {
      "from_instance": "EXPTRANS",
      "from_field": "PARTY_STATUS_ID3",
      "to_instance": "TODAY_PARTY_XFORM_SFDC",
      "to_field": "party_status_id"
    },
    {
      "from_instance": "EXPTRANS",
      "from_field": "Legal_Name__c3",
      "to_instance": "TODAY_PARTY_XFORM_SFDC",
      "to_field": "org_legal_name"
    },
    {
      "from_instance": "EXPTRANS",
      "from_field": "LastModifiedDate3",
      "to_instance": "TODAY_PARTY_XFORM_SFDC",
      "to_field": "last_updated_date"
    },
    {
      "from_instance": "EXPTRANS",
      "from_field": "Name3",
      "to_instance": "TODAY_PARTY_XFORM_SFDC",
      "to_field": "org_name"
    },
    {
      "from_instance": "EXPTRANS",
      "from_field": "Id3",
      "to_instance": "TODAY_PARTY_XFORM_SFDC",
      "to_field": "source_party_id"
    },
    {
      "from_instance": "EXPTRANS",
      "from_field": "Org_Tax_ID_Number__c3",
      "to_instance": "TODAY_PARTY_XFORM_SFDC",
      "to_field": "party_tax_id"
    },
    {
      "from_instance": "EXPTRANS",
      "from_field": "O_Matched_Rowid_Object3",
      "to_instance": "TODAY_PARTY_XFORM_SFDC",
      "to_field": "MATCHED_ROWID_OBJECT"
    },
    {
      "from_instance": "EXPTRANS",
      "from_field": "DEFERRED_OWNERSHIP_IND_OUT",
      "to_instance": "TODAY_PARTY_XFORM_SFDC",
      "to_field": "DEFERRED_OWNERSHIP_IND"
    },
    {
      "from_instance": "EXPTRANS",
      "from_field": "party_inctvtn_rsn_type_id3",
      "to_instance": "TODAY_PARTY_XFORM_SFDC",
      "to_field": "party_inctvtn_rsn_type_id"
    },
    {
      "from_instance": "EXPTRANS",
      "from_field": "MAPPING_NAME3",
      "to_instance": "TODAY_PARTY_XFORM_SFDC",
      "to_field": "MAPPING_NAME"
    },
    {
      "from_instance": "EXPTRANS",
      "from_field": "LastModifiedByAlias3",
      "to_instance": "TODAY_PARTY_XFORM_SFDC",
      "to_field": "last_updated_by"
    },
    {
      "from_instance": "EXPTRANS",
      "from_field": "CLIENT_GROUP_ID",
      "to_instance": "TODAY_PARTY_XFORM_SFDC",
      "to_field": "CLIENT_GROUP_ID"
    },
    {
      "from_instance": "pre_land_sfdc_organization",
      "from_field": "Organization_ID__c",
      "to_instance": "SQ_pre_land_sfdc_organization",
      "to_field": "Organization_ID__c"
    },
    {
      "from_instance": "pre_land_sfdc_organization",
      "from_field": "BillingStreet",
      "to_instance": "SQ_pre_land_sfdc_organization",
      "to_field": "BillingStreet"
    },
    {
      "from_instance": "pre_land_sfdc_organization",
      "from_field": "BillingCity",
      "to_instance": "SQ_pre_land_sfdc_organization",
      "to_field": "BillingCity"
    },
    {
      "from_instance": "pre_land_sfdc_organization",
      "from_field": "BillingState",
      "to_instance": "SQ_pre_land_sfdc_organization",
      "to_field": "BillingState"
    },
    {
      "from_instance": "pre_land_sfdc_organization",
      "from_field": "Entitiy_Name_DORIS_SOFI__c",
      "to_instance": "SQ_pre_land_sfdc_organization",
      "to_field": "Entitiy_Name_DORIS_SOFI__c"
    },
    {
      "from_instance": "pre_land_sfdc_organization",
      "from_field": "SEC__c",
      "to_instance": "SQ_pre_land_sfdc_organization",
      "to_field": "SEC__c"
    },
    {
      "from_instance": "pre_land_sfdc_organization",
      "from_field": "ShippingStreet",
      "to_instance": "SQ_pre_land_sfdc_organization",
      "to_field": "ShippingStreet"
    },
    {
      "from_instance": "pre_land_sfdc_organization",
      "from_field": "ShippingCity",
      "to_instance": "SQ_pre_land_sfdc_organization",
      "to_field": "ShippingCity"
    },
    {
      "from_instance": "pre_land_sfdc_organization",
      "from_field": "ShippingState",
      "to_instance": "SQ_pre_land_sfdc_organization",
      "to_field": "ShippingState"
    },
    {
      "from_instance": "pre_land_sfdc_organization",
      "from_field": "ShippingPostalCode",
      "to_instance": "SQ_pre_land_sfdc_organization",
      "to_field": "ShippingPostalCode"
    },
    {
      "from_instance": "pre_land_sfdc_organization",
      "from_field": "ShippingCountry",
      "to_instance": "SQ_pre_land_sfdc_organization",
      "to_field": "ShippingCountry"
    },
    {
      "from_instance": "pre_land_sfdc_organization",
      "from_field": "Organization_Direct__c",
      "to_instance": "SQ_pre_land_sfdc_organization",
      "to_field": "Organization_Direct__c"
    },
    {
      "from_instance": "pre_land_sfdc_organization",
      "from_field": "Name",
      "to_instance": "SQ_pre_land_sfdc_organization",
      "to_field": "Name"
    },
    {
      "from_instance": "pre_land_sfdc_organization",
      "from_field": "Marketing_Email_Restriction__c",
      "to_instance": "SQ_pre_land_sfdc_organization",
      "to_field": "Marketing_Email_Restriction__c"
    },
    {
      "from_instance": "pre_land_sfdc_organization",
      "from_field": "BillingPostalCode",
      "to_instance": "SQ_pre_land_sfdc_organization",
      "to_field": "BillingPostalCode"
    },
    {
      "from_instance": "pre_land_sfdc_organization",
      "from_field": "BillingCountry",
      "to_instance": "SQ_pre_land_sfdc_organization",
      "to_field": "BillingCountry"
    },
    {
      "from_instance": "pre_land_sfdc_organization",
      "from_field": "IsDeleted",
      "to_instance": "SQ_pre_land_sfdc_organization",
      "to_field": "IsDeleted"
    },
    {
      "from_instance": "pre_land_sfdc_organization",
      "from_field": "CreatedByAlias",
      "to_instance": "SQ_pre_land_sfdc_organization",
      "to_field": "CreatedByAlias"
    },
    {
      "from_instance": "pre_land_sfdc_organization",
      "from_field": "CreatedDate",
      "to_instance": "SQ_pre_land_sfdc_organization",
      "to_field": "CreatedDate"
    },
    {
      "from_instance": "pre_land_sfdc_organization",
      "from_field": "Website",
      "to_instance": "SQ_pre_land_sfdc_organization",
      "to_field": "Website"
    },
    {
      "from_instance": "pre_land_sfdc_organization",
      "from_field": "LastModifiedByAlias",
      "to_instance": "SQ_pre_land_sfdc_organization",
      "to_field": "LastModifiedByAlias"
    },
    {
      "from_instance": "pre_land_sfdc_organization",
      "from_field": "Primary_Address_Type__c",
      "to_instance": "SQ_pre_land_sfdc_organization",
      "to_field": "Primary_Address_Type__c"
    },
    {
      "from_instance": "pre_land_sfdc_organization",
      "from_field": "Fax",
      "to_instance": "SQ_pre_land_sfdc_organization",
      "to_field": "Fax"
    },
    {
      "from_instance": "pre_land_sfdc_organization",
      "from_field": "LastModifiedDate",
      "to_instance": "SQ_pre_land_sfdc_organization",
      "to_field": "LastModifiedDate"
    },
    {
      "from_instance": "pre_land_sfdc_organization",
      "from_field": "GU_ID__c",
      "to_instance": "SQ_pre_land_sfdc_organization",
      "to_field": "GU_ID__c"
    },
    {
      "from_instance": "pre_land_sfdc_organization",
      "from_field": "Source_System_Name",
      "to_instance": "SQ_pre_land_sfdc_organization",
      "to_field": "Source_System_Name"
    },
    {
      "from_instance": "pre_land_sfdc_organization",
      "from_field": "Secondary_Address_Type__c",
      "to_instance": "SQ_pre_land_sfdc_organization",
      "to_field": "Secondary_Address_Type__c"
    },
    {
      "from_instance": "pre_land_sfdc_organization",
      "from_field": "Location_Type__c",
      "to_instance": "SQ_pre_land_sfdc_organization",
      "to_field": "Location_Type__c"
    },
    {
      "from_instance": "pre_land_sfdc_organization",
      "from_field": "Legal_Name__c",
      "to_instance": "SQ_pre_land_sfdc_organization",
      "to_field": "Legal_Name__c"
    },
    {
      "from_instance": "pre_land_sfdc_organization",
      "from_field": "Advisory_Other_Reason_Code_Details__c",
      "to_instance": "SQ_pre_land_sfdc_organization",
      "to_field": "Advisory_Other_Reason_Code_Details__c"
    },
    {
      "from_instance": "pre_land_sfdc_organization",
      "from_field": "Advisory_Reason_Code__c",
      "to_instance": "SQ_pre_land_sfdc_organization",
      "to_field": "Advisory_Reason_Code__c"
    },
    {
      "from_instance": "pre_land_sfdc_organization",
      "from_field": "Advisory_Reason_Code_Clarification__c",
      "to_instance": "SQ_pre_land_sfdc_organization",
      "to_field": "Advisory_Reason_Code_Clarification__c"
    },
    {
      "from_instance": "pre_land_sfdc_organization",
      "from_field": "Advisory_Segmentation__c",
      "to_instance": "SQ_pre_land_sfdc_organization",
      "to_field": "Advisory_Segmentation__c"
    },
    {
      "from_instance": "pre_land_sfdc_organization",
      "from_field": "Segmentation__c",
      "to_instance": "SQ_pre_land_sfdc_organization",
      "to_field": "Segmentation__c"
    },
    {
      "from_instance": "pre_land_sfdc_organization",
      "from_field": "channel__c",
      "to_instance": "SQ_pre_land_sfdc_organization",
      "to_field": "channel__c"
    },
    {
      "from_instance": "pre_land_sfdc_organization",
      "from_field": "Id",
      "to_instance": "SQ_pre_land_sfdc_organization",
      "to_field": "Id"
    },
    {
      "from_instance": "pre_land_sfdc_organization",
      "from_field": "ParentId",
      "to_instance": "SQ_pre_land_sfdc_organization",
      "to_field": "ParentId"
    },
    {
      "from_instance": "pre_land_sfdc_organization",
      "from_field": "Corporate_Structure__c",
      "to_instance": "SQ_pre_land_sfdc_organization",
      "to_field": "Corporate_Structure__c"
    },
    {
      "from_instance": "pre_land_sfdc_organization",
      "from_field": "Inactivated_Date__c",
      "to_instance": "SQ_pre_land_sfdc_organization",
      "to_field": "Inactivated_Date__c"
    },
    {
      "from_instance": "pre_land_sfdc_organization",
      "from_field": "Org_Tax_ID_Number__c",
      "to_instance": "SQ_pre_land_sfdc_organization",
      "to_field": "Org_Tax_ID_Number__c"
    },
    {
      "from_instance": "pre_land_sfdc_organization",
      "from_field": "Phone",
      "to_instance": "SQ_pre_land_sfdc_organization",
      "to_field": "Phone"
    },
    {
      "from_instance": "pre_land_sfdc_organization",
      "from_field": "Tier__c",
      "to_instance": "SQ_pre_land_sfdc_organization",
      "to_field": "Tier__c"
    },
    {
      "from_instance": "pre_land_sfdc_organization",
      "from_field": "Status__c",
      "to_instance": "SQ_pre_land_sfdc_organization",
      "to_field": "Status__c"
    },
    {
      "from_instance": "pre_land_sfdc_organization",
      "from_field": "RecordTypeName",
      "to_instance": "SQ_pre_land_sfdc_organization",
      "to_field": "RecordTypeName"
    },
    {
      "from_instance": "pre_land_sfdc_organization",
      "from_field": "CRD__c",
      "to_instance": "SQ_pre_land_sfdc_organization",
      "to_field": "CRD__c"
    },
    {
      "from_instance": "pre_land_sfdc_organization",
      "from_field": "Registration_Type__c",
      "to_instance": "SQ_pre_land_sfdc_organization",
      "to_field": "Registration_Type__c"
    },
    {
      "from_instance": "pre_land_sfdc_organization",
      "from_field": "Primary_CG_Org_Owner__c",
      "to_instance": "SQ_pre_land_sfdc_organization",
      "to_field": "Primary_CG_Org_Owner__c"
    },
    {
      "from_instance": "pre_land_sfdc_organization",
      "from_field": "Primary_CG_Org_Owner__r_alias",
      "to_instance": "SQ_pre_land_sfdc_organization",
      "to_field": "Primary_CG_Org_Owner__r_alias"
    },
    {
      "from_instance": "pre_land_sfdc_organization",
      "from_field": "Primary_CG_Org_Owner__r_Associate_ID__c",
      "to_instance": "SQ_pre_land_sfdc_organization",
      "to_field": "Primary_CG_Org_Owner__r_Associate_ID__c"
    },
    {
      "from_instance": "pre_land_sfdc_organization",
      "from_field": "Primary_Channel__c",
      "to_instance": "SQ_pre_land_sfdc_organization",
      "to_field": "Primary_Channel__c"
    },
    {
      "from_instance": "pre_land_sfdc_organization",
      "from_field": "Type",
      "to_instance": "SQ_pre_land_sfdc_organization",
      "to_field": "Type"
    },
    {
      "from_instance": "pre_land_sfdc_organization",
      "from_field": "Entitiy_Name_DORIS_SOFI__c",
      "to_instance": "SQ_pre_land_sfdc_organization",
      "to_field": "CLIENT_GROUP_ID"
    },
    {
      "from_instance": "exp_transformation",
      "from_field": "PARTY_TYPE_ID",
      "to_instance": "RTRTRANS",
      "to_field": "PARTY_TYPE_ID"
    },
    {
      "from_instance": "exp_transformation",
      "from_field": "Organization_Direct__c_out",
      "to_instance": "RTRTRANS",
      "to_field": "Organization_Direct__c"
    },
    {
      "from_instance": "exp_transformation",
      "from_field": "RecordTypeName",
      "to_instance": "RTRTRANS",
      "to_field": "RecordTypeName"
    },
    {
      "from_instance": "exp_transformation",
      "from_field": "LastModifiedDate",
      "to_instance": "RTRTRANS",
      "to_field": "LastModifiedDate"
    },
    {
      "from_instance": "exp_transformation",
      "from_field": "Legal_Name__c",
      "to_instance": "RTRTRANS",
      "to_field": "Legal_Name__c"
    },
    {
      "from_instance": "exp_transformation",
      "from_field": "PARTY_STATUS_ID",
      "to_instance": "RTRTRANS",
      "to_field": "PARTY_STATUS_ID"
    },
    {
      "from_instance": "exp_transformation",
      "from_field": "Id_Out",
      "to_instance": "RTRTRANS",
      "to_field": "Id"
    },
    {
      "from_instance": "exp_transformation",
      "from_field": "Inactivated_Date__c",
      "to_instance": "RTRTRANS",
      "to_field": "Inactivated_Date__c"
    },
    {
      "from_instance": "exp_transformation",
      "from_field": "Source_System_Name",
      "to_instance": "RTRTRANS",
      "to_field": "Source_System_Name"
    },
    {
      "from_instance": "exp_transformation",
      "from_field": "CreatedByAlias",
      "to_instance": "RTRTRANS",
      "to_field": "CreatedByAlias"
    },
    {
      "from_instance": "exp_transformation",
      "from_field": "CreatedDate",
      "to_instance": "RTRTRANS",
      "to_field": "CreatedDate"
    },
    {
      "from_instance": "exp_transformation",
      "from_field": "var_Corporate_Structure_2",
      "to_instance": "RTRTRANS",
      "to_field": "business_structure_type_id"
    },
    {
      "from_instance": "exp_transformation",
      "from_field": "LastModifiedByAlias",
      "to_instance": "RTRTRANS",
      "to_field": "LastModifiedByAlias"
    },
    {
      "from_instance": "exp_transformation",
      "from_field": "MAPPING_NAME",
      "to_instance": "RTRTRANS",
      "to_field": "MAPPING_NAME"
    },
    {
      "from_instance": "exp_transformation",
      "from_field": "party_inctvtn_rsn_type_id",
      "to_instance": "RTRTRANS",
      "to_field": "party_inctvtn_rsn_type_id"
    },
    {
      "from_instance": "exp_transformation",
      "from_field": "Name_OUT",
      "to_instance": "RTRTRANS",
      "to_field": "Name"
    },
    {
      "from_instance": "exp_transformation",
      "from_field": "Org_Tax_ID_Number__c",
      "to_instance": "RTRTRANS",
      "to_field": "Org_Tax_ID_Number__c"
    },
    {
      "from_instance": "exp_transformation",
      "from_field": "O_Matched_Rowid_Object",
      "to_instance": "RTRTRANS",
      "to_field": "O_Matched_Rowid_Object"
    },
    {
      "from_instance": "exp_transformation",
      "from_field": "CLIENT_GROUP_ID_out",
      "to_instance": "RTRTRANS",
      "to_field": "CLIENT_GROUP_ID"
    },
    {
      "from_instance": "RTRTRANS",
      "from_field": "Inactivated_Date__c3",
      "to_instance": "EXPTRANS",
      "to_field": "Inactivated_Date__c3"
    },
    {
      "from_instance": "RTRTRANS",
      "from_field": "Source_System_Name3",
      "to_instance": "EXPTRANS",
      "to_field": "Source_System_Name3"
    },
    {
      "from_instance": "RTRTRANS",
      "from_field": "CreatedByAlias3",
      "to_instance": "EXPTRANS",
      "to_field": "CreatedByAlias3"
    },
    {
      "from_instance": "RTRTRANS",
      "from_field": "CreatedDate3",
      "to_instance": "EXPTRANS",
      "to_field": "CreatedDate3"
    },
    {
      "from_instance": "RTRTRANS",
      "from_field": "business_structure_type_id3",
      "to_instance": "EXPTRANS",
      "to_field": "business_structure_type_id3"
    },
    {
      "from_instance": "RTRTRANS",
      "from_field": "LastModifiedByAlias3",
      "to_instance": "EXPTRANS",
      "to_field": "LastModifiedByAlias3"
    },
    {
      "from_instance": "RTRTRANS",
      "from_field": "MAPPING_NAME3",
      "to_instance": "EXPTRANS",
      "to_field": "MAPPING_NAME3"
    },
    {
      "from_instance": "RTRTRANS",
      "from_field": "party_inctvtn_rsn_type_id3",
      "to_instance": "EXPTRANS",
      "to_field": "party_inctvtn_rsn_type_id3"
    },
    {
      "from_instance": "RTRTRANS",
      "from_field": "O_Matched_Rowid_Object3",
      "to_instance": "EXPTRANS",
      "to_field": "O_Matched_Rowid_Object3"
    },
    {
      "from_instance": "RTRTRANS",
      "from_field": "Id3",
      "to_instance": "EXPTRANS",
      "to_field": "Id3"
    },
    {
      "from_instance": "RTRTRANS",
      "from_field": "Name3",
      "to_instance": "EXPTRANS",
      "to_field": "Name3"
    },
    {
      "from_instance": "RTRTRANS",
      "from_field": "LastModifiedDate3",
      "to_instance": "EXPTRANS",
      "to_field": "LastModifiedDate3"
    },
    {
      "from_instance": "RTRTRANS",
      "from_field": "Legal_Name__c3",
      "to_instance": "EXPTRANS",
      "to_field": "Legal_Name__c3"
    },
    {
      "from_instance": "RTRTRANS",
      "from_field": "PARTY_STATUS_ID3",
      "to_instance": "EXPTRANS",
      "to_field": "PARTY_STATUS_ID3"
    },
    {
      "from_instance": "RTRTRANS",
      "from_field": "PARTY_TYPE_ID3",
      "to_instance": "EXPTRANS",
      "to_field": "PARTY_TYPE_ID3"
    },
    {
      "from_instance": "RTRTRANS",
      "from_field": "Org_Tax_ID_Number__c3",
      "to_instance": "EXPTRANS",
      "to_field": "Org_Tax_ID_Number__c3"
    },
    {
      "from_instance": "RTRTRANS",
      "from_field": "CLIENT_GROUP_ID3",
      "to_instance": "EXPTRANS",
      "to_field": "CLIENT_GROUP_ID"
    },
    {
      "from_instance": "RTRTRANS",
      "from_field": "business_structure_type_id1",
      "to_instance": "EXPTRANS1",
      "to_field": "business_structure_type_id1"
    },
    {
      "from_instance": "RTRTRANS",
      "from_field": "LastModifiedByAlias1",
      "to_instance": "EXPTRANS1",
      "to_field": "LastModifiedByAlias1"
    },
    {
      "from_instance": "RTRTRANS",
      "from_field": "MAPPING_NAME1",
      "to_instance": "EXPTRANS1",
      "to_field": "MAPPING_NAME1"
    },
    {
      "from_instance": "RTRTRANS",
      "from_field": "party_inctvtn_rsn_type_id1",
      "to_instance": "EXPTRANS1",
      "to_field": "party_inctvtn_rsn_type_id1"
    },
    {
      "from_instance": "RTRTRANS",
      "from_field": "O_Matched_Rowid_Object1",
      "to_instance": "EXPTRANS1",
      "to_field": "O_Matched_Rowid_Object1"
    },
    {
      "from_instance": "RTRTRANS",
      "from_field": "Id1",
      "to_instance": "EXPTRANS1",
      "to_field": "Id1"
    },
    {
      "from_instance": "RTRTRANS",
      "from_field": "Name1",
      "to_instance": "EXPTRANS1",
      "to_field": "Name1"
    },
    {
      "from_instance": "RTRTRANS",
      "from_field": "LastModifiedDate1",
      "to_instance": "EXPTRANS1",
      "to_field": "LastModifiedDate1"
    },
    {
      "from_instance": "RTRTRANS",
      "from_field": "Legal_Name__c1",
      "to_instance": "EXPTRANS1",
      "to_field": "Legal_Name__c1"
    },
    {
      "from_instance": "RTRTRANS",
      "from_field": "PARTY_STATUS_ID1",
      "to_instance": "EXPTRANS1",
      "to_field": "PARTY_STATUS_ID1"
    },
    {
      "from_instance": "RTRTRANS",
      "from_field": "PARTY_TYPE_ID1",
      "to_instance": "EXPTRANS1",
      "to_field": "PARTY_TYPE_ID1"
    },
    {
      "from_instance": "RTRTRANS",
      "from_field": "Inactivated_Date__c1",
      "to_instance": "EXPTRANS1",
      "to_field": "Inactivated_Date__c1"
    },
    {
      "from_instance": "RTRTRANS",
      "from_field": "Source_System_Name1",
      "to_instance": "EXPTRANS1",
      "to_field": "Source_System_Name1"
    },
    {
      "from_instance": "RTRTRANS",
      "from_field": "CreatedByAlias1",
      "to_instance": "EXPTRANS1",
      "to_field": "CreatedByAlias1"
    },
    {
      "from_instance": "RTRTRANS",
      "from_field": "CreatedDate1",
      "to_instance": "EXPTRANS1",
      "to_field": "CreatedDate1"
    },
    {
      "from_instance": "RTRTRANS",
      "from_field": "CLIENT_GROUP_ID1",
      "to_instance": "EXPTRANS1",
      "to_field": "CLIENT_GROUP_ID"
    },
    {
      "from_instance": "SQ_pre_land_sfdc_organization",
      "from_field": "Id",
      "to_instance": "fltr_as_reqrd",
      "to_field": "Id"
    },
    {
      "from_instance": "SQ_pre_land_sfdc_organization",
      "from_field": "Name",
      "to_instance": "fltr_as_reqrd",
      "to_field": "Name"
    },
    {
      "from_instance": "SQ_pre_land_sfdc_organization",
      "from_field": "Legal_Name__c",
      "to_instance": "fltr_as_reqrd",
      "to_field": "Legal_Name__c"
    },
    {
      "from_instance": "SQ_pre_land_sfdc_organization",
      "from_field": "Status__c",
      "to_instance": "fltr_as_reqrd",
      "to_field": "Status__c"
    },
    {
      "from_instance": "SQ_pre_land_sfdc_organization",
      "from_field": "Type",
      "to_instance": "fltr_as_reqrd",
      "to_field": "Type"
    },
    {
      "from_instance": "SQ_pre_land_sfdc_organization",
      "from_field": "GU_ID__c",
      "to_instance": "fltr_as_reqrd",
      "to_field": "GU_ID__c"
    },
    {
      "from_instance": "SQ_pre_land_sfdc_organization",
      "from_field": "Org_Tax_ID_Number__c",
      "to_instance": "fltr_as_reqrd",
      "to_field": "Org_Tax_ID_Number__c"
    },
    {
      "from_instance": "SQ_pre_land_sfdc_organization",
      "from_field": "Entitiy_Name_DORIS_SOFI__c",
      "to_instance": "fltr_as_reqrd",
      "to_field": "Entitiy_Name_DORIS_SOFI__c"
    },
    {
      "from_instance": "SQ_pre_land_sfdc_organization",
      "from_field": "Inactivated_Date__c",
      "to_instance": "fltr_as_reqrd",
      "to_field": "Inactivated_Date__c"
    },
    {
      "from_instance": "SQ_pre_land_sfdc_organization",
      "from_field": "Source_System_Name",
      "to_instance": "fltr_as_reqrd",
      "to_field": "Source_System_Name"
    },
    {
      "from_instance": "SQ_pre_land_sfdc_organization",
      "from_field": "CreatedDate",
      "to_instance": "fltr_as_reqrd",
      "to_field": "CreatedDate"
    },
    {
      "from_instance": "SQ_pre_land_sfdc_organization",
      "from_field": "LastModifiedDate",
      "to_instance": "fltr_as_reqrd",
      "to_field": "LastModifiedDate"
    },
    {
      "from_instance": "SQ_pre_land_sfdc_organization",
      "from_field": "Corporate_Structure__c",
      "to_instance": "fltr_as_reqrd",
      "to_field": "Corporate_Structure__c"
    },
    {
      "from_instance": "SQ_pre_land_sfdc_organization",
      "from_field": "CreatedByAlias",
      "to_instance": "fltr_as_reqrd",
      "to_field": "CreatedByAlias"
    },
    {
      "from_instance": "SQ_pre_land_sfdc_organization",
      "from_field": "LastModifiedByAlias",
      "to_instance": "fltr_as_reqrd",
      "to_field": "LastModifiedByAlias"
    },
    {
      "from_instance": "SQ_pre_land_sfdc_organization",
      "from_field": "Organization_Direct__c",
      "to_instance": "fltr_as_reqrd",
      "to_field": "Organization_Direct__c"
    },
    {
      "from_instance": "SQ_pre_land_sfdc_organization",
      "from_field": "RecordTypeName",
      "to_instance": "fltr_as_reqrd",
      "to_field": "RecordTypeName"
    },
    {
      "from_instance": "SQ_pre_land_sfdc_organization",
      "from_field": "CLIENT_GROUP_ID",
      "to_instance": "fltr_as_reqrd",
      "to_field": "CLIENT_GROUP_ID"
    },
    {
      "from_instance": "fltr_as_reqrd",
      "from_field": "CLIENT_GROUP_ID",
      "to_instance": "exp_transformation",
      "to_field": "CLIENT_GROUP_ID"
    },
    {
      "from_instance": "fltr_as_reqrd",
      "from_field": "CreatedByAlias",
      "to_instance": "exp_transformation",
      "to_field": "CreatedByAlias"
    },
    {
      "from_instance": "fltr_as_reqrd",
      "from_field": "CreatedDate",
      "to_instance": "exp_transformation",
      "to_field": "CreatedDate"
    },
    {
      "from_instance": "fltr_as_reqrd",
      "from_field": "Id",
      "to_instance": "exp_transformation",
      "to_field": "Id"
    },
    {
      "from_instance": "fltr_as_reqrd",
      "from_field": "Corporate_Structure__c",
      "to_instance": "exp_transformation",
      "to_field": "Corporate_Structure__c"
    },
    {
      "from_instance": "fltr_as_reqrd",
      "from_field": "LastModifiedByAlias",
      "to_instance": "exp_transformation",
      "to_field": "LastModifiedByAlias"
    },
    {
      "from_instance": "fltr_as_reqrd",
      "from_field": "Organization_Direct__c",
      "to_instance": "exp_transformation",
      "to_field": "Organization_Direct__c"
    },
    {
      "from_instance": "fltr_as_reqrd",
      "from_field": "RecordTypeName",
      "to_instance": "exp_transformation",
      "to_field": "RecordTypeName"
    },
    {
      "from_instance": "fltr_as_reqrd",
      "from_field": "Entitiy_Name_DORIS_SOFI__c",
      "to_instance": "exp_transformation",
      "to_field": "Entitiy_Name_DORIS_SOFI__c"
    },
    {
      "from_instance": "fltr_as_reqrd",
      "from_field": "Source_System_Name",
      "to_instance": "exp_transformation",
      "to_field": "Source_System_Name"
    },
    {
      "from_instance": "fltr_as_reqrd",
      "from_field": "Name",
      "to_instance": "exp_transformation",
      "to_field": "Name"
    },
    {
      "from_instance": "fltr_as_reqrd",
      "from_field": "GU_ID__c",
      "to_instance": "exp_transformation",
      "to_field": "GU_ID__c"
    },
    {
      "from_instance": "fltr_as_reqrd",
      "from_field": "LastModifiedDate",
      "to_instance": "exp_transformation",
      "to_field": "LastModifiedDate"
    },
    {
      "from_instance": "fltr_as_reqrd",
      "from_field": "Legal_Name__c",
      "to_instance": "exp_transformation",
      "to_field": "Legal_Name__c"
    },
    {
      "from_instance": "fltr_as_reqrd",
      "from_field": "Status__c",
      "to_instance": "exp_transformation",
      "to_field": "Status__c"
    },
    {
      "from_instance": "fltr_as_reqrd",
      "from_field": "Type",
      "to_instance": "exp_transformation",
      "to_field": "Type"
    },
    {
      "from_instance": "fltr_as_reqrd",
      "from_field": "Org_Tax_ID_Number__c",
      "to_instance": "exp_transformation",
      "to_field": "Org_Tax_ID_Number__c"
    },
    {
      "from_instance": "fltr_as_reqrd",
      "from_field": "Inactivated_Date__c",
      "to_instance": "exp_transformation",
      "to_field": "Inactivated_Date__c"
    }
  ],
  "mappings": [
    {
      "name": "m_landing_sfdc_to_cdm_organization_party",
      "instances": [
        {
          "name": "TODAY_PARTY_XFORM_NONSFDC",
          "type": "TARGET",
          "transformation": ""
        },
        {
          "name": "TODAY_PARTY_XFORM_SFDC",
          "type": "TARGET",
          "transformation": ""
        },
        {
          "name": "pre_land_sfdc_organization",
          "type": "SOURCE",
          "transformation": ""
        },
        {
          "name": "RTRTRANS",
          "type": "TRANSFORMATION",
          "transformation": ""
        },
        {
          "name": "LKP_c_party_chk_orig_rowid_object",
          "type": "TRANSFORMATION",
          "transformation": ""
        },
        {
          "name": "EXPTRANS",
          "type": "TRANSFORMATION",
          "transformation": ""
        },
        {
          "name": "LKP_c_party_pkey_check",
          "type": "TRANSFORMATION",
          "transformation": ""
        },
        {
          "name": "lkp_values",
          "type": "TRANSFORMATION",
          "transformation": ""
        },
        {
          "name": "SP_LKP_LOAD_TOTAL_ERROR_INFO",
          "type": "TRANSFORMATION",
          "transformation": ""
        },
        {
          "name": "SQ_pre_land_sfdc_organization",
          "type": "TRANSFORMATION",
          "transformation": ""
        },
        {
          "name": "exp_transformation",
          "type": "TRANSFORMATION",
          "transformation": ""
        },
        {
          "name": "fltr_as_reqrd",
          "type": "TRANSFORMATION",
          "transformation": ""
        },
        {
          "name": "EXPTRANS1",
          "type": "TRANSFORMATION",
          "transformation": ""
        },
        {
          "name": "LKP_c_party_check_rowid_object",
          "type": "TRANSFORMATION",
          "transformation": ""
        }
      ]
    }
  ]
}