{
  "mapping_name": "wf_landing_sfdc_to_cdm_contact_party_mechanism",
  "sources": [
    {
      "name": "pre_land_sfdc_contact",
      "type": "",
      "columns": [
        {
          "name": "Id",
          "datatype": "nvarchar",
          "precision": "18",
          "scale": "0"
        },
        {
          "name": "IsDeleted",
          "datatype": "nvarchar",
          "precision": "10",
          "scale": "0"
        },
        {
          "name": "AccountId",
          "datatype": "nvarchar",
          "precision": "18",
          "scale": "0"
        },
        {
          "name": "LastName",
          "datatype": "nvarchar",
          "precision": "80",
          "scale": "0"
        },
        {
          "name": "FirstName",
          "datatype": "nvarchar",
          "precision": "40",
          "scale": "0"
        },
        {
          "name": "Salutation",
          "datatype": "nvarchar",
          "precision": "40",
          "scale": "0"
        },
        {
          "name": "Name",
          "datatype": "nvarchar",
          "precision": "121",
          "scale": "0"
        },
        {
          "name": "RecordTypeId",
          "datatype": "nvarchar",
          "precision": "18",
          "scale": "0"
        },
        {
          "name": "OtherStreet",
          "datatype": "nvarchar",
          "precision": "255",
          "scale": "0"
        },
        {
          "name": "OtherCity",
          "datatype": "nvarchar",
          "precision": "40",
          "scale": "0"
        },
        {
          "name": "OtherState",
          "datatype": "nvarchar",
          "precision": "80",
          "scale": "0"
        },
        {
          "name": "OtherPostalCode",
          "datatype": "nvarchar",
          "precision": "20",
          "scale": "0"
        },
        {
          "name": "OtherCountry",
          "datatype": "nvarchar",
          "precision": "80",
          "scale": "0"
        },
        {
          "name": "MailingStreet",
          "datatype": "nvarchar",
          "precision": "255",
          "scale": "0"
        },
        {
          "name": "MailingCity",
          "datatype": "nvarchar",
          "precision": "40",
          "scale": "0"
        },
        {
          "name": "MailingState",
          "datatype": "nvarchar",
          "precision": "80",
          "scale": "0"
        },
        {
          "name": "MailingPostalCode",
          "datatype": "nvarchar",
          "precision": "20",
          "scale": "0"
        },
        {
          "name": "MailingCountry",
          "datatype": "nvarchar",
          "precision": "80",
          "scale": "0"
        },
        {
          "name": "Phone",
          "datatype": "nvarchar",
          "precision": "40",
          "scale": "0"
        },
        {
          "name": "Fax",
          "datatype": "nvarchar",
          "precision": "40",
          "scale": "0"
        },
        {
          "name": "Email",
          "datatype": "nvarchar",
          "precision": "80",
          "scale": "0"
        },
        {
          "name": "CreatedDate",
          "datatype": "nvarchar",
          "precision": "29",
          "scale": "0"
        },
        {
          "name": "CreatedById",
          "datatype": "nvarchar",
          "precision": "18",
          "scale": "0"
        },
        {
          "name": "LastModifiedDate",
          "datatype": "nvarchar",
          "precision": "29",
          "scale": "0"
        },
        {
          "name": "LastModifiedById",
          "datatype": "nvarchar",
          "precision": "18",
          "scale": "0"
        },
        {
          "name": "Contact_Mktg_Email_Restriction__c",
          "datatype": "nvarchar",
          "precision": "255",
          "scale": "0"
        },
        {
          "name": "Contact_Role__c",
          "datatype": "nvarchar",
          "precision": "255",
          "scale": "0"
        },
        {
          "name": "Direct__c",
          "datatype": "nvarchar",
          "precision": "1300",
          "scale": "0"
        },
        {
          "name": "Nickname__c",
          "datatype": "nvarchar",
          "precision": "50",
          "scale": "0"
        },
        {
          "name": "Office_ID__c",
          "datatype": "nvarchar",
          "precision": "1300",
          "scale": "0"
        },
        {
          "name": "RP_Classification__c",
          "datatype": "nvarchar",
          "precision": "15",
          "scale": "0"
        },
        {
          "name": "RP_Segment__c",
          "datatype": "nvarchar",
          "precision": "255",
          "scale": "0"
        },
        {
          "name": "Sequence_N__c",
          "datatype": "nvarchar",
          "precision": "30",
          "scale": "0"
        },
        {
          "name": "Status__c",
          "datatype": "nvarchar",
          "precision": "255",
          "scale": "0"
        },
        {
          "name": "Type__c",
          "datatype": "nvarchar",
          "precision": "255",
          "scale": "0"
        },
        {
          "name": "RP_Specialist__c",
          "datatype": "nvarchar",
          "precision": "10",
          "scale": "0"
        },
        {
          "name": "Email_Pref_OAG__c",
          "datatype": "nvarchar",
          "precision": "10",
          "scale": "0"
        },
        {
          "name": "Extension__c",
          "datatype": "nvarchar",
          "precision": "20",
          "scale": "0"
        },
        {
          "name": "Middle_Initial__c",
          "datatype": "nvarchar",
          "precision": "20",
          "scale": "0"
        },
        {
          "name": "Organization_Type__c",
          "datatype": "nvarchar",
          "precision": "1300",
          "scale": "0"
        },
        {
          "name": "Role_Status__c",
          "datatype": "nvarchar",
          "precision": "255",
          "scale": "0"
        },
        {
          "name": "Retail_Segmentation__c",
          "datatype": "nvarchar",
          "precision": "255",
          "scale": "0"
        },
        {
          "name": "HNW_Segmentation__c",
          "datatype": "nvarchar",
          "precision": "255",
          "scale": "0"
        },
        {
          "name": "Other_Reason_Code_Details__c",
          "datatype": "nvarchar",
          "precision": "255",
          "scale": "0"
        },
        {
          "name": "Reason_Code_Clarification__c",
          "datatype": "nvarchar",
          "precision": "255",
          "scale": "0"
        },
        {
          "name": "Reason_Code__c",
          "datatype": "nvarchar",
          "precision": "255",
          "scale": "0"
        },
        {
          "name": "RecordtypeName",
          "datatype": "nvarchar",
          "precision": "80",
          "scale": "0"
        },
        {
          "name": "CDM_GUID",
          "datatype": "nvarchar",
          "precision": "100",
          "scale": "0"
        },
        {
          "name": "SOURCE_SYSTEM_NAME",
          "datatype": "nvarchar",
          "precision": "20",
          "scale": "0"
        },
        {
          "name": "Rep_CRD__c",
          "datatype": "nvarchar",
          "precision": "15",
          "scale": "0"
        },
        {
          "name": "Createdby_Alias",
          "datatype": "nvarchar",
          "precision": "8",
          "scale": "0"
        },
        {
          "name": "Lastmodifiedby_Alias",
          "datatype": "nvarchar",
          "precision": "8",
          "scale": "0"
        },
        {
          "name": "Primary_Address_Type__c",
          "datatype": "nvarchar",
          "precision": "255",
          "scale": "0"
        },
        {
          "name": "Secondary_Address_Type__c",
          "datatype": "nvarchar",
          "precision": "255",
          "scale": "0"
        },
        {
          "name": "Birthdate",
          "datatype": "nvarchar",
          "precision": "29",
          "scale": "0"
        },
        {
          "name": "Hire_Date__c",
          "datatype": "nvarchar",
          "precision": "29",
          "scale": "0"
        },
        {
          "name": "Alternate_Phone__c",
          "datatype": "nvarchar",
          "precision": "40",
          "scale": "0"
        },
        {
          "name": "Alternate_Email__c",
          "datatype": "nvarchar",
          "precision": "80",
          "scale": "0"
        },
        {
          "name": "Dealer_Advisor_Segmentation__c",
          "datatype": "nvarchar",
          "precision": "255",
          "scale": "0"
        },
        {
          "name": "Dealer_Segment__c",
          "datatype": "nvarchar",
          "precision": "15",
          "scale": "0"
        },
        {
          "name": "Advisory_Segmentation__c",
          "datatype": "nvarchar",
          "precision": "255",
          "scale": "0"
        },
        {
          "name": "Advisory_Reason_Code__c",
          "datatype": "nvarchar",
          "precision": "255",
          "scale": "0"
        },
        {
          "name": "Advisory_Reason_Code_Clarification__c",
          "datatype": "nvarchar",
          "precision": "255",
          "scale": "0"
        },
        {
          "name": "Advisory_Other_Reason_Code_Details__c",
          "datatype": "nvarchar",
          "precision": "255",
          "scale": "0"
        },
        {
          "name": "ARL_Contact_Classification__c",
          "datatype": "nvarchar",
          "precision": "255",
          "scale": "0"
        },
        {
          "name": "Ins_Contact_Rating__c",
          "datatype": "nvarchar",
          "precision": "255",
          "scale": "0"
        },
        {
          "name": "Segmentation_1__c",
          "datatype": "nvarchar",
          "precision": "50",
          "scale": "0"
        },
        {
          "name": "Segmentation_2__c",
          "datatype": "nvarchar",
          "precision": "50",
          "scale": "0"
        },
        {
          "name": "Segmentation_3__c",
          "datatype": "nvarchar",
          "precision": "50",
          "scale": "0"
        },
        {
          "name": "Segmentation_4__c",
          "datatype": "nvarchar",
          "precision": "50",
          "scale": "0"
        },
        {
          "name": "CIAM_Prospect_Level__c",
          "datatype": "nvarchar",
          "precision": "255",
          "scale": "0"
        },
        {
          "name": "Insurance_Partner_ID",
          "datatype": "nvarchar",
          "precision": "25",
          "scale": "0"
        },
        {
          "name": "Local_Suffix__c",
          "datatype": "nvarchar",
          "precision": "15",
          "scale": "0"
        },
        {
          "name": "mobilephone",
          "datatype": "nvarchar",
          "precision": "40",
          "scale": "0"
        },
        {
          "name": "linkedin_profile__c",
          "datatype": "nvarchar",
          "precision": "255",
          "scale": "0"
        },
        {
          "name": "suffix__c",
          "datatype": "nvarchar",
          "precision": "29",
          "scale": "0"
        },
        {
          "name": "team_profile__c",
          "datatype": "nvarchar",
          "precision": "5",
          "scale": "0"
        },
        {
          "name": "website__c",
          "datatype": "varchar",
          "precision": "255",
          "scale": "0"
        },
        {
          "name": "Primary_Contact_Role__c",
          "datatype": "varchar",
          "precision": "255",
          "scale": "0"
        },
        {
          "name": "Org_Office_Roles__c",
          "datatype": "varchar",
          "precision": "4099",
          "scale": "0"
        },
        {
          "name": "Parent_Recordtype_Name",
          "datatype": "varchar",
          "precision": "80",
          "scale": "0"
        },
        {
          "name": "Servicing_Email__c",
          "datatype": "varchar",
          "precision": "80",
          "scale": "0"
        },
        {
          "name": "Servicing_Phone__c",
          "datatype": "varchar",
          "precision": "80",
          "scale": "0"
        },
        {
          "name": "Professional_Credentials__c",
          "datatype": "varchar",
          "precision": "255",
          "scale": "0"
        },
        {
          "name": "Role_Status_primary_office__c",
          "datatype": "varchar",
          "precision": "100",
          "scale": "0"
        }
      ]
    }
  ],
  "targets": [
    {
      "name": "TODAY_PARTY_CNTCT_MCHSM_XFORM",
      "type": "",
      "columns": [
        {
          "name": "SRC_ROWID",
          "datatype": "bigint",
          "precision": "19",
          "scale": "0"
        },
        {
          "name": "PARTY_ROLE_TYPE_ID",
          "datatype": "bigint",
          "precision": "19",
          "scale": "0"
        },
        {
          "name": "PRIMARY_INDICATOR",
          "datatype": "nchar",
          "precision": "1",
          "scale": "0"
        },
        {
          "name": "LAST_UPDATED_DATE",
          "datatype": "nvarchar",
          "precision": "23",
          "scale": "0"
        },
        {
          "name": "PHONE_COUNTRY_CODE_ID",
          "datatype": "bigint",
          "precision": "19",
          "scale": "0"
        },
        {
          "name": "SOURCE_SYSTEM",
          "datatype": "nvarchar",
          "precision": "50",
          "scale": "0"
        },
        {
          "name": "CREATED_BY",
          "datatype": "nvarchar",
          "precision": "50",
          "scale": "0"
        },
        {
          "name": "CREATED_DATE",
          "datatype": "nvarchar",
          "precision": "23",
          "scale": "0"
        },
        {
          "name": "CNTCT_MCHSM_TYPE_ID",
          "datatype": "bigint",
          "precision": "19",
          "scale": "0"
        },
        {
          "name": "LAST_UPDATED_BY",
          "datatype": "nvarchar",
          "precision": "50",
          "scale": "0"
        },
        {
          "name": "DELETED_INDICATOR",
          "datatype": "nchar",
          "precision": "1",
          "scale": "0"
        },
        {
          "name": "SOURCE_CNTCT_MCHSM_ID",
          "datatype": "nvarchar",
          "precision": "255",
          "scale": "0"
        },
        {
          "name": "PURPOSE_ID",
          "datatype": "bigint",
          "precision": "19",
          "scale": "0"
        },
        {
          "name": "CNTCT_MCHSM_VAL",
          "datatype": "nvarchar",
          "precision": "250",
          "scale": "0"
        },
        {
          "name": "SOURCE_PARTY_ID",
          "datatype": "nvarchar",
          "precision": "255",
          "scale": "0"
        },
        {
          "name": "PARENT_SOURCE_SYSTEM",
          "datatype": "nvarchar",
          "precision": "50",
          "scale": "0"
        },
        {
          "name": "PHONE_NUMBER_EXTENSION",
          "datatype": "nvarchar",
          "precision": "15",
          "scale": "0"
        },
        {
          "name": "MAPPING_NAME",
          "datatype": "varchar",
          "precision": "80",
          "scale": "0"
        },
        {
          "name": "DEFERRED_OWNERSHIP_IND",
          "datatype": "nchar",
          "precision": "1",
          "scale": "0"
        },
        {
          "name": "CONTACT_MECHANISM_STATUS_IND",
          "datatype": "nchar",
          "precision": "1",
          "scale": "0"
        }
      ]
    }
  ],
  "transformations": [
    {
      "name": "LKP_PARTY_ROLE_SOFIDORIS",
      "type": "Lookup Procedure",
      "properties": {
        "Role_type_id": {
          "datatype": "integer",
          "expression": ""
        },
        "source_party_id": {
          "datatype": "nstring",
          "expression": ""
        },
        "source_system": {
          "datatype": "nstring",
          "expression": ""
        },
        "In_Source_Party_Id": {
          "datatype": "nstring",
          "expression": ""
        }
      }
    },
    {
      "name": "LKP_PARTY_ROLE_SFDC",
      "type": "Lookup Procedure",
      "properties": {
        "Role_type_id": {
          "datatype": "integer",
          "expression": ""
        },
        "source_party_id": {
          "datatype": "nstring",
          "expression": ""
        },
        "source_system": {
          "datatype": "nstring",
          "expression": ""
        },
        "In_Source_Party_Id": {
          "datatype": "nstring",
          "expression": ""
        }
      }
    },
    {
      "name": "lkp_values",
      "type": "Lookup Procedure",
      "properties": {
        "src_val_in": {
          "datatype": "string",
          "expression": ""
        },
        "attrib_nm_in": {
          "datatype": "string",
          "expression": ""
        },
        "src_sys_nm": {
          "datatype": "string",
          "expression": ""
        },
        "attrib_nm": {
          "datatype": "string",
          "expression": ""
        },
        "src_val": {
          "datatype": "string",
          "expression": ""
        },
        "std_lkup_id": {
          "datatype": "integer",
          "expression": ""
        }
      }
    },
    {
      "name": "SQ_pre_land_sfdc_contact_sfdc",
      "type": "Source Qualifier",
      "properties": {
        "Id": {
          "datatype": "string",
          "expression": ""
        },
        "Email": {
          "datatype": "nstring",
          "expression": ""
        },
        "AccountId": {
          "datatype": "string",
          "expression": ""
        },
        "AccountId1": {
          "datatype": "string",
          "expression": ""
        },
        "CreatedDate": {
          "datatype": "string",
          "expression": ""
        },
        "LastModifiedDate": {
          "datatype": "string",
          "expression": ""
        },
        "Extension__c": {
          "datatype": "string",
          "expression": ""
        },
        "SOURCE_SYSTEM_NAME": {
          "datatype": "string",
          "expression": ""
        },
        "Createdby_Alias": {
          "datatype": "string",
          "expression": ""
        },
        "Lastmodifiedby_Alias": {
          "datatype": "string",
          "expression": ""
        },
        "LastName": {
          "datatype": "string",
          "expression": ""
        },
        "FirstName": {
          "datatype": "string",
          "expression": ""
        },
        "Salutation": {
          "datatype": "string",
          "expression": ""
        },
        "Name": {
          "datatype": "string",
          "expression": ""
        },
        "RecordTypeId": {
          "datatype": "string",
          "expression": ""
        },
        "OtherStreet": {
          "datatype": "string",
          "expression": ""
        },
        "OtherCity": {
          "datatype": "string",
          "expression": ""
        },
        "OtherState": {
          "datatype": "string",
          "expression": ""
        },
        "OtherPostalCode": {
          "datatype": "string",
          "expression": ""
        },
        "OtherCountry": {
          "datatype": "string",
          "expression": ""
        },
        "MailingStreet": {
          "datatype": "string",
          "expression": ""
        },
        "MailingCity": {
          "datatype": "string",
          "expression": ""
        },
        "MailingState": {
          "datatype": "string",
          "expression": ""
        },
        "MailingPostalCode": {
          "datatype": "string",
          "expression": ""
        },
        "MailingCountry": {
          "datatype": "string",
          "expression": ""
        },
        "Phone": {
          "datatype": "string",
          "expression": ""
        },
        "Fax": {
          "datatype": "string",
          "expression": ""
        },
        "CreatedById": {
          "datatype": "string",
          "expression": ""
        },
        "IsDeleted": {
          "datatype": "string",
          "expression": ""
        },
        "LastModifiedById": {
          "datatype": "string",
          "expression": ""
        },
        "Contact_Mktg_Email_Restriction__c": {
          "datatype": "string",
          "expression": ""
        },
        "Contact_Role__c": {
          "datatype": "string",
          "expression": ""
        },
        "Direct__c": {
          "datatype": "string",
          "expression": ""
        },
        "Nickname__c": {
          "datatype": "string",
          "expression": ""
        },
        "Office_ID__c": {
          "datatype": "string",
          "expression": ""
        },
        "RP_Classification__c": {
          "datatype": "string",
          "expression": ""
        },
        "RP_Segment__c": {
          "datatype": "string",
          "expression": ""
        },
        "Sequence_N__c": {
          "datatype": "string",
          "expression": ""
        },
        "Status__c": {
          "datatype": "string",
          "expression": ""
        },
        "Type__c": {
          "datatype": "string",
          "expression": ""
        },
        "RP_Specialist__c": {
          "datatype": "string",
          "expression": ""
        },
        "Email_Pref_OAG__c": {
          "datatype": "string",
          "expression": ""
        },
        "Middle_Initial__c": {
          "datatype": "string",
          "expression": ""
        },
        "Organization_Type__c": {
          "datatype": "string",
          "expression": ""
        },
        "Role_Status__c": {
          "datatype": "string",
          "expression": ""
        },
        "Retail_Segmentation__c": {
          "datatype": "string",
          "expression": ""
        },
        "HNW_Segmentation__c": {
          "datatype": "string",
          "expression": ""
        },
        "Other_Reason_Code_Details__c": {
          "datatype": "string",
          "expression": ""
        },
        "Reason_Code_Clarification__c": {
          "datatype": "string",
          "expression": ""
        },
        "Reason_Code__c": {
          "datatype": "string",
          "expression": ""
        },
        "RecordtypeName": {
          "datatype": "string",
          "expression": ""
        },
        "CDM_GUID": {
          "datatype": "string",
          "expression": ""
        },
        "Rep_CRD__c": {
          "datatype": "string",
          "expression": ""
        },
        "Primary_Address_Type__c": {
          "datatype": "string",
          "expression": ""
        },
        "Secondary_Address_Type__c": {
          "datatype": "string",
          "expression": ""
        },
        "Birthdate": {
          "datatype": "string",
          "expression": ""
        },
        "Hire_Date__c": {
          "datatype": "string",
          "expression": ""
        },
        "Primary_Contact_Role__c": {
          "datatype": "string",
          "expression": ""
        },
        "Org_Office_Roles__c": {
          "datatype": "string",
          "expression": ""
        },
        "Servicing_Email__c": {
          "datatype": "string",
          "expression": ""
        },
        "Servicing_Phone__c": {
          "datatype": "string",
          "expression": ""
        },
        "Parent_Recordtype_Name": {
          "datatype": "string",
          "expression": ""
        }
      }
    },
    {
      "name": "FILTRANS",
      "type": "Filter",
      "properties": {
        "Id": {
          "datatype": "string",
          "expression": ""
        },
        "Value": {
          "datatype": "nstring",
          "expression": ""
        },
        "Type": {
          "datatype": "string",
          "expression": ""
        },
        "Composite_Key_Type": {
          "datatype": "string",
          "expression": ""
        },
        "CreatedDate": {
          "datatype": "string",
          "expression": ""
        },
        "LastModifiedDate": {
          "datatype": "string",
          "expression": ""
        },
        "Extension__c": {
          "datatype": "string",
          "expression": ""
        },
        "SOURCE_SYSTEM_NAME": {
          "datatype": "string",
          "expression": ""
        },
        "Createdby_Alias": {
          "datatype": "string",
          "expression": ""
        },
        "Lastmodifiedby_Alias": {
          "datatype": "string",
          "expression": ""
        },
        "Sequence_N__c": {
          "datatype": "string",
          "expression": ""
        },
        "Parent_Recordtype_Name": {
          "datatype": "string",
          "expression": ""
        },
        "FILTER_CONDITION": ""
      }
    },
    {
      "name": "EXPTRANS",
      "type": "Expression",
      "properties": {
        "Id": {
          "datatype": "string",
          "expression": ""
        },
        "Id_Out": {
          "datatype": "nstring",
          "expression": "'PER_'||Id"
        },
        "Value": {
          "datatype": "nstring",
          "expression": "Value"
        },
        "NOT_USED_Value_OUT": {
          "datatype": "nstring",
          "expression": "IIF(IN(Type,'Phone','Fax') AND INSTR(Value,'ex'),SUBSTR(Value,1,INSTR(Value,'ex')-2),IIF(IN(Type,'Phone','Fax') AND INSTR(Value,'x'),SUBSTR(Value,1,INSTR(Value,'x')-2),Value))\r\n-- Remove Extension from Phone or Fax.\r\n"
        },
        "Type": {
          "datatype": "string",
          "expression": ""
        },
        "Type_var": {
          "datatype": "integer",
          "expression": ":LKP.lkp_values(ltrim(rtrim(Type)),'CNTCT_MCHSM_TYPE_ID')"
        },
        "Type_var2": {
          "datatype": "integer",
          "expression": "iif(isnull(Type_var),9999,Type_var)"
        },
        "CNTCT_MECHANISM_TYPE": {
          "datatype": "bigint",
          "expression": "Type_var2"
        },
        "CreatedDate": {
          "datatype": "string",
          "expression": "CreatedDate"
        },
        "LastModifiedDate": {
          "datatype": "string",
          "expression": "LastModifiedDate"
        },
        "Extension__c": {
          "datatype": "string",
          "expression": "Extension__c"
        },
        "NOT_USED_Extension__c_VAR_1": {
          "datatype": "string",
          "expression": "IIF(IN(Type,'Phone','Fax') AND INSTR(Value,'x'),SUBSTR(Value,INSTR(Value,'x')+1,LENGTH(Value)),NULL)\r\n-- Take the extension if found."
        },
        "NOT_USED_Extension__c_OUT": {
          "datatype": "string",
          "expression": "reg_replace(NOT_USED_Extension__c_VAR_1, '[^0-9]', '')"
        },
        "SOURCE_SYSTEM_NAME": {
          "datatype": "string",
          "expression": "SOURCE_SYSTEM_NAME"
        },
        "Createdby_Alias": {
          "datatype": "string",
          "expression": "Createdby_Alias"
        },
        "Lastmodifiedby_Alias": {
          "datatype": "string",
          "expression": "Lastmodifiedby_Alias"
        },
        "PURPOSE_ID_SERVICE_PHONE_VAR": {
          "datatype": "integer",
          "expression": ":LKP.lkp_values('Servicing','PURPOSE_ID')"
        },
        "PURPOSE_ID_ALT_PHONE_VAR": {
          "datatype": "integer",
          "expression": ":LKP.lkp_values('Alternate','PURPOSE_ID')"
        },
        "PURPOSE_ID_ALL_VAR": {
          "datatype": "integer",
          "expression": ":LKP.lkp_values('Professional','PURPOSE_ID')"
        },
        "PURPOSE_ID_OUT": {
          "datatype": "bigint",
          "expression": "DECODE(TRUE\r\n,Composite_Key_Type='Alternate_Phone__c',PURPOSE_ID_ALT_PHONE_VAR\r\n,Composite_Key_Type='Alternate_Email__c',PURPOSE_ID_ALT_PHONE_VAR\r\n,PURPOSE_ID_ALL_VAR)\r\n--,Composite_Key_Type='Servicing_Phone__c',PURPOSE_ID_ALL_VAR\r\n-- Servicing phone comes from IPS.  No need to export from SFDC currently.   11/9/16.  DKAO"
        },
        "SOURCE_CNTCT_MCHSM_ID": {
          "datatype": "string",
          "expression": "--SOURCE_SYSTEM_NAME||'|'||'PER_'||Id||'|'||Type_var2||'|'||PURPOSE_ID_VAR||'|'||Value\r\n\r\n\r\nId||Composite_Key_Type"
        },
        "Composite_Key_Type": {
          "datatype": "string",
          "expression": ""
        },
        "MAPPING_NAME": {
          "datatype": "string",
          "expression": "$PMMappingName"
        },
        "PRIMARY_INDICATOR": {
          "datatype": "nstring",
          "expression": "'Y'"
        },
        "DEFERRED_OWNERSHIP_IND": {
          "datatype": "nstring",
          "expression": "IIF(Type='Fax','Y','N')"
        },
        "V_DEFERRED_OWNERSHIP_IND1": {
          "datatype": "nstring",
          "expression": "IIF(Type='Fax','Y','N')"
        },
        "Id_composite_Key": {
          "datatype": "string",
          "expression": ""
        },
        "CONTACT_MECHANISM_STATUS_IND": {
          "datatype": "nstring",
          "expression": "IIF(Type='Phone' or Type='Email',\r\nIIF(in (Parent_Recordtype_Name,'NT Advisory Office RO','Retail Office RO', 'CIAM Office RO','Financial Intermediary'),\r\nIIF(ISNULL(:LKP.LKP_PARTY_ROLE_SOFIDORIS('PER_'||Sequence_N__c)),'I','A'),\r\nIIF(ISNULL(:LKP.LKP_PARTY_ROLE_SFDC('PER_'||Id)),'I','A')),NULL)"
        },
        "Sequence_N__c": {
          "datatype": "string",
          "expression": "Sequence_N__c"
        },
        "Parent_Recordtype_Name": {
          "datatype": "string",
          "expression": "Parent_Recordtype_Name"
        }
      }
    }
  ],
  "connections": [
    {
      "from_instance": "EXPTRANS",
      "from_field": "Createdby_Alias",
      "to_instance": "TODAY_PARTY_CNTCT_MCHSM_XFORM_SFDC",
      "to_field": "CREATED_BY"
    },
    {
      "from_instance": "EXPTRANS",
      "from_field": "Lastmodifiedby_Alias",
      "to_instance": "TODAY_PARTY_CNTCT_MCHSM_XFORM_SFDC",
      "to_field": "LAST_UPDATED_BY"
    },
    {
      "from_instance": "EXPTRANS",
      "from_field": "SOURCE_SYSTEM_NAME",
      "to_instance": "TODAY_PARTY_CNTCT_MCHSM_XFORM_SFDC",
      "to_field": "SOURCE_SYSTEM"
    },
    {
      "from_instance": "EXPTRANS",
      "from_field": "LastModifiedDate",
      "to_instance": "TODAY_PARTY_CNTCT_MCHSM_XFORM_SFDC",
      "to_field": "LAST_UPDATED_DATE"
    },
    {
      "from_instance": "EXPTRANS",
      "from_field": "PURPOSE_ID_OUT",
      "to_instance": "TODAY_PARTY_CNTCT_MCHSM_XFORM_SFDC",
      "to_field": "PURPOSE_ID"
    },
    {
      "from_instance": "EXPTRANS",
      "from_field": "Id_Out",
      "to_instance": "TODAY_PARTY_CNTCT_MCHSM_XFORM_SFDC",
      "to_field": "SOURCE_PARTY_ID"
    },
    {
      "from_instance": "EXPTRANS",
      "from_field": "SOURCE_CNTCT_MCHSM_ID",
      "to_instance": "TODAY_PARTY_CNTCT_MCHSM_XFORM_SFDC",
      "to_field": "SOURCE_CNTCT_MCHSM_ID"
    },
    {
      "from_instance": "EXPTRANS",
      "from_field": "CreatedDate",
      "to_instance": "TODAY_PARTY_CNTCT_MCHSM_XFORM_SFDC",
      "to_field": "CREATED_DATE"
    },
    {
      "from_instance": "EXPTRANS",
      "from_field": "CNTCT_MECHANISM_TYPE",
      "to_instance": "TODAY_PARTY_CNTCT_MCHSM_XFORM_SFDC",
      "to_field": "CNTCT_MCHSM_TYPE_ID"
    },
    {
      "from_instance": "EXPTRANS",
      "from_field": "SOURCE_SYSTEM_NAME",
      "to_instance": "TODAY_PARTY_CNTCT_MCHSM_XFORM_SFDC",
      "to_field": "PARENT_SOURCE_SYSTEM"
    },
    {
      "from_instance": "EXPTRANS",
      "from_field": "MAPPING_NAME",
      "to_instance": "TODAY_PARTY_CNTCT_MCHSM_XFORM_SFDC",
      "to_field": "MAPPING_NAME"
    },
    {
      "from_instance": "EXPTRANS",
      "from_field": "PRIMARY_INDICATOR",
      "to_instance": "TODAY_PARTY_CNTCT_MCHSM_XFORM_SFDC",
      "to_field": "PRIMARY_INDICATOR"
    },
    {
      "from_instance": "EXPTRANS",
      "from_field": "Value",
      "to_instance": "TODAY_PARTY_CNTCT_MCHSM_XFORM_SFDC",
      "to_field": "CNTCT_MCHSM_VAL"
    },
    {
      "from_instance": "EXPTRANS",
      "from_field": "Extension__c",
      "to_instance": "TODAY_PARTY_CNTCT_MCHSM_XFORM_SFDC",
      "to_field": "PHONE_NUMBER_EXTENSION"
    },
    {
      "from_instance": "EXPTRANS",
      "from_field": "CONTACT_MECHANISM_STATUS_IND",
      "to_instance": "TODAY_PARTY_CNTCT_MCHSM_XFORM_SFDC",
      "to_field": "CONTACT_MECHANISM_STATUS_IND"
    },
    {
      "from_instance": "EXPTRANS",
      "from_field": "DEFERRED_OWNERSHIP_IND",
      "to_instance": "TODAY_PARTY_CNTCT_MCHSM_XFORM_SFDC",
      "to_field": "DEFERRED_OWNERSHIP_IND"
    },
    {
      "from_instance": "pre_land_sfdc_contact_sfdc",
      "from_field": "HNW_Segmentation__c",
      "to_instance": "SQ_pre_land_sfdc_contact_sfdc",
      "to_field": "HNW_Segmentation__c"
    },
    {
      "from_instance": "pre_land_sfdc_contact_sfdc",
      "from_field": "FirstName",
      "to_instance": "SQ_pre_land_sfdc_contact_sfdc",
      "to_field": "FirstName"
    },
    {
      "from_instance": "pre_land_sfdc_contact_sfdc",
      "from_field": "Salutation",
      "to_instance": "SQ_pre_land_sfdc_contact_sfdc",
      "to_field": "Salutation"
    },
    {
      "from_instance": "pre_land_sfdc_contact_sfdc",
      "from_field": "Name",
      "to_instance": "SQ_pre_land_sfdc_contact_sfdc",
      "to_field": "Name"
    },
    {
      "from_instance": "pre_land_sfdc_contact_sfdc",
      "from_field": "RecordTypeId",
      "to_instance": "SQ_pre_land_sfdc_contact_sfdc",
      "to_field": "RecordTypeId"
    },
    {
      "from_instance": "pre_land_sfdc_contact_sfdc",
      "from_field": "OtherStreet",
      "to_instance": "SQ_pre_land_sfdc_contact_sfdc",
      "to_field": "OtherStreet"
    },
    {
      "from_instance": "pre_land_sfdc_contact_sfdc",
      "from_field": "OtherCity",
      "to_instance": "SQ_pre_land_sfdc_contact_sfdc",
      "to_field": "OtherCity"
    },
    {
      "from_instance": "pre_land_sfdc_contact_sfdc",
      "from_field": "OtherState",
      "to_instance": "SQ_pre_land_sfdc_contact_sfdc",
      "to_field": "OtherState"
    },
    {
      "from_instance": "pre_land_sfdc_contact_sfdc",
      "from_field": "OtherPostalCode",
      "to_instance": "SQ_pre_land_sfdc_contact_sfdc",
      "to_field": "OtherPostalCode"
    },
    {
      "from_instance": "pre_land_sfdc_contact_sfdc",
      "from_field": "Other_Reason_Code_Details__c",
      "to_instance": "SQ_pre_land_sfdc_contact_sfdc",
      "to_field": "Other_Reason_Code_Details__c"
    },
    {
      "from_instance": "pre_land_sfdc_contact_sfdc",
      "from_field": "Reason_Code_Clarification__c",
      "to_instance": "SQ_pre_land_sfdc_contact_sfdc",
      "to_field": "Reason_Code_Clarification__c"
    },
    {
      "from_instance": "pre_land_sfdc_contact_sfdc",
      "from_field": "Reason_Code__c",
      "to_instance": "SQ_pre_land_sfdc_contact_sfdc",
      "to_field": "Reason_Code__c"
    },
    {
      "from_instance": "pre_land_sfdc_contact_sfdc",
      "from_field": "RecordtypeName",
      "to_instance": "SQ_pre_land_sfdc_contact_sfdc",
      "to_field": "RecordtypeName"
    },
    {
      "from_instance": "pre_land_sfdc_contact_sfdc",
      "from_field": "CDM_GUID",
      "to_instance": "SQ_pre_land_sfdc_contact_sfdc",
      "to_field": "CDM_GUID"
    },
    {
      "from_instance": "pre_land_sfdc_contact_sfdc",
      "from_field": "SOURCE_SYSTEM_NAME",
      "to_instance": "SQ_pre_land_sfdc_contact_sfdc",
      "to_field": "SOURCE_SYSTEM_NAME"
    },
    {
      "from_instance": "pre_land_sfdc_contact_sfdc",
      "from_field": "Rep_CRD__c",
      "to_instance": "SQ_pre_land_sfdc_contact_sfdc",
      "to_field": "Rep_CRD__c"
    },
    {
      "from_instance": "pre_land_sfdc_contact_sfdc",
      "from_field": "Createdby_Alias",
      "to_instance": "SQ_pre_land_sfdc_contact_sfdc",
      "to_field": "Createdby_Alias"
    },
    {
      "from_instance": "pre_land_sfdc_contact_sfdc",
      "from_field": "Lastmodifiedby_Alias",
      "to_instance": "SQ_pre_land_sfdc_contact_sfdc",
      "to_field": "Lastmodifiedby_Alias"
    },
    {
      "from_instance": "pre_land_sfdc_contact_sfdc",
      "from_field": "Primary_Address_Type__c",
      "to_instance": "SQ_pre_land_sfdc_contact_sfdc",
      "to_field": "Primary_Address_Type__c"
    },
    {
      "from_instance": "pre_land_sfdc_contact_sfdc",
      "from_field": "Secondary_Address_Type__c",
      "to_instance": "SQ_pre_land_sfdc_contact_sfdc",
      "to_field": "Secondary_Address_Type__c"
    },
    {
      "from_instance": "pre_land_sfdc_contact_sfdc",
      "from_field": "Birthdate",
      "to_instance": "SQ_pre_land_sfdc_contact_sfdc",
      "to_field": "Birthdate"
    },
    {
      "from_instance": "pre_land_sfdc_contact_sfdc",
      "from_field": "MailingPostalCode",
      "to_instance": "SQ_pre_land_sfdc_contact_sfdc",
      "to_field": "MailingPostalCode"
    },
    {
      "from_instance": "pre_land_sfdc_contact_sfdc",
      "from_field": "MailingStreet",
      "to_instance": "SQ_pre_land_sfdc_contact_sfdc",
      "to_field": "MailingStreet"
    },
    {
      "from_instance": "pre_land_sfdc_contact_sfdc",
      "from_field": "MailingCity",
      "to_instance": "SQ_pre_land_sfdc_contact_sfdc",
      "to_field": "MailingCity"
    },
    {
      "from_instance": "pre_land_sfdc_contact_sfdc",
      "from_field": "MailingState",
      "to_instance": "SQ_pre_land_sfdc_contact_sfdc",
      "to_field": "MailingState"
    },
    {
      "from_instance": "pre_land_sfdc_contact_sfdc",
      "from_field": "MailingCountry",
      "to_instance": "SQ_pre_land_sfdc_contact_sfdc",
      "to_field": "MailingCountry"
    },
    {
      "from_instance": "pre_land_sfdc_contact_sfdc",
      "from_field": "Phone",
      "to_instance": "SQ_pre_land_sfdc_contact_sfdc",
      "to_field": "Phone"
    },
    {
      "from_instance": "pre_land_sfdc_contact_sfdc",
      "from_field": "Fax",
      "to_instance": "SQ_pre_land_sfdc_contact_sfdc",
      "to_field": "Fax"
    },
    {
      "from_instance": "pre_land_sfdc_contact_sfdc",
      "from_field": "Hire_Date__c",
      "to_instance": "SQ_pre_land_sfdc_contact_sfdc",
      "to_field": "Hire_Date__c"
    },
    {
      "from_instance": "pre_land_sfdc_contact_sfdc",
      "from_field": "Id",
      "to_instance": "SQ_pre_land_sfdc_contact_sfdc",
      "to_field": "Id"
    },
    {
      "from_instance": "pre_land_sfdc_contact_sfdc",
      "from_field": "IsDeleted",
      "to_instance": "SQ_pre_land_sfdc_contact_sfdc",
      "to_field": "IsDeleted"
    },
    {
      "from_instance": "pre_land_sfdc_contact_sfdc",
      "from_field": "Primary_Contact_Role__c",
      "to_instance": "SQ_pre_land_sfdc_contact_sfdc",
      "to_field": "Primary_Contact_Role__c"
    },
    {
      "from_instance": "pre_land_sfdc_contact_sfdc",
      "from_field": "Org_Office_Roles__c",
      "to_instance": "SQ_pre_land_sfdc_contact_sfdc",
      "to_field": "Org_Office_Roles__c"
    },
    {
      "from_instance": "pre_land_sfdc_contact_sfdc",
      "from_field": "AccountId",
      "to_instance": "SQ_pre_land_sfdc_contact_sfdc",
      "to_field": "AccountId"
    },
    {
      "from_instance": "pre_land_sfdc_contact_sfdc",
      "from_field": "LastName",
      "to_instance": "SQ_pre_land_sfdc_contact_sfdc",
      "to_field": "LastName"
    },
    {
      "from_instance": "pre_land_sfdc_contact_sfdc",
      "from_field": "OtherCountry",
      "to_instance": "SQ_pre_land_sfdc_contact_sfdc",
      "to_field": "OtherCountry"
    },
    {
      "from_instance": "pre_land_sfdc_contact_sfdc",
      "from_field": "Email",
      "to_instance": "SQ_pre_land_sfdc_contact_sfdc",
      "to_field": "Email"
    },
    {
      "from_instance": "pre_land_sfdc_contact_sfdc",
      "from_field": "CreatedDate",
      "to_instance": "SQ_pre_land_sfdc_contact_sfdc",
      "to_field": "CreatedDate"
    },
    {
      "from_instance": "pre_land_sfdc_contact_sfdc",
      "from_field": "CreatedById",
      "to_instance": "SQ_pre_land_sfdc_contact_sfdc",
      "to_field": "CreatedById"
    },
    {
      "from_instance": "pre_land_sfdc_contact_sfdc",
      "from_field": "LastModifiedDate",
      "to_instance": "SQ_pre_land_sfdc_contact_sfdc",
      "to_field": "LastModifiedDate"
    },
    {
      "from_instance": "pre_land_sfdc_contact_sfdc",
      "from_field": "LastModifiedById",
      "to_instance": "SQ_pre_land_sfdc_contact_sfdc",
      "to_field": "LastModifiedById"
    },
    {
      "from_instance": "pre_land_sfdc_contact_sfdc",
      "from_field": "Contact_Mktg_Email_Restriction__c",
      "to_instance": "SQ_pre_land_sfdc_contact_sfdc",
      "to_field": "Contact_Mktg_Email_Restriction__c"
    },
    {
      "from_instance": "pre_land_sfdc_contact_sfdc",
      "from_field": "Contact_Role__c",
      "to_instance": "SQ_pre_land_sfdc_contact_sfdc",
      "to_field": "Contact_Role__c"
    },
    {
      "from_instance": "pre_land_sfdc_contact_sfdc",
      "from_field": "Direct__c",
      "to_instance": "SQ_pre_land_sfdc_contact_sfdc",
      "to_field": "Direct__c"
    },
    {
      "from_instance": "pre_land_sfdc_contact_sfdc",
      "from_field": "Nickname__c",
      "to_instance": "SQ_pre_land_sfdc_contact_sfdc",
      "to_field": "Nickname__c"
    },
    {
      "from_instance": "pre_land_sfdc_contact_sfdc",
      "from_field": "Office_ID__c",
      "to_instance": "SQ_pre_land_sfdc_contact_sfdc",
      "to_field": "Office_ID__c"
    },
    {
      "from_instance": "pre_land_sfdc_contact_sfdc",
      "from_field": "RP_Classification__c",
      "to_instance": "SQ_pre_land_sfdc_contact_sfdc",
      "to_field": "RP_Classification__c"
    },
    {
      "from_instance": "pre_land_sfdc_contact_sfdc",
      "from_field": "RP_Segment__c",
      "to_instance": "SQ_pre_land_sfdc_contact_sfdc",
      "to_field": "RP_Segment__c"
    },
    {
      "from_instance": "pre_land_sfdc_contact_sfdc",
      "from_field": "Sequence_N__c",
      "to_instance": "SQ_pre_land_sfdc_contact_sfdc",
      "to_field": "Sequence_N__c"
    },
    {
      "from_instance": "pre_land_sfdc_contact_sfdc",
      "from_field": "Status__c",
      "to_instance": "SQ_pre_land_sfdc_contact_sfdc",
      "to_field": "Status__c"
    },
    {
      "from_instance": "pre_land_sfdc_contact_sfdc",
      "from_field": "Type__c",
      "to_instance": "SQ_pre_land_sfdc_contact_sfdc",
      "to_field": "Type__c"
    },
    {
      "from_instance": "pre_land_sfdc_contact_sfdc",
      "from_field": "RP_Specialist__c",
      "to_instance": "SQ_pre_land_sfdc_contact_sfdc",
      "to_field": "RP_Specialist__c"
    },
    {
      "from_instance": "pre_land_sfdc_contact_sfdc",
      "from_field": "Email_Pref_OAG__c",
      "to_instance": "SQ_pre_land_sfdc_contact_sfdc",
      "to_field": "Email_Pref_OAG__c"
    },
    {
      "from_instance": "pre_land_sfdc_contact_sfdc",
      "from_field": "Extension__c",
      "to_instance": "SQ_pre_land_sfdc_contact_sfdc",
      "to_field": "Extension__c"
    },
    {
      "from_instance": "pre_land_sfdc_contact_sfdc",
      "from_field": "AccountId",
      "to_instance": "SQ_pre_land_sfdc_contact_sfdc",
      "to_field": "AccountId1"
    },
    {
      "from_instance": "pre_land_sfdc_contact_sfdc",
      "from_field": "Servicing_Email__c",
      "to_instance": "SQ_pre_land_sfdc_contact_sfdc",
      "to_field": "Servicing_Email__c"
    },
    {
      "from_instance": "pre_land_sfdc_contact_sfdc",
      "from_field": "Servicing_Phone__c",
      "to_instance": "SQ_pre_land_sfdc_contact_sfdc",
      "to_field": "Servicing_Phone__c"
    },
    {
      "from_instance": "pre_land_sfdc_contact_sfdc",
      "from_field": "Parent_Recordtype_Name",
      "to_instance": "SQ_pre_land_sfdc_contact_sfdc",
      "to_field": "Parent_Recordtype_Name"
    },
    {
      "from_instance": "pre_land_sfdc_contact_sfdc",
      "from_field": "Middle_Initial__c",
      "to_instance": "SQ_pre_land_sfdc_contact_sfdc",
      "to_field": "Middle_Initial__c"
    },
    {
      "from_instance": "pre_land_sfdc_contact_sfdc",
      "from_field": "Organization_Type__c",
      "to_instance": "SQ_pre_land_sfdc_contact_sfdc",
      "to_field": "Organization_Type__c"
    },
    {
      "from_instance": "pre_land_sfdc_contact_sfdc",
      "from_field": "Role_Status__c",
      "to_instance": "SQ_pre_land_sfdc_contact_sfdc",
      "to_field": "Role_Status__c"
    },
    {
      "from_instance": "pre_land_sfdc_contact_sfdc",
      "from_field": "Retail_Segmentation__c",
      "to_instance": "SQ_pre_land_sfdc_contact_sfdc",
      "to_field": "Retail_Segmentation__c"
    },
    {
      "from_instance": "SQ_pre_land_sfdc_contact_sfdc",
      "from_field": "SOURCE_SYSTEM_NAME",
      "to_instance": "FILTRANS",
      "to_field": "SOURCE_SYSTEM_NAME"
    },
    {
      "from_instance": "SQ_pre_land_sfdc_contact_sfdc",
      "from_field": "Createdby_Alias",
      "to_instance": "FILTRANS",
      "to_field": "Createdby_Alias"
    },
    {
      "from_instance": "SQ_pre_land_sfdc_contact_sfdc",
      "from_field": "Lastmodifiedby_Alias",
      "to_instance": "FILTRANS",
      "to_field": "Lastmodifiedby_Alias"
    },
    {
      "from_instance": "SQ_pre_land_sfdc_contact_sfdc",
      "from_field": "AccountId1",
      "to_instance": "FILTRANS",
      "to_field": "Composite_Key_Type"
    },
    {
      "from_instance": "SQ_pre_land_sfdc_contact_sfdc",
      "from_field": "Sequence_N__c",
      "to_instance": "FILTRANS",
      "to_field": "Sequence_N__c"
    },
    {
      "from_instance": "SQ_pre_land_sfdc_contact_sfdc",
      "from_field": "Parent_Recordtype_Name",
      "to_instance": "FILTRANS",
      "to_field": "Parent_Recordtype_Name"
    },
    {
      "from_instance": "SQ_pre_land_sfdc_contact_sfdc",
      "from_field": "Id",
      "to_instance": "FILTRANS",
      "to_field": "Id"
    },
    {
      "from_instance": "SQ_pre_land_sfdc_contact_sfdc",
      "from_field": "Email",
      "to_instance": "FILTRANS",
      "to_field": "Value"
    },
    {
      "from_instance": "SQ_pre_land_sfdc_contact_sfdc",
      "from_field": "AccountId",
      "to_instance": "FILTRANS",
      "to_field": "Type"
    },
    {
      "from_instance": "SQ_pre_land_sfdc_contact_sfdc",
      "from_field": "CreatedDate",
      "to_instance": "FILTRANS",
      "to_field": "CreatedDate"
    },
    {
      "from_instance": "SQ_pre_land_sfdc_contact_sfdc",
      "from_field": "LastModifiedDate",
      "to_instance": "FILTRANS",
      "to_field": "LastModifiedDate"
    },
    {
      "from_instance": "SQ_pre_land_sfdc_contact_sfdc",
      "from_field": "Extension__c",
      "to_instance": "FILTRANS",
      "to_field": "Extension__c"
    },
    {
      "from_instance": "FILTRANS",
      "from_field": "Lastmodifiedby_Alias",
      "to_instance": "EXPTRANS",
      "to_field": "Lastmodifiedby_Alias"
    },
    {
      "from_instance": "FILTRANS",
      "from_field": "Value",
      "to_instance": "EXPTRANS",
      "to_field": "Value"
    },
    {
      "from_instance": "FILTRANS",
      "from_field": "Sequence_N__c",
      "to_instance": "EXPTRANS",
      "to_field": "Sequence_N__c"
    },
    {
      "from_instance": "FILTRANS",
      "from_field": "Parent_Recordtype_Name",
      "to_instance": "EXPTRANS",
      "to_field": "Parent_Recordtype_Name"
    },
    {
      "from_instance": "FILTRANS",
      "from_field": "Id",
      "to_instance": "EXPTRANS",
      "to_field": "Id"
    },
    {
      "from_instance": "FILTRANS",
      "from_field": "CreatedDate",
      "to_instance": "EXPTRANS",
      "to_field": "CreatedDate"
    },
    {
      "from_instance": "FILTRANS",
      "from_field": "LastModifiedDate",
      "to_instance": "EXPTRANS",
      "to_field": "LastModifiedDate"
    },
    {
      "from_instance": "FILTRANS",
      "from_field": "Extension__c",
      "to_instance": "EXPTRANS",
      "to_field": "Extension__c"
    },
    {
      "from_instance": "FILTRANS",
      "from_field": "Type",
      "to_instance": "EXPTRANS",
      "to_field": "Type"
    },
    {
      "from_instance": "FILTRANS",
      "from_field": "Composite_Key_Type",
      "to_instance": "EXPTRANS",
      "to_field": "Composite_Key_Type"
    },
    {
      "from_instance": "FILTRANS",
      "from_field": "SOURCE_SYSTEM_NAME",
      "to_instance": "EXPTRANS",
      "to_field": "SOURCE_SYSTEM_NAME"
    },
    {
      "from_instance": "FILTRANS",
      "from_field": "Createdby_Alias",
      "to_instance": "EXPTRANS",
      "to_field": "Createdby_Alias"
    }
  ],
  "mappings": [
    {
      "name": "m_landing_sfdc_to_cdm_contact_party_mechanism",
      "instances": [
        {
          "name": "TODAY_PARTY_CNTCT_MCHSM_XFORM_SFDC",
          "type": "TARGET",
          "transformation": ""
        },
        {
          "name": "pre_land_sfdc_contact_sfdc",
          "type": "SOURCE",
          "transformation": ""
        },
        {
          "name": "LKP_PARTY_ROLE_SOFIDORIS",
          "type": "TRANSFORMATION",
          "transformation": ""
        },
        {
          "name": "LKP_PARTY_ROLE_SFDC",
          "type": "TRANSFORMATION",
          "transformation": ""
        },
        {
          "name": "lkp_values",
          "type": "TRANSFORMATION",
          "transformation": ""
        },
        {
          "name": "SQ_pre_land_sfdc_contact_sfdc",
          "type": "TRANSFORMATION",
          "transformation": ""
        },
        {
          "name": "FILTRANS",
          "type": "TRANSFORMATION",
          "transformation": ""
        },
        {
          "name": "EXPTRANS",
          "type": "TRANSFORMATION",
          "transformation": ""
        }
      ]
    }
  ]
}