{
  "mapping_name": "wf_landing_sfdc_to_cdm_organization_party_role",
  "sources": [
    {
      "name": "pre_land_sfdc_org_office_role",
      "type": "",
      "columns": [
        {
          "name": "Id",
          "datatype": "nvarchar",
          "precision": "18",
          "scale": "0"
        },
        {
          "name": "CreatedDate",
          "datatype": "nvarchar",
          "precision": "29",
          "scale": "0"
        },
        {
          "name": "CreatedByAlias",
          "datatype": "nvarchar",
          "precision": "8",
          "scale": "0"
        },
        {
          "name": "LastModifiedDate",
          "datatype": "nvarchar",
          "precision": "29",
          "scale": "0"
        },
        {
          "name": "LastModifiedAlias",
          "datatype": "nvarchar",
          "precision": "8",
          "scale": "0"
        },
        {
          "name": "LastActivityDate",
          "datatype": "nvarchar",
          "precision": "29",
          "scale": "0"
        },
        {
          "name": "Role_Start_Date__c",
          "datatype": "nvarchar",
          "precision": "29",
          "scale": "0"
        },
        {
          "name": "Role_End_Date__c",
          "datatype": "nvarchar",
          "precision": "29",
          "scale": "0"
        },
        {
          "name": "Primary_Role__c",
          "datatype": "nvarchar",
          "precision": "5",
          "scale": "0"
        },
        {
          "name": "Role_Inactivation_Reason__c",
          "datatype": "nvarchar",
          "precision": "255",
          "scale": "0"
        },
        {
          "name": "Role_Status__c",
          "datatype": "nvarchar",
          "precision": "255",
          "scale": "0"
        },
        {
          "name": "Role__c",
          "datatype": "nvarchar",
          "precision": "255",
          "scale": "0"
        },
        {
          "name": "Account_Name__c",
          "datatype": "nvarchar",
          "precision": "18",
          "scale": "0"
        }
      ]
    },
    {
      "name": "pre_land_sfdc_organization",
      "type": "",
      "columns": [
        {
          "name": "Id",
          "datatype": "nvarchar",
          "precision": "18",
          "scale": "0"
        },
        {
          "name": "ParentId",
          "datatype": "nvarchar",
          "precision": "18",
          "scale": "0"
        },
        {
          "name": "Tier__c",
          "datatype": "nvarchar",
          "precision": "255",
          "scale": "0"
        },
        {
          "name": "Status__c",
          "datatype": "nvarchar",
          "precision": "255",
          "scale": "0"
        },
        {
          "name": "RecordTypeName",
          "datatype": "nvarchar",
          "precision": "80",
          "scale": "0"
        },
        {
          "name": "CRD__c",
          "datatype": "nvarchar",
          "precision": "15",
          "scale": "0"
        },
        {
          "name": "Registration_Type__c",
          "datatype": "nvarchar",
          "precision": "4000",
          "scale": "0"
        },
        {
          "name": "Primary_CG_Org_Owner__c",
          "datatype": "nvarchar",
          "precision": "18",
          "scale": "0"
        },
        {
          "name": "Primary_CG_Org_Owner__r_alias",
          "datatype": "nvarchar",
          "precision": "8",
          "scale": "0"
        },
        {
          "name": "Primary_CG_Org_Owner__r_Associate_ID__c",
          "datatype": "nvarchar",
          "precision": "15",
          "scale": "0"
        },
        {
          "name": "Primary_Channel__c",
          "datatype": "nvarchar",
          "precision": "255",
          "scale": "0"
        },
        {
          "name": "Type",
          "datatype": "nvarchar",
          "precision": "40",
          "scale": "0"
        },
        {
          "name": "Organization_Direct__c",
          "datatype": "nvarchar",
          "precision": "15",
          "scale": "0"
        },
        {
          "name": "Name",
          "datatype": "nvarchar",
          "precision": "255",
          "scale": "0"
        },
        {
          "name": "Marketing_Email_Restriction__c",
          "datatype": "nvarchar",
          "precision": "255",
          "scale": "0"
        },
        {
          "name": "Organization_ID__c",
          "datatype": "nvarchar",
          "precision": "15",
          "scale": "0"
        },
        {
          "name": "BillingStreet",
          "datatype": "nvarchar",
          "precision": "255",
          "scale": "0"
        },
        {
          "name": "BillingCity",
          "datatype": "nvarchar",
          "precision": "40",
          "scale": "0"
        },
        {
          "name": "BillingState",
          "datatype": "nvarchar",
          "precision": "80",
          "scale": "0"
        },
        {
          "name": "BillingPostalCode",
          "datatype": "nvarchar",
          "precision": "20",
          "scale": "0"
        },
        {
          "name": "BillingCountry",
          "datatype": "nvarchar",
          "precision": "80",
          "scale": "0"
        },
        {
          "name": "IsDeleted",
          "datatype": "nvarchar",
          "precision": "5",
          "scale": "0"
        },
        {
          "name": "CreatedByAlias",
          "datatype": "nvarchar",
          "precision": "8",
          "scale": "0"
        },
        {
          "name": "CreatedDate",
          "datatype": "nvarchar",
          "precision": "29",
          "scale": "0"
        },
        {
          "name": "LastModifiedByAlias",
          "datatype": "nvarchar",
          "precision": "8",
          "scale": "0"
        },
        {
          "name": "LastModifiedDate",
          "datatype": "nvarchar",
          "precision": "29",
          "scale": "0"
        },
        {
          "name": "GU_ID__c",
          "datatype": "nvarchar",
          "precision": "18",
          "scale": "0"
        },
        {
          "name": "Source_System_Name",
          "datatype": "nvarchar",
          "precision": "18",
          "scale": "0"
        },
        {
          "name": "Primary_Address_Type__c",
          "datatype": "nvarchar",
          "precision": "255",
          "scale": "0"
        },
        {
          "name": "Secondary_Address_Type__c",
          "datatype": "nvarchar",
          "precision": "255",
          "scale": "0"
        },
        {
          "name": "Location_Type__c",
          "datatype": "nvarchar",
          "precision": "255",
          "scale": "0"
        },
        {
          "name": "Legal_Name__c",
          "datatype": "nvarchar",
          "precision": "255",
          "scale": "0"
        },
        {
          "name": "SEC__c",
          "datatype": "nvarchar",
          "precision": "25",
          "scale": "0"
        },
        {
          "name": "ShippingStreet",
          "datatype": "nvarchar",
          "precision": "255",
          "scale": "0"
        },
        {
          "name": "ShippingCity",
          "datatype": "nvarchar",
          "precision": "40",
          "scale": "0"
        },
        {
          "name": "ShippingState",
          "datatype": "nvarchar",
          "precision": "80",
          "scale": "0"
        },
        {
          "name": "ShippingPostalCode",
          "datatype": "nvarchar",
          "precision": "20",
          "scale": "0"
        },
        {
          "name": "ShippingCountry",
          "datatype": "nvarchar",
          "precision": "80",
          "scale": "0"
        },
        {
          "name": "Corporate_Structure__c",
          "datatype": "nvarchar",
          "precision": "255",
          "scale": "0"
        },
        {
          "name": "Inactivated_Date__c",
          "datatype": "nvarchar",
          "precision": "29",
          "scale": "0"
        },
        {
          "name": "Org_Tax_ID_Number__c",
          "datatype": "nvarchar",
          "precision": "50",
          "scale": "0"
        },
        {
          "name": "Phone",
          "datatype": "nvarchar",
          "precision": "40",
          "scale": "0"
        },
        {
          "name": "Fax",
          "datatype": "nvarchar",
          "precision": "40",
          "scale": "0"
        },
        {
          "name": "Website",
          "datatype": "nvarchar",
          "precision": "255",
          "scale": "0"
        },
        {
          "name": "Advisory_Other_Reason_Code_Details__c",
          "datatype": "nvarchar",
          "precision": "255",
          "scale": "0"
        },
        {
          "name": "Advisory_Reason_Code__c",
          "datatype": "nvarchar",
          "precision": "255",
          "scale": "0"
        },
        {
          "name": "Advisory_Reason_Code_Clarification__c",
          "datatype": "nvarchar",
          "precision": "255",
          "scale": "0"
        },
        {
          "name": "Advisory_Segmentation__c",
          "datatype": "nvarchar",
          "precision": "255",
          "scale": "0"
        },
        {
          "name": "Segmentation__c",
          "datatype": "nvarchar",
          "precision": "255",
          "scale": "0"
        },
        {
          "name": "channel__c",
          "datatype": "nvarchar",
          "precision": "255",
          "scale": "0"
        },
        {
          "name": "W_9__c",
          "datatype": "nvarchar",
          "precision": "255",
          "scale": "0"
        },
        {
          "name": "Segment__c",
          "datatype": "nvarchar",
          "precision": "255",
          "scale": "0"
        },
        {
          "name": "Restrict_Mail__c",
          "datatype": "nvarchar",
          "precision": "5",
          "scale": "0"
        },
        {
          "name": "Roles__c",
          "datatype": "nvarchar",
          "precision": "255",
          "scale": "0"
        },
        {
          "name": "Email_address__c",
          "datatype": "nvarchar",
          "precision": "255",
          "scale": "0"
        },
        {
          "name": "Entitiy_Name_DORIS_SOFI__c",
          "datatype": "nvarchar",
          "precision": "255",
          "scale": "0"
        },
        {
          "name": "Role_Stage__c",
          "datatype": "varchar",
          "precision": "255",
          "scale": "0"
        },
        {
          "name": "Client_RM_CRA__c",
          "datatype": "varchar",
          "precision": "255",
          "scale": "0"
        },
        {
          "name": "Service_Tier__c",
          "datatype": "varchar",
          "precision": "255",
          "scale": "0"
        },
        {
          "name": "RM_Institutional__c",
          "datatype": "varchar",
          "precision": "255",
          "scale": "0"
        },
        {
          "name": "Covered_Plan_Sponsor__c",
          "datatype": "nvarchar",
          "precision": "5",
          "scale": "0"
        },
        {
          "name": "external_id_c",
          "datatype": "nvarchar",
          "precision": "255",
          "scale": "0"
        },
        {
          "name": "Aggregator__c",
          "datatype": "nvarchar",
          "precision": "255",
          "scale": "0"
        },
        {
          "name": "Sector__c",
          "datatype": "nvarchar",
          "precision": "255",
          "scale": "0"
        },
        {
          "name": "Definer__c",
          "datatype": "nvarchar",
          "precision": "255",
          "scale": "0"
        },
        {
          "name": "Reserverd_3",
          "datatype": "nvarchar",
          "precision": "18",
          "scale": "0"
        },
        {
          "name": "Reserverd_4",
          "datatype": "nvarchar",
          "precision": "18",
          "scale": "0"
        },
        {
          "name": "Reserverd_5",
          "datatype": "nvarchar",
          "precision": "18",
          "scale": "0"
        }
      ]
    }
  ],
  "targets": [
    {
      "name": "today_party_role_xform",
      "type": "",
      "columns": [
        {
          "name": "src_rowid",
          "datatype": "bigint",
          "precision": "19",
          "scale": "0"
        },
        {
          "name": "inactivation_reason_id",
          "datatype": "bigint",
          "precision": "19",
          "scale": "0"
        },
        {
          "name": "status_id",
          "datatype": "bigint",
          "precision": "19",
          "scale": "0"
        },
        {
          "name": "primary_indicator",
          "datatype": "nchar",
          "precision": "1",
          "scale": "0"
        },
        {
          "name": "source_party_role_id",
          "datatype": "nvarchar",
          "precision": "255",
          "scale": "0"
        },
        {
          "name": "role_type_id",
          "datatype": "bigint",
          "precision": "19",
          "scale": "0"
        },
        {
          "name": "last_updated_date",
          "datatype": "nvarchar",
          "precision": "23",
          "scale": "0"
        },
        {
          "name": "source_party_id",
          "datatype": "nvarchar",
          "precision": "255",
          "scale": "0"
        },
        {
          "name": "source_system",
          "datatype": "nvarchar",
          "precision": "250",
          "scale": "0"
        },
        {
          "name": "created_by",
          "datatype": "nvarchar",
          "precision": "50",
          "scale": "0"
        },
        {
          "name": "created_date",
          "datatype": "nvarchar",
          "precision": "23",
          "scale": "0"
        },
        {
          "name": "inactivation_date",
          "datatype": "nvarchar",
          "precision": "23",
          "scale": "0"
        },
        {
          "name": "deleted_indicator",
          "datatype": "nchar",
          "precision": "1",
          "scale": "0"
        },
        {
          "name": "last_updated_by",
          "datatype": "nvarchar",
          "precision": "50",
          "scale": "0"
        },
        {
          "name": "sub_role_type_id",
          "datatype": "bigint",
          "precision": "19",
          "scale": "0"
        },
        {
          "name": "parent_source_system",
          "datatype": "nvarchar",
          "precision": "50",
          "scale": "0"
        },
        {
          "name": "org_intermediary_number",
          "datatype": "numeric",
          "precision": "15",
          "scale": "0"
        },
        {
          "name": "org_sga_status_id",
          "datatype": "bigint",
          "precision": "19",
          "scale": "0"
        },
        {
          "name": "dually_registered_ind",
          "datatype": "nchar",
          "precision": "1",
          "scale": "0"
        },
        {
          "name": "org_w9_form_on_file_ind",
          "datatype": "nchar",
          "precision": "1",
          "scale": "0"
        },
        {
          "name": "prsn_primary_rep_id",
          "datatype": "nvarchar",
          "precision": "9",
          "scale": "0"
        },
        {
          "name": "mapping_name",
          "datatype": "nvarchar",
          "precision": "80",
          "scale": "0"
        },
        {
          "name": "org_tpa_soltn_idfct_num",
          "datatype": "nvarchar",
          "precision": "32",
          "scale": "0"
        },
        {
          "name": "GRP_PRIMARY_REP_ID",
          "datatype": "varchar",
          "precision": "9",
          "scale": "0"
        },
        {
          "name": "DEFERRED_OWNERSHIP_IND",
          "datatype": "nchar",
          "precision": "1",
          "scale": "0"
        }
      ]
    }
  ],
  "transformations": [
    {
      "name": "FIL_Null_Role_Type_id",
      "type": "Filter",
      "properties": {
        "Role_End_Date__out": {
          "datatype": "date/time",
          "expression": ""
        },
        "PRIMARY_INDICATOR": {
          "datatype": "string",
          "expression": ""
        },
        "Inactive_Reason_Id_out": {
          "datatype": "bigint",
          "expression": ""
        },
        "Role_Status_Id_out": {
          "datatype": "bigint",
          "expression": ""
        },
        "Role_Type_Id_out": {
          "datatype": "bigint",
          "expression": ""
        },
        "Id_Out": {
          "datatype": "string",
          "expression": ""
        },
        "LastModifiedDate": {
          "datatype": "string",
          "expression": ""
        },
        "Source_System_Name": {
          "datatype": "string",
          "expression": ""
        },
        "CreatedByAlias": {
          "datatype": "string",
          "expression": ""
        },
        "CreatedDate": {
          "datatype": "string",
          "expression": ""
        },
        "LastModifiedByAlias": {
          "datatype": "string",
          "expression": ""
        },
        "SOURCE_PARTY_ROLE_ID": {
          "datatype": "nstring",
          "expression": ""
        },
        "PARENT_SOURCE_SYSTEM": {
          "datatype": "string",
          "expression": ""
        },
        "ORG_INTERMEDIARY_NUMBER": {
          "datatype": "nstring",
          "expression": ""
        },
        "MAPPING_NAME": {
          "datatype": "string",
          "expression": ""
        },
        "DEFERRED_OWNERSHIP_IND": {
          "datatype": "string",
          "expression": ""
        },
        "FILTER_CONDITION": ""
      }
    },
    {
      "name": "srtr_data_prep",
      "type": "Sorter",
      "properties": {
        "Id": {
          "datatype": "string",
          "expression": ""
        },
        "CreatedByAlias": {
          "datatype": "string",
          "expression": ""
        },
        "CreatedDate": {
          "datatype": "string",
          "expression": ""
        },
        "LastModifiedByAlias": {
          "datatype": "string",
          "expression": ""
        },
        "LastModifiedDate": {
          "datatype": "string",
          "expression": ""
        },
        "Source_System_Name": {
          "datatype": "string",
          "expression": ""
        },
        "Organization_ID__c": {
          "datatype": "string",
          "expression": ""
        },
        "RecordTypeName": {
          "datatype": "string",
          "expression": ""
        },
        "org_role_type": {
          "datatype": "nstring",
          "expression": ""
        }
      }
    },
    {
      "name": "jnr_org",
      "type": "Joiner",
      "properties": {
        "Role_Start_Date__c": {
          "datatype": "string",
          "expression": ""
        },
        "Role_End_Date__c": {
          "datatype": "string",
          "expression": ""
        },
        "Primary_Role__c": {
          "datatype": "string",
          "expression": ""
        },
        "Role_Inactivation_Reason__c": {
          "datatype": "string",
          "expression": ""
        },
        "Role_Status__c": {
          "datatype": "string",
          "expression": ""
        },
        "Role__c": {
          "datatype": "string",
          "expression": ""
        },
        "Account_Name__c": {
          "datatype": "string",
          "expression": ""
        },
        "Id1": {
          "datatype": "string",
          "expression": ""
        },
        "Id": {
          "datatype": "string",
          "expression": ""
        },
        "LastModifiedDate": {
          "datatype": "string",
          "expression": ""
        },
        "CreatedByAlias": {
          "datatype": "string",
          "expression": ""
        },
        "CreatedDate": {
          "datatype": "string",
          "expression": ""
        },
        "LastModifiedByAlias": {
          "datatype": "string",
          "expression": ""
        },
        "Source_System_Name": {
          "datatype": "string",
          "expression": ""
        },
        "Organization_ID__c": {
          "datatype": "string",
          "expression": ""
        },
        "RecordTypeName": {
          "datatype": "string",
          "expression": ""
        },
        "org_role_type": {
          "datatype": "nstring",
          "expression": ""
        },
        "JOIN_TYPE": "",
        "JOIN_CONDITION": ""
      }
    },
    {
      "name": "exp_lookup_values",
      "type": "Expression",
      "properties": {
        "Role_Start_Date__c": {
          "datatype": "string",
          "expression": "Role_Start_Date__c"
        },
        "Role_End_Date__c": {
          "datatype": "string",
          "expression": ""
        },
        "Role_End_Date__var": {
          "datatype": "date/time",
          "expression": "iif(isnull(Role_End_Date__c),NULL,to_date(Role_End_Date__c))"
        },
        "Role_End_Date__out": {
          "datatype": "date/time",
          "expression": "Role_End_Date__var"
        },
        "Primary_Role__c": {
          "datatype": "string",
          "expression": ""
        },
        "PRIMARY_INDICATOR": {
          "datatype": "string",
          "expression": "'N'"
        },
        "Role_Inactivation_Reason__c": {
          "datatype": "string",
          "expression": ""
        },
        "Inactive_Reason_Type_var": {
          "datatype": "integer",
          "expression": ":LKP.lkp_values(ltrim(rtrim(Role_Inactivation_Reason__c)),'INACTIVATION_REASON_ID')"
        },
        "Inactive_Reason_Type_var2": {
          "datatype": "bigint",
          "expression": "iif(isnull(Role_Inactivation_Reason__c),NULL,iif(isnull(Inactive_Reason_Type_var),9999,Inactive_Reason_Type_var))"
        },
        "Inactive_Reason_Id_out": {
          "datatype": "bigint",
          "expression": "Inactive_Reason_Type_var2"
        },
        "Role_Status__c": {
          "datatype": "string",
          "expression": ""
        },
        "Role_Status_Id_var": {
          "datatype": "integer",
          "expression": "IIF\r\n(ISNULL(org_role_type),\r\n:LKP.lkp_values(ltrim(rtrim(Role_Status__c)),'PARTY_ROLE_STATUS_ID')\r\n,:LKP.lkp_values(ltrim(rtrim('Active')),'PARTY_ROLE_STATUS_ID')\r\n)"
        },
        "Role_Status_Id_var2": {
          "datatype": "bigint",
          "expression": "iif(isnull(Role_Status__c),NULL,iif(isnull(Role_Status_Id_var),9999,Role_Status_Id_var))"
        },
        "Role_Status_Id_out": {
          "datatype": "bigint",
          "expression": "Role_Status_Id_var2"
        },
        "Role__c": {
          "datatype": "string",
          "expression": ""
        },
        "Role_Type_Id_var": {
          "datatype": "integer",
          "expression": "DECODE(TRUE,\r\n\r\norg_role_type='AFS Licensee Firm' , :LKP.lkp_values ('AFS Licensee Firm','PARTY_ROLE_TYPE_ID'),\r\norg_role_type='Corporate Authorized Representative Firm',:LKP.lkp_values('Corporate Authorized Representative Firm','PARTY_ROLE_TYPE_ID'),\r\nISNULL (org_role_type),:LKP.lkp_values(ltrim(rtrim(Role__c)),'PARTY_ROLE_TYPE_ID')\r\n)\r\n\r\n\r\n\r\n\r\n\r\n\r\n\r\n\r\n\r\n\r\n\r\n\r\n"
        },
        "RecordTypeName": {
          "datatype": "string",
          "expression": ""
        },
        "Organization_ID__c": {
          "datatype": "string",
          "expression": ""
        },
        "Role_Type_Id_var2": {
          "datatype": "bigint",
          "expression": "iif(isnull(Role__c),NULL,iif(isnull(Role_Type_Id_var),9999,Role_Type_Id_var))"
        },
        "Role_Type_Id_out": {
          "datatype": "bigint",
          "expression": "Role_Type_Id_var2"
        },
        "Source_System": {
          "datatype": "string",
          "expression": "'SFDC'"
        },
        "Id": {
          "datatype": "string",
          "expression": ""
        },
        "Id_Out": {
          "datatype": "string",
          "expression": "'ORG_'||Id"
        },
        "LastModifiedDate": {
          "datatype": "string",
          "expression": "LastModifiedDate"
        },
        "Source_System_Name": {
          "datatype": "string",
          "expression": "Source_System_Name"
        },
        "CreatedByAlias": {
          "datatype": "string",
          "expression": "CreatedByAlias"
        },
        "CreatedDate": {
          "datatype": "string",
          "expression": "CreatedDate"
        },
        "LastModifiedByAlias": {
          "datatype": "string",
          "expression": "LastModifiedByAlias"
        },
        "OrgOfficeRoleId": {
          "datatype": "string",
          "expression": "OrgOfficeRoleId"
        },
        "SOURCE_PARTY_ROLE_ID": {
          "datatype": "nstring",
          "expression": "IIF( ISNULL(org_role_type), Id||Role__c , Id||org_role_type)"
        },
        "PARENT_SOURCE_SYSTEM": {
          "datatype": "string",
          "expression": "'SFDC'"
        },
        "ORG_INTERMEDIARY_NUMBER": {
          "datatype": "nstring",
          "expression": "DECODE(TRUE\r\n,RecordTypeName='Insurance Organization',Organization_ID__c\r\n,NULL)"
        },
        "MAPPING_NAME": {
          "datatype": "string",
          "expression": "$PMMappingName"
        },
        "created_date": {
          "datatype": "nstring",
          "expression": ""
        },
        "V_CHK_ROLE_TYPE_ID": {
          "datatype": "string",
          "expression": "IIF (Role_Type_Id_var2 = 9999 ,:SP.SP_LKP_LOAD_TOTAL_ERROR_INFO(Role__c,'ORG_'||Id,Id||Role__c, 'ROLE_TYPE_ID',created_date,Source_System_Name, 'wf_landing_sfdc_to_cdm_organization_party_role','9999 Rejected record', 'wf_landing_sfdc_to_cdm_organization_party_role'),NULL)"
        },
        "DEFERRED_OWNERSHIP_IND": {
          "datatype": "string",
          "expression": "IIF(IN(RecordTypeName,'Retail Org RO','CIAM Org RO','NT Advisory Org RO','Financial Intermediary'), 'Y','N')"
        },
        "org_role_type": {
          "datatype": "nstring",
          "expression": "org_role_type"
        }
      }
    },
    {
      "name": "flt_org_role",
      "type": "Filter",
      "properties": {
        "Role_Start_Date__c": {
          "datatype": "string",
          "expression": ""
        },
        "Role_End_Date__c": {
          "datatype": "string",
          "expression": ""
        },
        "Primary_Role__c": {
          "datatype": "string",
          "expression": ""
        },
        "Role_Inactivation_Reason__c": {
          "datatype": "string",
          "expression": ""
        },
        "Role_Status__c": {
          "datatype": "string",
          "expression": ""
        },
        "Role__c": {
          "datatype": "string",
          "expression": ""
        },
        "Account_Name__c": {
          "datatype": "string",
          "expression": ""
        },
        "Id": {
          "datatype": "string",
          "expression": ""
        },
        "FILTER_CONDITION": ""
      }
    },
    {
      "name": "SP_LKP_LOAD_TOTAL_ERROR_INFO",
      "type": "Stored Procedure",
      "properties": {
        "src_val": {
          "datatype": "string",
          "expression": ""
        },
        "src_party_id": {
          "datatype": "nstring",
          "expression": ""
        },
        "src_spec_xfrm_id": {
          "datatype": "nstring",
          "expression": ""
        },
        "attrib_nm": {
          "datatype": "nstring",
          "expression": ""
        },
        "created_date": {
          "datatype": "nstring",
          "expression": ""
        },
        "src_system": {
          "datatype": "string",
          "expression": ""
        },
        "etlname": {
          "datatype": "nstring",
          "expression": ""
        },
        "error_msg": {
          "datatype": "nstring",
          "expression": ""
        },
        "dw_pgm_name": {
          "datatype": "nstring",
          "expression": ""
        }
      }
    },
    {
      "name": "SQ_pre_land_sfdc_org_office_role",
      "type": "Source Qualifier",
      "properties": {
        "Id": {
          "datatype": "string",
          "expression": ""
        },
        "CreatedDate": {
          "datatype": "string",
          "expression": ""
        },
        "CreatedByAlias": {
          "datatype": "string",
          "expression": ""
        },
        "LastModifiedDate": {
          "datatype": "string",
          "expression": ""
        },
        "LastModifiedAlias": {
          "datatype": "string",
          "expression": ""
        },
        "LastActivityDate": {
          "datatype": "string",
          "expression": ""
        },
        "Role_Start_Date__c": {
          "datatype": "string",
          "expression": ""
        },
        "Role_End_Date__c": {
          "datatype": "string",
          "expression": ""
        },
        "Primary_Role__c": {
          "datatype": "string",
          "expression": ""
        },
        "Role_Inactivation_Reason__c": {
          "datatype": "string",
          "expression": ""
        },
        "Role_Status__c": {
          "datatype": "string",
          "expression": ""
        },
        "Role__c": {
          "datatype": "string",
          "expression": ""
        },
        "Account_Name__c": {
          "datatype": "string",
          "expression": ""
        }
      }
    },
    {
      "name": "srtr_data_prep1",
      "type": "Sorter",
      "properties": {
        "Role_Start_Date__c": {
          "datatype": "string",
          "expression": ""
        },
        "Role_End_Date__c": {
          "datatype": "string",
          "expression": ""
        },
        "Primary_Role__c": {
          "datatype": "string",
          "expression": ""
        },
        "Role_Inactivation_Reason__c": {
          "datatype": "string",
          "expression": ""
        },
        "Role_Status__c": {
          "datatype": "string",
          "expression": ""
        },
        "Role__c": {
          "datatype": "string",
          "expression": ""
        },
        "Account_Name__c": {
          "datatype": "string",
          "expression": ""
        },
        "Id": {
          "datatype": "string",
          "expression": ""
        }
      }
    },
    {
      "name": "exp_org",
      "type": "Expression",
      "properties": {
        "Id": {
          "datatype": "string",
          "expression": "Id"
        },
        "CreatedByAlias": {
          "datatype": "string",
          "expression": "CreatedByAlias"
        },
        "CreatedDate": {
          "datatype": "string",
          "expression": "CreatedDate"
        },
        "LastModifiedByAlias": {
          "datatype": "string",
          "expression": "LastModifiedByAlias"
        },
        "LastModifiedDate": {
          "datatype": "string",
          "expression": "LastModifiedDate"
        },
        "Source_System_Name": {
          "datatype": "string",
          "expression": "Source_System_Name"
        },
        "Organization_ID__c": {
          "datatype": "string",
          "expression": "Organization_ID__c"
        },
        "RecordTypeName": {
          "datatype": "string",
          "expression": "RecordTypeName"
        },
        "org_role_type": {
          "datatype": "nstring",
          "expression": "org_role_type"
        }
      }
    },
    {
      "name": "flt_org",
      "type": "Filter",
      "properties": {
        "Id": {
          "datatype": "string",
          "expression": ""
        },
        "CreatedByAlias": {
          "datatype": "string",
          "expression": ""
        },
        "CreatedDate": {
          "datatype": "string",
          "expression": ""
        },
        "LastModifiedByAlias": {
          "datatype": "string",
          "expression": ""
        },
        "LastModifiedDate": {
          "datatype": "string",
          "expression": ""
        },
        "Source_System_Name": {
          "datatype": "string",
          "expression": ""
        },
        "RecordTypeName": {
          "datatype": "string",
          "expression": ""
        },
        "Organization_ID__c": {
          "datatype": "string",
          "expression": ""
        },
        "org_role_type": {
          "datatype": "nstring",
          "expression": ""
        },
        "FILTER_CONDITION": ""
      }
    },
    {
      "name": "SQ_pre_land_sfdc_organization",
      "type": "Source Qualifier",
      "properties": {
        "Id": {
          "datatype": "string",
          "expression": ""
        },
        "ParentId": {
          "datatype": "string",
          "expression": ""
        },
        "Tier__c": {
          "datatype": "string",
          "expression": ""
        },
        "Status__c": {
          "datatype": "string",
          "expression": ""
        },
        "RecordTypeName": {
          "datatype": "string",
          "expression": ""
        },
        "CRD__c": {
          "datatype": "string",
          "expression": ""
        },
        "Registration_Type__c": {
          "datatype": "string",
          "expression": ""
        },
        "Primary_CG_Org_Owner__c": {
          "datatype": "string",
          "expression": ""
        },
        "Primary_CG_Org_Owner__r_alias": {
          "datatype": "string",
          "expression": ""
        },
        "Primary_CG_Org_Owner__r_Associate_ID__c": {
          "datatype": "string",
          "expression": ""
        },
        "Primary_Channel__c": {
          "datatype": "string",
          "expression": ""
        },
        "Type": {
          "datatype": "string",
          "expression": ""
        },
        "Organization_Direct__c": {
          "datatype": "string",
          "expression": ""
        },
        "Name": {
          "datatype": "nstring",
          "expression": ""
        },
        "Marketing_Email_Restriction__c": {
          "datatype": "string",
          "expression": ""
        },
        "Organization_ID__c": {
          "datatype": "string",
          "expression": ""
        },
        "BillingStreet": {
          "datatype": "nstring",
          "expression": ""
        },
        "BillingCity": {
          "datatype": "nstring",
          "expression": ""
        },
        "BillingState": {
          "datatype": "nstring",
          "expression": ""
        },
        "BillingPostalCode": {
          "datatype": "string",
          "expression": ""
        },
        "BillingCountry": {
          "datatype": "nstring",
          "expression": ""
        },
        "IsDeleted": {
          "datatype": "string",
          "expression": ""
        },
        "CreatedByAlias": {
          "datatype": "string",
          "expression": ""
        },
        "CreatedDate": {
          "datatype": "string",
          "expression": ""
        },
        "LastModifiedByAlias": {
          "datatype": "string",
          "expression": ""
        },
        "LastModifiedDate": {
          "datatype": "string",
          "expression": ""
        },
        "GU_ID__c": {
          "datatype": "string",
          "expression": ""
        },
        "Source_System_Name": {
          "datatype": "string",
          "expression": ""
        },
        "Primary_Address_Type__c": {
          "datatype": "string",
          "expression": ""
        },
        "Secondary_Address_Type__c": {
          "datatype": "string",
          "expression": ""
        },
        "Location_Type__c": {
          "datatype": "string",
          "expression": ""
        },
        "Legal_Name__c": {
          "datatype": "nstring",
          "expression": ""
        },
        "SEC__c": {
          "datatype": "string",
          "expression": ""
        },
        "ShippingStreet": {
          "datatype": "nstring",
          "expression": ""
        },
        "ShippingCity": {
          "datatype": "nstring",
          "expression": ""
        },
        "ShippingState": {
          "datatype": "nstring",
          "expression": ""
        },
        "ShippingPostalCode": {
          "datatype": "nstring",
          "expression": ""
        },
        "ShippingCountry": {
          "datatype": "nstring",
          "expression": ""
        },
        "Corporate_Structure__c": {
          "datatype": "string",
          "expression": ""
        },
        "Inactivated_Date__c": {
          "datatype": "string",
          "expression": ""
        },
        "Org_Tax_ID_Number__c": {
          "datatype": "string",
          "expression": ""
        },
        "Phone": {
          "datatype": "nstring",
          "expression": ""
        },
        "Fax": {
          "datatype": "nstring",
          "expression": ""
        },
        "Website": {
          "datatype": "nstring",
          "expression": ""
        },
        "org_role_type": {
          "datatype": "nstring",
          "expression": ""
        }
      }
    },
    {
      "name": "exp_org_role",
      "type": "Expression",
      "properties": {
        "Role_Start_Date__c": {
          "datatype": "string",
          "expression": "Role_Start_Date__c"
        },
        "Role_End_Date__c": {
          "datatype": "string",
          "expression": "Role_End_Date__c"
        },
        "Primary_Role__c": {
          "datatype": "string",
          "expression": "Primary_Role__c"
        },
        "Role_Inactivation_Reason__c": {
          "datatype": "string",
          "expression": "Role_Inactivation_Reason__c"
        },
        "Role_Status__c": {
          "datatype": "string",
          "expression": "Role_Status__c"
        },
        "Role__c": {
          "datatype": "string",
          "expression": "Role__c"
        },
        "Account_Name__c": {
          "datatype": "string",
          "expression": "Account_Name__c"
        },
        "Id": {
          "datatype": "string",
          "expression": "Id"
        }
      }
    },
    {
      "name": "lkp_values",
      "type": "Lookup Procedure",
      "properties": {
        "src_val_in": {
          "datatype": "string",
          "expression": ""
        },
        "attrib_nm_in": {
          "datatype": "string",
          "expression": ""
        },
        "src_sys_nm": {
          "datatype": "string",
          "expression": ""
        },
        "attrib_nm": {
          "datatype": "string",
          "expression": ""
        },
        "src_val": {
          "datatype": "string",
          "expression": ""
        },
        "std_lkup_id": {
          "datatype": "integer",
          "expression": ""
        }
      }
    }
  ],
  "connections": [
    {
      "from_instance": "FIL_Null_Role_Type_id",
      "from_field": "PRIMARY_INDICATOR",
      "to_instance": "TODAY_PARTY_ROLE_XFORM",
      "to_field": "primary_indicator"
    },
    {
      "from_instance": "FIL_Null_Role_Type_id",
      "from_field": "Inactive_Reason_Id_out",
      "to_instance": "TODAY_PARTY_ROLE_XFORM",
      "to_field": "inactivation_reason_id"
    },
    {
      "from_instance": "FIL_Null_Role_Type_id",
      "from_field": "Role_Status_Id_out",
      "to_instance": "TODAY_PARTY_ROLE_XFORM",
      "to_field": "status_id"
    },
    {
      "from_instance": "FIL_Null_Role_Type_id",
      "from_field": "Role_Type_Id_out",
      "to_instance": "TODAY_PARTY_ROLE_XFORM",
      "to_field": "role_type_id"
    },
    {
      "from_instance": "FIL_Null_Role_Type_id",
      "from_field": "Role_End_Date__out",
      "to_instance": "TODAY_PARTY_ROLE_XFORM",
      "to_field": "inactivation_date"
    },
    {
      "from_instance": "FIL_Null_Role_Type_id",
      "from_field": "Id_Out",
      "to_instance": "TODAY_PARTY_ROLE_XFORM",
      "to_field": "source_party_id"
    },
    {
      "from_instance": "FIL_Null_Role_Type_id",
      "from_field": "LastModifiedDate",
      "to_instance": "TODAY_PARTY_ROLE_XFORM",
      "to_field": "last_updated_date"
    },
    {
      "from_instance": "FIL_Null_Role_Type_id",
      "from_field": "Source_System_Name",
      "to_instance": "TODAY_PARTY_ROLE_XFORM",
      "to_field": "source_system"
    },
    {
      "from_instance": "FIL_Null_Role_Type_id",
      "from_field": "CreatedByAlias",
      "to_instance": "TODAY_PARTY_ROLE_XFORM",
      "to_field": "created_by"
    },
    {
      "from_instance": "FIL_Null_Role_Type_id",
      "from_field": "CreatedDate",
      "to_instance": "TODAY_PARTY_ROLE_XFORM",
      "to_field": "created_date"
    },
    {
      "from_instance": "FIL_Null_Role_Type_id",
      "from_field": "LastModifiedByAlias",
      "to_instance": "TODAY_PARTY_ROLE_XFORM",
      "to_field": "last_updated_by"
    },
    {
      "from_instance": "FIL_Null_Role_Type_id",
      "from_field": "SOURCE_PARTY_ROLE_ID",
      "to_instance": "TODAY_PARTY_ROLE_XFORM",
      "to_field": "source_party_role_id"
    },
    {
      "from_instance": "FIL_Null_Role_Type_id",
      "from_field": "PARENT_SOURCE_SYSTEM",
      "to_instance": "TODAY_PARTY_ROLE_XFORM",
      "to_field": "parent_source_system"
    },
    {
      "from_instance": "FIL_Null_Role_Type_id",
      "from_field": "ORG_INTERMEDIARY_NUMBER",
      "to_instance": "TODAY_PARTY_ROLE_XFORM",
      "to_field": "org_intermediary_number"
    },
    {
      "from_instance": "FIL_Null_Role_Type_id",
      "from_field": "MAPPING_NAME",
      "to_instance": "TODAY_PARTY_ROLE_XFORM",
      "to_field": "mapping_name"
    },
    {
      "from_instance": "FIL_Null_Role_Type_id",
      "from_field": "DEFERRED_OWNERSHIP_IND",
      "to_instance": "TODAY_PARTY_ROLE_XFORM",
      "to_field": "DEFERRED_OWNERSHIP_IND"
    },
    {
      "from_instance": "exp_lookup_values",
      "from_field": "Role_End_Date__out",
      "to_instance": "FIL_Null_Role_Type_id",
      "to_field": "Role_End_Date__out"
    },
    {
      "from_instance": "exp_lookup_values",
      "from_field": "PRIMARY_INDICATOR",
      "to_instance": "FIL_Null_Role_Type_id",
      "to_field": "PRIMARY_INDICATOR"
    },
    {
      "from_instance": "exp_lookup_values",
      "from_field": "Inactive_Reason_Id_out",
      "to_instance": "FIL_Null_Role_Type_id",
      "to_field": "Inactive_Reason_Id_out"
    },
    {
      "from_instance": "exp_lookup_values",
      "from_field": "Role_Status_Id_out",
      "to_instance": "FIL_Null_Role_Type_id",
      "to_field": "Role_Status_Id_out"
    },
    {
      "from_instance": "exp_lookup_values",
      "from_field": "Role_Type_Id_out",
      "to_instance": "FIL_Null_Role_Type_id",
      "to_field": "Role_Type_Id_out"
    },
    {
      "from_instance": "exp_lookup_values",
      "from_field": "Id_Out",
      "to_instance": "FIL_Null_Role_Type_id",
      "to_field": "Id_Out"
    },
    {
      "from_instance": "exp_lookup_values",
      "from_field": "LastModifiedDate",
      "to_instance": "FIL_Null_Role_Type_id",
      "to_field": "LastModifiedDate"
    },
    {
      "from_instance": "exp_lookup_values",
      "from_field": "Source_System_Name",
      "to_instance": "FIL_Null_Role_Type_id",
      "to_field": "Source_System_Name"
    },
    {
      "from_instance": "exp_lookup_values",
      "from_field": "CreatedByAlias",
      "to_instance": "FIL_Null_Role_Type_id",
      "to_field": "CreatedByAlias"
    },
    {
      "from_instance": "exp_lookup_values",
      "from_field": "CreatedDate",
      "to_instance": "FIL_Null_Role_Type_id",
      "to_field": "CreatedDate"
    },
    {
      "from_instance": "exp_lookup_values",
      "from_field": "LastModifiedByAlias",
      "to_instance": "FIL_Null_Role_Type_id",
      "to_field": "LastModifiedByAlias"
    },
    {
      "from_instance": "exp_lookup_values",
      "from_field": "SOURCE_PARTY_ROLE_ID",
      "to_instance": "FIL_Null_Role_Type_id",
      "to_field": "SOURCE_PARTY_ROLE_ID"
    },
    {
      "from_instance": "exp_lookup_values",
      "from_field": "PARENT_SOURCE_SYSTEM",
      "to_instance": "FIL_Null_Role_Type_id",
      "to_field": "PARENT_SOURCE_SYSTEM"
    },
    {
      "from_instance": "exp_lookup_values",
      "from_field": "ORG_INTERMEDIARY_NUMBER",
      "to_instance": "FIL_Null_Role_Type_id",
      "to_field": "ORG_INTERMEDIARY_NUMBER"
    },
    {
      "from_instance": "exp_lookup_values",
      "from_field": "MAPPING_NAME",
      "to_instance": "FIL_Null_Role_Type_id",
      "to_field": "MAPPING_NAME"
    },
    {
      "from_instance": "exp_lookup_values",
      "from_field": "DEFERRED_OWNERSHIP_IND",
      "to_instance": "FIL_Null_Role_Type_id",
      "to_field": "DEFERRED_OWNERSHIP_IND"
    },
    {
      "from_instance": "srtr_data_prep",
      "from_field": "Id",
      "to_instance": "jnr_org",
      "to_field": "Id"
    },
    {
      "from_instance": "srtr_data_prep",
      "from_field": "CreatedByAlias",
      "to_instance": "jnr_org",
      "to_field": "CreatedByAlias"
    },
    {
      "from_instance": "srtr_data_prep",
      "from_field": "CreatedDate",
      "to_instance": "jnr_org",
      "to_field": "CreatedDate"
    },
    {
      "from_instance": "srtr_data_prep",
      "from_field": "Source_System_Name",
      "to_instance": "jnr_org",
      "to_field": "Source_System_Name"
    },
    {
      "from_instance": "srtr_data_prep",
      "from_field": "Organization_ID__c",
      "to_instance": "jnr_org",
      "to_field": "Organization_ID__c"
    },
    {
      "from_instance": "srtr_data_prep",
      "from_field": "RecordTypeName",
      "to_instance": "jnr_org",
      "to_field": "RecordTypeName"
    },
    {
      "from_instance": "srtr_data_prep",
      "from_field": "LastModifiedByAlias",
      "to_instance": "jnr_org",
      "to_field": "LastModifiedByAlias"
    },
    {
      "from_instance": "srtr_data_prep",
      "from_field": "LastModifiedDate",
      "to_instance": "jnr_org",
      "to_field": "LastModifiedDate"
    },
    {
      "from_instance": "srtr_data_prep",
      "from_field": "org_role_type",
      "to_instance": "jnr_org",
      "to_field": "org_role_type"
    },
    {
      "from_instance": "exp_org",
      "from_field": "Id",
      "to_instance": "srtr_data_prep",
      "to_field": "Id"
    },
    {
      "from_instance": "exp_org",
      "from_field": "CreatedByAlias",
      "to_instance": "srtr_data_prep",
      "to_field": "CreatedByAlias"
    },
    {
      "from_instance": "exp_org",
      "from_field": "CreatedDate",
      "to_instance": "srtr_data_prep",
      "to_field": "CreatedDate"
    },
    {
      "from_instance": "exp_org",
      "from_field": "LastModifiedByAlias",
      "to_instance": "srtr_data_prep",
      "to_field": "LastModifiedByAlias"
    },
    {
      "from_instance": "exp_org",
      "from_field": "LastModifiedDate",
      "to_instance": "srtr_data_prep",
      "to_field": "LastModifiedDate"
    },
    {
      "from_instance": "exp_org",
      "from_field": "Source_System_Name",
      "to_instance": "srtr_data_prep",
      "to_field": "Source_System_Name"
    },
    {
      "from_instance": "exp_org",
      "from_field": "Organization_ID__c",
      "to_instance": "srtr_data_prep",
      "to_field": "Organization_ID__c"
    },
    {
      "from_instance": "exp_org",
      "from_field": "RecordTypeName",
      "to_instance": "srtr_data_prep",
      "to_field": "RecordTypeName"
    },
    {
      "from_instance": "exp_org",
      "from_field": "org_role_type",
      "to_instance": "srtr_data_prep",
      "to_field": "org_role_type"
    },
    {
      "from_instance": "pre_land_sfdc_org_office_role",
      "from_field": "LastModifiedDate",
      "to_instance": "SQ_pre_land_sfdc_org_office_role",
      "to_field": "LastModifiedDate"
    },
    {
      "from_instance": "pre_land_sfdc_org_office_role",
      "from_field": "LastActivityDate",
      "to_instance": "SQ_pre_land_sfdc_org_office_role",
      "to_field": "LastActivityDate"
    },
    {
      "from_instance": "pre_land_sfdc_org_office_role",
      "from_field": "Role_Start_Date__c",
      "to_instance": "SQ_pre_land_sfdc_org_office_role",
      "to_field": "Role_Start_Date__c"
    },
    {
      "from_instance": "pre_land_sfdc_org_office_role",
      "from_field": "Role_End_Date__c",
      "to_instance": "SQ_pre_land_sfdc_org_office_role",
      "to_field": "Role_End_Date__c"
    },
    {
      "from_instance": "pre_land_sfdc_org_office_role",
      "from_field": "Primary_Role__c",
      "to_instance": "SQ_pre_land_sfdc_org_office_role",
      "to_field": "Primary_Role__c"
    },
    {
      "from_instance": "pre_land_sfdc_org_office_role",
      "from_field": "Role_Inactivation_Reason__c",
      "to_instance": "SQ_pre_land_sfdc_org_office_role",
      "to_field": "Role_Inactivation_Reason__c"
    },
    {
      "from_instance": "pre_land_sfdc_org_office_role",
      "from_field": "Role_Status__c",
      "to_instance": "SQ_pre_land_sfdc_org_office_role",
      "to_field": "Role_Status__c"
    },
    {
      "from_instance": "pre_land_sfdc_org_office_role",
      "from_field": "Role__c",
      "to_instance": "SQ_pre_land_sfdc_org_office_role",
      "to_field": "Role__c"
    },
    {
      "from_instance": "pre_land_sfdc_org_office_role",
      "from_field": "Account_Name__c",
      "to_instance": "SQ_pre_land_sfdc_org_office_role",
      "to_field": "Account_Name__c"
    },
    {
      "from_instance": "pre_land_sfdc_org_office_role",
      "from_field": "LastModifiedAlias",
      "to_instance": "SQ_pre_land_sfdc_org_office_role",
      "to_field": "LastModifiedAlias"
    },
    {
      "from_instance": "pre_land_sfdc_org_office_role",
      "from_field": "Id",
      "to_instance": "SQ_pre_land_sfdc_org_office_role",
      "to_field": "Id"
    },
    {
      "from_instance": "pre_land_sfdc_org_office_role",
      "from_field": "CreatedDate",
      "to_instance": "SQ_pre_land_sfdc_org_office_role",
      "to_field": "CreatedDate"
    },
    {
      "from_instance": "pre_land_sfdc_org_office_role",
      "from_field": "CreatedByAlias",
      "to_instance": "SQ_pre_land_sfdc_org_office_role",
      "to_field": "CreatedByAlias"
    },
    {
      "from_instance": "pre_land_sfdc_organization",
      "from_field": "Primary_CG_Org_Owner__r_Associate_ID__c",
      "to_instance": "SQ_pre_land_sfdc_organization",
      "to_field": "Primary_CG_Org_Owner__r_Associate_ID__c"
    },
    {
      "from_instance": "pre_land_sfdc_organization",
      "from_field": "Primary_Channel__c",
      "to_instance": "SQ_pre_land_sfdc_organization",
      "to_field": "Primary_Channel__c"
    },
    {
      "from_instance": "pre_land_sfdc_organization",
      "from_field": "Type",
      "to_instance": "SQ_pre_land_sfdc_organization",
      "to_field": "Type"
    },
    {
      "from_instance": "pre_land_sfdc_organization",
      "from_field": "Organization_Direct__c",
      "to_instance": "SQ_pre_land_sfdc_organization",
      "to_field": "Organization_Direct__c"
    },
    {
      "from_instance": "pre_land_sfdc_organization",
      "from_field": "Name",
      "to_instance": "SQ_pre_land_sfdc_organization",
      "to_field": "Name"
    },
    {
      "from_instance": "pre_land_sfdc_organization",
      "from_field": "Fax",
      "to_instance": "SQ_pre_land_sfdc_organization",
      "to_field": "Fax"
    },
    {
      "from_instance": "pre_land_sfdc_organization",
      "from_field": "Tier__c",
      "to_instance": "SQ_pre_land_sfdc_organization",
      "to_field": "Tier__c"
    },
    {
      "from_instance": "pre_land_sfdc_organization",
      "from_field": "Status__c",
      "to_instance": "SQ_pre_land_sfdc_organization",
      "to_field": "Status__c"
    },
    {
      "from_instance": "pre_land_sfdc_organization",
      "from_field": "RecordTypeName",
      "to_instance": "SQ_pre_land_sfdc_organization",
      "to_field": "RecordTypeName"
    },
    {
      "from_instance": "pre_land_sfdc_organization",
      "from_field": "CRD__c",
      "to_instance": "SQ_pre_land_sfdc_organization",
      "to_field": "CRD__c"
    },
    {
      "from_instance": "pre_land_sfdc_organization",
      "from_field": "Registration_Type__c",
      "to_instance": "SQ_pre_land_sfdc_organization",
      "to_field": "Registration_Type__c"
    },
    {
      "from_instance": "pre_land_sfdc_organization",
      "from_field": "Website",
      "to_instance": "SQ_pre_land_sfdc_organization",
      "to_field": "Website"
    },
    {
      "from_instance": "pre_land_sfdc_organization",
      "from_field": "Marketing_Email_Restriction__c",
      "to_instance": "SQ_pre_land_sfdc_organization",
      "to_field": "Marketing_Email_Restriction__c"
    },
    {
      "from_instance": "pre_land_sfdc_organization",
      "from_field": "Organization_ID__c",
      "to_instance": "SQ_pre_land_sfdc_organization",
      "to_field": "Organization_ID__c"
    },
    {
      "from_instance": "pre_land_sfdc_organization",
      "from_field": "BillingStreet",
      "to_instance": "SQ_pre_land_sfdc_organization",
      "to_field": "BillingStreet"
    },
    {
      "from_instance": "pre_land_sfdc_organization",
      "from_field": "BillingCity",
      "to_instance": "SQ_pre_land_sfdc_organization",
      "to_field": "BillingCity"
    },
    {
      "from_instance": "pre_land_sfdc_organization",
      "from_field": "BillingState",
      "to_instance": "SQ_pre_land_sfdc_organization",
      "to_field": "BillingState"
    },
    {
      "from_instance": "pre_land_sfdc_organization",
      "from_field": "LastModifiedByAlias",
      "to_instance": "SQ_pre_land_sfdc_organization",
      "to_field": "LastModifiedByAlias"
    },
    {
      "from_instance": "pre_land_sfdc_organization",
      "from_field": "LastModifiedDate",
      "to_instance": "SQ_pre_land_sfdc_organization",
      "to_field": "LastModifiedDate"
    },
    {
      "from_instance": "pre_land_sfdc_organization",
      "from_field": "GU_ID__c",
      "to_instance": "SQ_pre_land_sfdc_organization",
      "to_field": "GU_ID__c"
    },
    {
      "from_instance": "pre_land_sfdc_organization",
      "from_field": "ShippingPostalCode",
      "to_instance": "SQ_pre_land_sfdc_organization",
      "to_field": "ShippingPostalCode"
    },
    {
      "from_instance": "pre_land_sfdc_organization",
      "from_field": "ShippingCountry",
      "to_instance": "SQ_pre_land_sfdc_organization",
      "to_field": "ShippingCountry"
    },
    {
      "from_instance": "pre_land_sfdc_organization",
      "from_field": "Source_System_Name",
      "to_instance": "SQ_pre_land_sfdc_organization",
      "to_field": "Source_System_Name"
    },
    {
      "from_instance": "pre_land_sfdc_organization",
      "from_field": "Primary_Address_Type__c",
      "to_instance": "SQ_pre_land_sfdc_organization",
      "to_field": "Primary_Address_Type__c"
    },
    {
      "from_instance": "pre_land_sfdc_organization",
      "from_field": "Secondary_Address_Type__c",
      "to_instance": "SQ_pre_land_sfdc_organization",
      "to_field": "Secondary_Address_Type__c"
    },
    {
      "from_instance": "pre_land_sfdc_organization",
      "from_field": "Location_Type__c",
      "to_instance": "SQ_pre_land_sfdc_organization",
      "to_field": "Location_Type__c"
    },
    {
      "from_instance": "pre_land_sfdc_organization",
      "from_field": "BillingPostalCode",
      "to_instance": "SQ_pre_land_sfdc_organization",
      "to_field": "BillingPostalCode"
    },
    {
      "from_instance": "pre_land_sfdc_organization",
      "from_field": "BillingCountry",
      "to_instance": "SQ_pre_land_sfdc_organization",
      "to_field": "BillingCountry"
    },
    {
      "from_instance": "pre_land_sfdc_organization",
      "from_field": "IsDeleted",
      "to_instance": "SQ_pre_land_sfdc_organization",
      "to_field": "IsDeleted"
    },
    {
      "from_instance": "pre_land_sfdc_organization",
      "from_field": "CreatedByAlias",
      "to_instance": "SQ_pre_land_sfdc_organization",
      "to_field": "CreatedByAlias"
    },
    {
      "from_instance": "pre_land_sfdc_organization",
      "from_field": "CreatedDate",
      "to_instance": "SQ_pre_land_sfdc_organization",
      "to_field": "CreatedDate"
    },
    {
      "from_instance": "pre_land_sfdc_organization",
      "from_field": "Legal_Name__c",
      "to_instance": "SQ_pre_land_sfdc_organization",
      "to_field": "Legal_Name__c"
    },
    {
      "from_instance": "pre_land_sfdc_organization",
      "from_field": "SEC__c",
      "to_instance": "SQ_pre_land_sfdc_organization",
      "to_field": "SEC__c"
    },
    {
      "from_instance": "pre_land_sfdc_organization",
      "from_field": "ShippingStreet",
      "to_instance": "SQ_pre_land_sfdc_organization",
      "to_field": "ShippingStreet"
    },
    {
      "from_instance": "pre_land_sfdc_organization",
      "from_field": "ShippingCity",
      "to_instance": "SQ_pre_land_sfdc_organization",
      "to_field": "ShippingCity"
    },
    {
      "from_instance": "pre_land_sfdc_organization",
      "from_field": "ShippingState",
      "to_instance": "SQ_pre_land_sfdc_organization",
      "to_field": "ShippingState"
    },
    {
      "from_instance": "pre_land_sfdc_organization",
      "from_field": "Id",
      "to_instance": "SQ_pre_land_sfdc_organization",
      "to_field": "Id"
    },
    {
      "from_instance": "pre_land_sfdc_organization",
      "from_field": "ParentId",
      "to_instance": "SQ_pre_land_sfdc_organization",
      "to_field": "ParentId"
    },
    {
      "from_instance": "pre_land_sfdc_organization",
      "from_field": "Primary_CG_Org_Owner__c",
      "to_instance": "SQ_pre_land_sfdc_organization",
      "to_field": "Primary_CG_Org_Owner__c"
    },
    {
      "from_instance": "pre_land_sfdc_organization",
      "from_field": "Primary_CG_Org_Owner__r_alias",
      "to_instance": "SQ_pre_land_sfdc_organization",
      "to_field": "Primary_CG_Org_Owner__r_alias"
    },
    {
      "from_instance": "pre_land_sfdc_organization",
      "from_field": "Corporate_Structure__c",
      "to_instance": "SQ_pre_land_sfdc_organization",
      "to_field": "Corporate_Structure__c"
    },
    {
      "from_instance": "pre_land_sfdc_organization",
      "from_field": "Inactivated_Date__c",
      "to_instance": "SQ_pre_land_sfdc_organization",
      "to_field": "Inactivated_Date__c"
    },
    {
      "from_instance": "pre_land_sfdc_organization",
      "from_field": "Org_Tax_ID_Number__c",
      "to_instance": "SQ_pre_land_sfdc_organization",
      "to_field": "Org_Tax_ID_Number__c"
    },
    {
      "from_instance": "pre_land_sfdc_organization",
      "from_field": "Phone",
      "to_instance": "SQ_pre_land_sfdc_organization",
      "to_field": "Phone"
    },
    {
      "from_instance": "pre_land_sfdc_organization",
      "from_field": "Website",
      "to_instance": "SQ_pre_land_sfdc_organization",
      "to_field": "org_role_type"
    },
    {
      "from_instance": "srtr_data_prep1",
      "from_field": "Account_Name__c",
      "to_instance": "jnr_org",
      "to_field": "Account_Name__c"
    },
    {
      "from_instance": "srtr_data_prep1",
      "from_field": "Id",
      "to_instance": "jnr_org",
      "to_field": "Id1"
    },
    {
      "from_instance": "srtr_data_prep1",
      "from_field": "Role_Start_Date__c",
      "to_instance": "jnr_org",
      "to_field": "Role_Start_Date__c"
    },
    {
      "from_instance": "srtr_data_prep1",
      "from_field": "Role_End_Date__c",
      "to_instance": "jnr_org",
      "to_field": "Role_End_Date__c"
    },
    {
      "from_instance": "srtr_data_prep1",
      "from_field": "Primary_Role__c",
      "to_instance": "jnr_org",
      "to_field": "Primary_Role__c"
    },
    {
      "from_instance": "srtr_data_prep1",
      "from_field": "Role_Inactivation_Reason__c",
      "to_instance": "jnr_org",
      "to_field": "Role_Inactivation_Reason__c"
    },
    {
      "from_instance": "srtr_data_prep1",
      "from_field": "Role_Status__c",
      "to_instance": "jnr_org",
      "to_field": "Role_Status__c"
    },
    {
      "from_instance": "srtr_data_prep1",
      "from_field": "Role__c",
      "to_instance": "jnr_org",
      "to_field": "Role__c"
    },
    {
      "from_instance": "jnr_org",
      "from_field": "CreatedDate",
      "to_instance": "exp_lookup_values",
      "to_field": "CreatedDate"
    },
    {
      "from_instance": "jnr_org",
      "from_field": "LastModifiedByAlias",
      "to_instance": "exp_lookup_values",
      "to_field": "LastModifiedByAlias"
    },
    {
      "from_instance": "jnr_org",
      "from_field": "Role_Start_Date__c",
      "to_instance": "exp_lookup_values",
      "to_field": "Role_Start_Date__c"
    },
    {
      "from_instance": "jnr_org",
      "from_field": "Role_End_Date__c",
      "to_instance": "exp_lookup_values",
      "to_field": "Role_End_Date__c"
    },
    {
      "from_instance": "jnr_org",
      "from_field": "Primary_Role__c",
      "to_instance": "exp_lookup_values",
      "to_field": "Primary_Role__c"
    },
    {
      "from_instance": "jnr_org",
      "from_field": "Role_Inactivation_Reason__c",
      "to_instance": "exp_lookup_values",
      "to_field": "Role_Inactivation_Reason__c"
    },
    {
      "from_instance": "jnr_org",
      "from_field": "Organization_ID__c",
      "to_instance": "exp_lookup_values",
      "to_field": "Organization_ID__c"
    },
    {
      "from_instance": "jnr_org",
      "from_field": "RecordTypeName",
      "to_instance": "exp_lookup_values",
      "to_field": "RecordTypeName"
    },
    {
      "from_instance": "jnr_org",
      "from_field": "Id1",
      "to_instance": "exp_lookup_values",
      "to_field": "OrgOfficeRoleId"
    },
    {
      "from_instance": "jnr_org",
      "from_field": "Role_Status__c",
      "to_instance": "exp_lookup_values",
      "to_field": "Role_Status__c"
    },
    {
      "from_instance": "jnr_org",
      "from_field": "Role__c",
      "to_instance": "exp_lookup_values",
      "to_field": "Role__c"
    },
    {
      "from_instance": "jnr_org",
      "from_field": "Id",
      "to_instance": "exp_lookup_values",
      "to_field": "Id"
    },
    {
      "from_instance": "jnr_org",
      "from_field": "LastModifiedDate",
      "to_instance": "exp_lookup_values",
      "to_field": "LastModifiedDate"
    },
    {
      "from_instance": "jnr_org",
      "from_field": "Source_System_Name",
      "to_instance": "exp_lookup_values",
      "to_field": "Source_System_Name"
    },
    {
      "from_instance": "jnr_org",
      "from_field": "CreatedByAlias",
      "to_instance": "exp_lookup_values",
      "to_field": "CreatedByAlias"
    },
    {
      "from_instance": "jnr_org",
      "from_field": "org_role_type",
      "to_instance": "exp_lookup_values",
      "to_field": "org_role_type"
    },
    {
      "from_instance": "SQ_pre_land_sfdc_org_office_role",
      "from_field": "Account_Name__c",
      "to_instance": "flt_org_role",
      "to_field": "Account_Name__c"
    },
    {
      "from_instance": "SQ_pre_land_sfdc_org_office_role",
      "from_field": "Role_Start_Date__c",
      "to_instance": "flt_org_role",
      "to_field": "Role_Start_Date__c"
    },
    {
      "from_instance": "SQ_pre_land_sfdc_org_office_role",
      "from_field": "Role_End_Date__c",
      "to_instance": "flt_org_role",
      "to_field": "Role_End_Date__c"
    },
    {
      "from_instance": "SQ_pre_land_sfdc_org_office_role",
      "from_field": "Primary_Role__c",
      "to_instance": "flt_org_role",
      "to_field": "Primary_Role__c"
    },
    {
      "from_instance": "SQ_pre_land_sfdc_org_office_role",
      "from_field": "Role_Inactivation_Reason__c",
      "to_instance": "flt_org_role",
      "to_field": "Role_Inactivation_Reason__c"
    },
    {
      "from_instance": "SQ_pre_land_sfdc_org_office_role",
      "from_field": "Role_Status__c",
      "to_instance": "flt_org_role",
      "to_field": "Role_Status__c"
    },
    {
      "from_instance": "SQ_pre_land_sfdc_org_office_role",
      "from_field": "Role__c",
      "to_instance": "flt_org_role",
      "to_field": "Role__c"
    },
    {
      "from_instance": "SQ_pre_land_sfdc_org_office_role",
      "from_field": "Id",
      "to_instance": "flt_org_role",
      "to_field": "Id"
    },
    {
      "from_instance": "flt_org_role",
      "from_field": "Role__c",
      "to_instance": "exp_org_role",
      "to_field": "Role__c"
    },
    {
      "from_instance": "flt_org_role",
      "from_field": "Account_Name__c",
      "to_instance": "exp_org_role",
      "to_field": "Account_Name__c"
    },
    {
      "from_instance": "flt_org_role",
      "from_field": "Role_Start_Date__c",
      "to_instance": "exp_org_role",
      "to_field": "Role_Start_Date__c"
    },
    {
      "from_instance": "flt_org_role",
      "from_field": "Role_End_Date__c",
      "to_instance": "exp_org_role",
      "to_field": "Role_End_Date__c"
    },
    {
      "from_instance": "flt_org_role",
      "from_field": "Primary_Role__c",
      "to_instance": "exp_org_role",
      "to_field": "Primary_Role__c"
    },
    {
      "from_instance": "flt_org_role",
      "from_field": "Role_Inactivation_Reason__c",
      "to_instance": "exp_org_role",
      "to_field": "Role_Inactivation_Reason__c"
    },
    {
      "from_instance": "flt_org_role",
      "from_field": "Role_Status__c",
      "to_instance": "exp_org_role",
      "to_field": "Role_Status__c"
    },
    {
      "from_instance": "flt_org_role",
      "from_field": "Id",
      "to_instance": "exp_org_role",
      "to_field": "Id"
    },
    {
      "from_instance": "exp_org_role",
      "from_field": "Role_Start_Date__c",
      "to_instance": "srtr_data_prep1",
      "to_field": "Role_Start_Date__c"
    },
    {
      "from_instance": "exp_org_role",
      "from_field": "Role_End_Date__c",
      "to_instance": "srtr_data_prep1",
      "to_field": "Role_End_Date__c"
    },
    {
      "from_instance": "exp_org_role",
      "from_field": "Primary_Role__c",
      "to_instance": "srtr_data_prep1",
      "to_field": "Primary_Role__c"
    },
    {
      "from_instance": "exp_org_role",
      "from_field": "Role_Inactivation_Reason__c",
      "to_instance": "srtr_data_prep1",
      "to_field": "Role_Inactivation_Reason__c"
    },
    {
      "from_instance": "exp_org_role",
      "from_field": "Role_Status__c",
      "to_instance": "srtr_data_prep1",
      "to_field": "Role_Status__c"
    },
    {
      "from_instance": "exp_org_role",
      "from_field": "Role__c",
      "to_instance": "srtr_data_prep1",
      "to_field": "Role__c"
    },
    {
      "from_instance": "exp_org_role",
      "from_field": "Account_Name__c",
      "to_instance": "srtr_data_prep1",
      "to_field": "Account_Name__c"
    },
    {
      "from_instance": "exp_org_role",
      "from_field": "Id",
      "to_instance": "srtr_data_prep1",
      "to_field": "Id"
    },
    {
      "from_instance": "flt_org",
      "from_field": "Id",
      "to_instance": "exp_org",
      "to_field": "Id"
    },
    {
      "from_instance": "flt_org",
      "from_field": "CreatedByAlias",
      "to_instance": "exp_org",
      "to_field": "CreatedByAlias"
    },
    {
      "from_instance": "flt_org",
      "from_field": "CreatedDate",
      "to_instance": "exp_org",
      "to_field": "CreatedDate"
    },
    {
      "from_instance": "flt_org",
      "from_field": "LastModifiedByAlias",
      "to_instance": "exp_org",
      "to_field": "LastModifiedByAlias"
    },
    {
      "from_instance": "flt_org",
      "from_field": "LastModifiedDate",
      "to_instance": "exp_org",
      "to_field": "LastModifiedDate"
    },
    {
      "from_instance": "flt_org",
      "from_field": "Source_System_Name",
      "to_instance": "exp_org",
      "to_field": "Source_System_Name"
    },
    {
      "from_instance": "flt_org",
      "from_field": "Organization_ID__c",
      "to_instance": "exp_org",
      "to_field": "Organization_ID__c"
    },
    {
      "from_instance": "flt_org",
      "from_field": "RecordTypeName",
      "to_instance": "exp_org",
      "to_field": "RecordTypeName"
    },
    {
      "from_instance": "flt_org",
      "from_field": "org_role_type",
      "to_instance": "exp_org",
      "to_field": "org_role_type"
    },
    {
      "from_instance": "SQ_pre_land_sfdc_organization",
      "from_field": "Id",
      "to_instance": "flt_org",
      "to_field": "Id"
    },
    {
      "from_instance": "SQ_pre_land_sfdc_organization",
      "from_field": "LastModifiedDate",
      "to_instance": "flt_org",
      "to_field": "LastModifiedDate"
    },
    {
      "from_instance": "SQ_pre_land_sfdc_organization",
      "from_field": "LastModifiedByAlias",
      "to_instance": "flt_org",
      "to_field": "LastModifiedByAlias"
    },
    {
      "from_instance": "SQ_pre_land_sfdc_organization",
      "from_field": "CreatedByAlias",
      "to_instance": "flt_org",
      "to_field": "CreatedByAlias"
    },
    {
      "from_instance": "SQ_pre_land_sfdc_organization",
      "from_field": "CreatedDate",
      "to_instance": "flt_org",
      "to_field": "CreatedDate"
    },
    {
      "from_instance": "SQ_pre_land_sfdc_organization",
      "from_field": "Source_System_Name",
      "to_instance": "flt_org",
      "to_field": "Source_System_Name"
    },
    {
      "from_instance": "SQ_pre_land_sfdc_organization",
      "from_field": "RecordTypeName",
      "to_instance": "flt_org",
      "to_field": "RecordTypeName"
    },
    {
      "from_instance": "SQ_pre_land_sfdc_organization",
      "from_field": "Organization_ID__c",
      "to_instance": "flt_org",
      "to_field": "Organization_ID__c"
    },
    {
      "from_instance": "SQ_pre_land_sfdc_organization",
      "from_field": "org_role_type",
      "to_instance": "flt_org",
      "to_field": "org_role_type"
    }
  ],
  "mappings": [
    {
      "name": "m_landing_sfdc_to_cdm_organization_party_role",
      "instances": [
        {
          "name": "TODAY_PARTY_ROLE_XFORM",
          "type": "TARGET",
          "transformation": ""
        },
        {
          "name": "FIL_Null_Role_Type_id",
          "type": "TRANSFORMATION",
          "transformation": ""
        },
        {
          "name": "srtr_data_prep",
          "type": "TRANSFORMATION",
          "transformation": ""
        },
        {
          "name": "pre_land_sfdc_org_office_role",
          "type": "SOURCE",
          "transformation": ""
        },
        {
          "name": "pre_land_sfdc_organization",
          "type": "SOURCE",
          "transformation": ""
        },
        {
          "name": "jnr_org",
          "type": "TRANSFORMATION",
          "transformation": ""
        },
        {
          "name": "exp_lookup_values",
          "type": "TRANSFORMATION",
          "transformation": ""
        },
        {
          "name": "flt_org_role",
          "type": "TRANSFORMATION",
          "transformation": ""
        },
        {
          "name": "SP_LKP_LOAD_TOTAL_ERROR_INFO",
          "type": "TRANSFORMATION",
          "transformation": ""
        },
        {
          "name": "SQ_pre_land_sfdc_org_office_role",
          "type": "TRANSFORMATION",
          "transformation": ""
        },
        {
          "name": "srtr_data_prep1",
          "type": "TRANSFORMATION",
          "transformation": ""
        },
        {
          "name": "exp_org",
          "type": "TRANSFORMATION",
          "transformation": ""
        },
        {
          "name": "flt_org",
          "type": "TRANSFORMATION",
          "transformation": ""
        },
        {
          "name": "SQ_pre_land_sfdc_organization",
          "type": "TRANSFORMATION",
          "transformation": ""
        },
        {
          "name": "exp_org_role",
          "type": "TRANSFORMATION",
          "transformation": ""
        },
        {
          "name": "lkp_values",
          "type": "TRANSFORMATION",
          "transformation": ""
        }
      ]
    }
  ]
}