{
  "mapping_name": "wf_landing_sfdc_to_cdm_office_party",
  "sources": [
    {
      "name": "pre_land_sfdc_office",
      "type": "",
      "columns": [
        {
          "name": "Id",
          "datatype": "nvarchar",
          "precision": "18",
          "scale": "0"
        },
        {
          "name": "ParentId",
          "datatype": "nvarchar",
          "precision": "18",
          "scale": "0"
        },
        {
          "name": "Tier__c",
          "datatype": "nvarchar",
          "precision": "255",
          "scale": "0"
        },
        {
          "name": "Status__c",
          "datatype": "nvarchar",
          "precision": "255",
          "scale": "0"
        },
        {
          "name": "RecordTypeName",
          "datatype": "nvarchar",
          "precision": "80",
          "scale": "0"
        },
        {
          "name": "Type",
          "datatype": "nvarchar",
          "precision": "40",
          "scale": "0"
        },
        {
          "name": "Direct__c",
          "datatype": "nvarchar",
          "precision": "15",
          "scale": "0"
        },
        {
          "name": "Office_Name_Short__c",
          "datatype": "nvarchar",
          "precision": "100",
          "scale": "0"
        },
        {
          "name": "Name",
          "datatype": "nvarchar",
          "precision": "255",
          "scale": "0"
        },
        {
          "name": "Marketing_Email_Restriction__c",
          "datatype": "nvarchar",
          "precision": "255",
          "scale": "0"
        },
        {
          "name": "Office_ID__c",
          "datatype": "nvarchar",
          "precision": "25",
          "scale": "0"
        },
        {
          "name": "BillingStreet",
          "datatype": "nvarchar",
          "precision": "255",
          "scale": "0"
        },
        {
          "name": "BillingCity",
          "datatype": "nvarchar",
          "precision": "40",
          "scale": "0"
        },
        {
          "name": "BillingState",
          "datatype": "nvarchar",
          "precision": "80",
          "scale": "0"
        },
        {
          "name": "BillingPostalCode",
          "datatype": "nvarchar",
          "precision": "20",
          "scale": "0"
        },
        {
          "name": "BillingCountry",
          "datatype": "nvarchar",
          "precision": "80",
          "scale": "0"
        },
        {
          "name": "IsDeleted",
          "datatype": "nvarchar",
          "precision": "5",
          "scale": "0"
        },
        {
          "name": "CreatedByAlias",
          "datatype": "nvarchar",
          "precision": "8",
          "scale": "0"
        },
        {
          "name": "CreatedDate",
          "datatype": "nvarchar",
          "precision": "29",
          "scale": "0"
        },
        {
          "name": "LastModifiedByAlias",
          "datatype": "nvarchar",
          "precision": "18",
          "scale": "0"
        },
        {
          "name": "LastModifiedDate",
          "datatype": "nvarchar",
          "precision": "29",
          "scale": "0"
        },
        {
          "name": "GU_ID__c",
          "datatype": "nvarchar",
          "precision": "18",
          "scale": "0"
        },
        {
          "name": "Source_System_Name",
          "datatype": "nvarchar",
          "precision": "18",
          "scale": "0"
        },
        {
          "name": "Primary_Address_Type__c",
          "datatype": "nvarchar",
          "precision": "255",
          "scale": "0"
        },
        {
          "name": "Secondary_Address_Type__c",
          "datatype": "nvarchar",
          "precision": "255",
          "scale": "0"
        },
        {
          "name": "Location_Type__c",
          "datatype": "nvarchar",
          "precision": "255",
          "scale": "0"
        },
        {
          "name": "shippingstreet",
          "datatype": "nvarchar",
          "precision": "255",
          "scale": "0"
        },
        {
          "name": "shippingcity",
          "datatype": "nvarchar",
          "precision": "40",
          "scale": "0"
        },
        {
          "name": "shippingstate",
          "datatype": "nvarchar",
          "precision": "80",
          "scale": "0"
        },
        {
          "name": "shippingpostalcode",
          "datatype": "nvarchar",
          "precision": "20",
          "scale": "0"
        },
        {
          "name": "ShipingCountry",
          "datatype": "nvarchar",
          "precision": "80",
          "scale": "0"
        },
        {
          "name": "Phone",
          "datatype": "nvarchar",
          "precision": "40",
          "scale": "0"
        },
        {
          "name": "Fax",
          "datatype": "nvarchar",
          "precision": "40",
          "scale": "0"
        },
        {
          "name": "Website",
          "datatype": "nvarchar",
          "precision": "255",
          "scale": "0"
        },
        {
          "name": "W_9__c",
          "datatype": "nvarchar",
          "precision": "255",
          "scale": "0"
        },
        {
          "name": "Primary_Channel__c",
          "datatype": "nvarchar",
          "precision": "255",
          "scale": "0"
        },
        {
          "name": "Advisory_Segmentation__c",
          "datatype": "nvarchar",
          "precision": "255",
          "scale": "0"
        },
        {
          "name": "Advisory_Reason_Code__c",
          "datatype": "nvarchar",
          "precision": "255",
          "scale": "0"
        },
        {
          "name": "Advisory_Reason_Code_Clarification__c",
          "datatype": "nvarchar",
          "precision": "255",
          "scale": "0"
        },
        {
          "name": "Advisory_Other_Reason_Code_Details__c",
          "datatype": "nvarchar",
          "precision": "255",
          "scale": "0"
        },
        {
          "name": "Segment__c",
          "datatype": "nvarchar",
          "precision": "255",
          "scale": "0"
        },
        {
          "name": "Restrict_Mail__c",
          "datatype": "nvarchar",
          "precision": "5",
          "scale": "0"
        },
        {
          "name": "Inactivated_Date__c",
          "datatype": "nvarchar",
          "precision": "29",
          "scale": "0"
        },
        {
          "name": "segmentation__c",
          "datatype": "nvarchar",
          "precision": "255",
          "scale": "0"
        },
        {
          "name": "Roles__c",
          "datatype": "varchar",
          "precision": "255",
          "scale": "0"
        }
      ]
    }
  ],
  "targets": [
    {
      "name": "today_party_xform",
      "type": "",
      "columns": [
        {
          "name": "src_rowid",
          "datatype": "bigint",
          "precision": "19",
          "scale": "0"
        },
        {
          "name": "org_legal_name",
          "datatype": "nvarchar",
          "precision": "255",
          "scale": "0"
        },
        {
          "name": "org_name",
          "datatype": "nvarchar",
          "precision": "255",
          "scale": "0"
        },
        {
          "name": "person_last_name",
          "datatype": "nvarchar",
          "precision": "50",
          "scale": "0"
        },
        {
          "name": "last_updated_date",
          "datatype": "nvarchar",
          "precision": "23",
          "scale": "0"
        },
        {
          "name": "source_party_id",
          "datatype": "nvarchar",
          "precision": "255",
          "scale": "0"
        },
        {
          "name": "person_honorific_id",
          "datatype": "bigint",
          "precision": "19",
          "scale": "0"
        },
        {
          "name": "person_middle_name",
          "datatype": "nvarchar",
          "precision": "50",
          "scale": "0"
        },
        {
          "name": "person_gender_id",
          "datatype": "bigint",
          "precision": "19",
          "scale": "0"
        },
        {
          "name": "office_type_id",
          "datatype": "bigint",
          "precision": "19",
          "scale": "0"
        },
        {
          "name": "created_by",
          "datatype": "nvarchar",
          "precision": "50",
          "scale": "0"
        },
        {
          "name": "created_date",
          "datatype": "nvarchar",
          "precision": "23",
          "scale": "0"
        },
        {
          "name": "source_system",
          "datatype": "nvarchar",
          "precision": "50",
          "scale": "0"
        },
        {
          "name": "person_pfsnl_crdntls_txt",
          "datatype": "nvarchar",
          "precision": "200",
          "scale": "0"
        },
        {
          "name": "person_first_name",
          "datatype": "nvarchar",
          "precision": "50",
          "scale": "0"
        },
        {
          "name": "deleted_indicator",
          "datatype": "nchar",
          "precision": "1",
          "scale": "0"
        },
        {
          "name": "last_updated_by",
          "datatype": "nvarchar",
          "precision": "50",
          "scale": "0"
        },
        {
          "name": "person_nickname",
          "datatype": "nvarchar",
          "precision": "50",
          "scale": "0"
        },
        {
          "name": "group_name",
          "datatype": "nvarchar",
          "precision": "100",
          "scale": "0"
        },
        {
          "name": "party_status_id",
          "datatype": "bigint",
          "precision": "19",
          "scale": "0"
        },
        {
          "name": "person_name_suffix_id",
          "datatype": "bigint",
          "precision": "19",
          "scale": "0"
        },
        {
          "name": "org_business_structure_type_id",
          "datatype": "bigint",
          "precision": "19",
          "scale": "0"
        },
        {
          "name": "party_type_id",
          "datatype": "bigint",
          "precision": "19",
          "scale": "0"
        },
        {
          "name": "party_inactivation_date",
          "datatype": "nvarchar",
          "precision": "23",
          "scale": "0"
        },
        {
          "name": "party_tax_id",
          "datatype": "nvarchar",
          "precision": "50",
          "scale": "0"
        },
        {
          "name": "group_nickname",
          "datatype": "nvarchar",
          "precision": "100",
          "scale": "0"
        },
        {
          "name": "MAPPING_NAME",
          "datatype": "nvarchar",
          "precision": "80",
          "scale": "0"
        },
        {
          "name": "PERSON_NAME_SUFFIX_RAW",
          "datatype": "varchar",
          "precision": "255",
          "scale": "0"
        },
        {
          "name": "party_inctvtn_rsn_type_id",
          "datatype": "bigint",
          "precision": "19",
          "scale": "0"
        },
        {
          "name": "DEFERRED_OWNERSHIP_IND",
          "datatype": "nvarchar",
          "precision": "1",
          "scale": "0"
        },
        {
          "name": "PERSON_MIDDLE_INITIAL",
          "datatype": "char",
          "precision": "1",
          "scale": "0"
        },
        {
          "name": "MATCHED_ROWID_OBJECT",
          "datatype": "char",
          "precision": "14",
          "scale": "0"
        },
        {
          "name": "PARTY_QUALIFICATION_LEVEL_ID",
          "datatype": "char",
          "precision": "14",
          "scale": "0"
        },
        {
          "name": "RIA_COVERAGE_TYPE_ID",
          "datatype": "bigint",
          "precision": "19",
          "scale": "0"
        },
        {
          "name": "PRSN_JOB_TITLE",
          "datatype": "nvarchar",
          "precision": "255",
          "scale": "0"
        },
        {
          "name": "CLIENT_GROUP_ID",
          "datatype": "nvarchar",
          "precision": "40",
          "scale": "0"
        }
      ]
    }
  ],
  "transformations": [
    {
      "name": "fltr_as_reqrd",
      "type": "Filter",
      "properties": {
        "Id": {
          "datatype": "string",
          "expression": ""
        },
        "Name": {
          "datatype": "nstring",
          "expression": ""
        },
        "LastModifiedDate": {
          "datatype": "string",
          "expression": ""
        },
        "Status__c": {
          "datatype": "string",
          "expression": ""
        },
        "Source_System_Name": {
          "datatype": "string",
          "expression": ""
        },
        "CreatedByAlias": {
          "datatype": "string",
          "expression": ""
        },
        "CreatedDate": {
          "datatype": "string",
          "expression": ""
        },
        "Type": {
          "datatype": "string",
          "expression": ""
        },
        "Direct__c": {
          "datatype": "string",
          "expression": ""
        },
        "LastModifiedByAlias": {
          "datatype": "string",
          "expression": ""
        },
        "RecordTypeName1": {
          "datatype": "string",
          "expression": ""
        },
        "Location_Type__c": {
          "datatype": "string",
          "expression": ""
        },
        "Inactivated_Date__c": {
          "datatype": "nstring",
          "expression": ""
        },
        "CLIENT_GROUP_ID": {
          "datatype": "nstring",
          "expression": ""
        },
        "FILTER_CONDITION": ""
      }
    },
    {
      "name": "TODAY_PARTY_XFORM_LOOKUP",
      "type": "Lookup Procedure",
      "properties": {
        "SOURCE_PARTY_ID": {
          "datatype": "nstring",
          "expression": ""
        },
        "SOURCE_SYSTEM": {
          "datatype": "nstring",
          "expression": ""
        },
        "IN_Id": {
          "datatype": "string",
          "expression": ""
        }
      }
    },
    {
      "name": "exp_transformation",
      "type": "Expression",
      "properties": {
        "Id": {
          "datatype": "string",
          "expression": "Id"
        },
        "Id_VAR": {
          "datatype": "string",
          "expression": "'OFF_'||Id"
        },
        "Id_OUT": {
          "datatype": "string",
          "expression": "Id_VAR"
        },
        "Name": {
          "datatype": "nstring",
          "expression": "Name"
        },
        "LastModifiedDate": {
          "datatype": "string",
          "expression": "LastModifiedDate"
        },
        "Status__c": {
          "datatype": "string",
          "expression": "Status__c"
        },
        "var_status_Id": {
          "datatype": "integer",
          "expression": ":LKP.lkp_values(ltrim(rtrim(Status__c)),'PARTY_STATUS_ID')"
        },
        "PARTY_STATUS_ID": {
          "datatype": "bigint",
          "expression": "iif(isnull(Status__c),NULL,iif(isnull(var_status_Id),9999,var_status_Id))"
        },
        "Type": {
          "datatype": "string",
          "expression": "Type"
        },
        "var_type_id": {
          "datatype": "integer",
          "expression": ":LKP.lkp_values('Office','PARTY_TYPE_ID')"
        },
        "PARTY_TYPE_ID": {
          "datatype": "bigint",
          "expression": "iif(isnull(var_type_id),9999,var_type_id)"
        },
        "Source_System_Name": {
          "datatype": "nstring",
          "expression": "Source_System_Name"
        },
        "CreatedByAlias": {
          "datatype": "nstring",
          "expression": "CreatedByAlias"
        },
        "CreatedDate": {
          "datatype": "string",
          "expression": "CreatedDate"
        },
        "Direct__c": {
          "datatype": "string",
          "expression": ""
        },
        "Direct__c_out": {
          "datatype": "string",
          "expression": "iif(isnull(Direct__c),NULL,'OFF_'||Direct__c)"
        },
        "LastModifiedByAlias": {
          "datatype": "nstring",
          "expression": "LastModifiedByAlias"
        },
        "MAPPING_NAME": {
          "datatype": "string",
          "expression": "$PMMappingName"
        },
        "RecordTypeName1": {
          "datatype": "string",
          "expression": "RecordTypeName1"
        },
        "lookupSOFIDORIS": {
          "datatype": "string",
          "expression": ":LKP.TODAY_PARTY_XFORM_LOOKUP('OFF_'||Direct__c)"
        },
        "DEFERRED_OWNERSHIP_IND_OUT": {
          "datatype": "nstring",
          "expression": "IIF(IN(ltrim(rtrim(RecordTypeName1)),'Retail Office RO','CIAM Office RO','Financial Intermediary','NT Advisory Office RO') ,'Y','N')\r\n\r\n--IIF( NOT ISNULL(:LKP.TODAY_PARTY_XFORM_LOOKUP('OFF_'||Direct__c)),'Y','N')"
        },
        "Location_Type__c": {
          "datatype": "string",
          "expression": "Location_Type__c"
        },
        "V_Lookup_Office_Type_ID": {
          "datatype": "bigint",
          "expression": "DECODE(TRUE,ltrim(rtrim(Location_Type__c))='Home/Main (HQ)' OR ltrim(rtrim(Location_Type__c))='Home or Main (HQ)',:LKP.LKP_VALUES(ltrim(rtrim('Branch (OSJ)')),'OFFICE_TYPE_ID'),:LKP.LKP_VALUES(ltrim(rtrim(Location_Type__c)),'OFFICE_TYPE_ID'))\r\n\r\n--Changes as per CDM-4673\r\n--:LKP.LKP_VALUES(ltrim(rtrim(Location_Type__c)),'OFFICE_TYPE_ID')"
        },
        "V_Office_Type_ID": {
          "datatype": "bigint",
          "expression": "DECODE(TRUE\r\n,NOT ISNULL(V_Lookup_Office_Type_ID) AND NOT ISNULL(Location_Type__c), V_Lookup_Office_Type_ID\r\n,ISNULL(V_Lookup_Office_Type_ID) AND ISNULL(Location_Type__c), NULL\r\n,9999)"
        },
        "Office_Type_ID": {
          "datatype": "bigint",
          "expression": "V_Office_Type_ID"
        },
        "Inactivated_Date__c": {
          "datatype": "nstring",
          "expression": "Inactivated_Date__c"
        },
        "V_RIA_COVERAGE_TYPE_ID": {
          "datatype": "nstring",
          "expression": ":LKP.lkp_values( 'RM-RIA/BT','OFFICE_RIA_COVERAGE_TYPE')"
        },
        "V_RIA_COVERAGE_TYPE_ID1": {
          "datatype": "bigint",
          "expression": "DECODE(TRUE ,NOT ISNULL(V_RIA_COVERAGE_TYPE_ID),V_RIA_COVERAGE_TYPE_ID  ,'9999' )"
        },
        "RIA_COVERAGE_TYPE_ID": {
          "datatype": "bigint",
          "expression": "IIF(RecordTypeName1 = 'NT Advisory Office RO',V_RIA_COVERAGE_TYPE_ID1,Null)"
        },
        "CLIENT_GROUP_ID": {
          "datatype": "nstring",
          "expression": "CLIENT_GROUP_ID"
        },
        "CLIENT_GROUP_ID1": {
          "datatype": "nstring",
          "expression": ":LKP.lkp_values(CLIENT_GROUP_ID,'CLIENT_GROUP_ID')"
        }
      }
    },
    {
      "name": "SQ_pre_land_sfdc_office",
      "type": "Source Qualifier",
      "properties": {
        "Id": {
          "datatype": "string",
          "expression": ""
        },
        "ParentId": {
          "datatype": "string",
          "expression": ""
        },
        "Tier__c": {
          "datatype": "string",
          "expression": ""
        },
        "Status__c": {
          "datatype": "string",
          "expression": ""
        },
        "RecordTypeName": {
          "datatype": "string",
          "expression": ""
        },
        "Type": {
          "datatype": "string",
          "expression": ""
        },
        "Direct__c": {
          "datatype": "string",
          "expression": ""
        },
        "Office_Name_Short__c": {
          "datatype": "nstring",
          "expression": ""
        },
        "Name": {
          "datatype": "nstring",
          "expression": ""
        },
        "Marketing_Email_Restriction__c": {
          "datatype": "string",
          "expression": ""
        },
        "Office_ID__c": {
          "datatype": "string",
          "expression": ""
        },
        "BillingStreet": {
          "datatype": "nstring",
          "expression": ""
        },
        "BillingCity": {
          "datatype": "nstring",
          "expression": ""
        },
        "BillingState": {
          "datatype": "nstring",
          "expression": ""
        },
        "BillingPostalCode": {
          "datatype": "nstring",
          "expression": ""
        },
        "BillingCountry": {
          "datatype": "nstring",
          "expression": ""
        },
        "IsDeleted": {
          "datatype": "string",
          "expression": ""
        },
        "CreatedByAlias": {
          "datatype": "string",
          "expression": ""
        },
        "CreatedDate": {
          "datatype": "string",
          "expression": ""
        },
        "LastModifiedByAlias": {
          "datatype": "string",
          "expression": ""
        },
        "LastModifiedDate": {
          "datatype": "string",
          "expression": ""
        },
        "GU_ID__c": {
          "datatype": "string",
          "expression": ""
        },
        "Source_System_Name": {
          "datatype": "string",
          "expression": ""
        },
        "RecordTypeName1": {
          "datatype": "string",
          "expression": ""
        },
        "Primary_Address_Type__c": {
          "datatype": "string",
          "expression": ""
        },
        "Secondary_Address_Type__c": {
          "datatype": "string",
          "expression": ""
        },
        "Location_Type__c": {
          "datatype": "string",
          "expression": ""
        },
        "shippingstreet": {
          "datatype": "nstring",
          "expression": ""
        },
        "shippingcity": {
          "datatype": "nstring",
          "expression": ""
        },
        "shippingstate": {
          "datatype": "nstring",
          "expression": ""
        },
        "shippingpostalcode": {
          "datatype": "string",
          "expression": ""
        },
        "ShipingCountry": {
          "datatype": "nstring",
          "expression": ""
        },
        "Phone": {
          "datatype": "nstring",
          "expression": ""
        },
        "Fax": {
          "datatype": "nstring",
          "expression": ""
        },
        "Website": {
          "datatype": "nstring",
          "expression": ""
        },
        "Inactivated_Date__c": {
          "datatype": "nstring",
          "expression": ""
        },
        "CLIENT_GROUP_ID": {
          "datatype": "nstring",
          "expression": ""
        }
      }
    },
    {
      "name": "FILTRANS",
      "type": "Filter",
      "properties": {
        "Id_OUT": {
          "datatype": "string",
          "expression": ""
        },
        "Name": {
          "datatype": "nstring",
          "expression": ""
        },
        "LastModifiedDate": {
          "datatype": "string",
          "expression": ""
        },
        "Status__c": {
          "datatype": "string",
          "expression": ""
        },
        "Party_Inactivation_Date": {
          "datatype": "string",
          "expression": ""
        },
        "PARTY_STATUS_ID": {
          "datatype": "bigint",
          "expression": ""
        },
        "Type": {
          "datatype": "string",
          "expression": ""
        },
        "PARTY_TYPE_ID": {
          "datatype": "bigint",
          "expression": ""
        },
        "Source_System_Name": {
          "datatype": "nstring",
          "expression": ""
        },
        "CreatedByAlias": {
          "datatype": "nstring",
          "expression": ""
        },
        "CreatedDate": {
          "datatype": "string",
          "expression": ""
        },
        "Direct__c_out": {
          "datatype": "string",
          "expression": ""
        },
        "LastModifiedByAlias": {
          "datatype": "nstring",
          "expression": ""
        },
        "MAPPING_NAME": {
          "datatype": "string",
          "expression": ""
        },
        "RecordTypeName1": {
          "datatype": "string",
          "expression": ""
        },
        "lookupSOFIDORIS": {
          "datatype": "string",
          "expression": ""
        },
        "DEFERRED_OWNERSHIP_IND_OUT": {
          "datatype": "nstring",
          "expression": ""
        },
        "Office_Type_ID": {
          "datatype": "bigint",
          "expression": ""
        },
        "RIA_COVERAGE_TYPE_ID": {
          "datatype": "bigint",
          "expression": ""
        },
        "CLIENT_GROUP_ID": {
          "datatype": "nstring",
          "expression": ""
        },
        "FILTER_CONDITION": ""
      }
    },
    {
      "name": "lkp_values",
      "type": "Lookup Procedure",
      "properties": {
        "src_val_in": {
          "datatype": "string",
          "expression": ""
        },
        "attrib_nm_in": {
          "datatype": "string",
          "expression": ""
        },
        "src_sys_nm": {
          "datatype": "string",
          "expression": ""
        },
        "attrib_nm": {
          "datatype": "string",
          "expression": ""
        },
        "src_val": {
          "datatype": "string",
          "expression": ""
        },
        "std_lkup_id": {
          "datatype": "integer",
          "expression": ""
        }
      }
    }
  ],
  "connections": [
    {
      "from_instance": "FILTRANS",
      "from_field": "Source_System_Name",
      "to_instance": "TODAY_PARTY_XFORM",
      "to_field": "source_system"
    },
    {
      "from_instance": "FILTRANS",
      "from_field": "CreatedDate",
      "to_instance": "TODAY_PARTY_XFORM",
      "to_field": "created_date"
    },
    {
      "from_instance": "FILTRANS",
      "from_field": "CreatedByAlias",
      "to_instance": "TODAY_PARTY_XFORM",
      "to_field": "created_by"
    },
    {
      "from_instance": "FILTRANS",
      "from_field": "PARTY_STATUS_ID",
      "to_instance": "TODAY_PARTY_XFORM",
      "to_field": "party_status_id"
    },
    {
      "from_instance": "FILTRANS",
      "from_field": "MAPPING_NAME",
      "to_instance": "TODAY_PARTY_XFORM",
      "to_field": "MAPPING_NAME"
    },
    {
      "from_instance": "FILTRANS",
      "from_field": "LastModifiedByAlias",
      "to_instance": "TODAY_PARTY_XFORM",
      "to_field": "last_updated_by"
    },
    {
      "from_instance": "FILTRANS",
      "from_field": "DEFERRED_OWNERSHIP_IND_OUT",
      "to_instance": "TODAY_PARTY_XFORM",
      "to_field": "DEFERRED_OWNERSHIP_IND"
    },
    {
      "from_instance": "FILTRANS",
      "from_field": "Office_Type_ID",
      "to_instance": "TODAY_PARTY_XFORM",
      "to_field": "office_type_id"
    },
    {
      "from_instance": "FILTRANS",
      "from_field": "PARTY_TYPE_ID",
      "to_instance": "TODAY_PARTY_XFORM",
      "to_field": "party_type_id"
    },
    {
      "from_instance": "FILTRANS",
      "from_field": "LastModifiedDate",
      "to_instance": "TODAY_PARTY_XFORM",
      "to_field": "last_updated_date"
    },
    {
      "from_instance": "FILTRANS",
      "from_field": "Id_OUT",
      "to_instance": "TODAY_PARTY_XFORM",
      "to_field": "source_party_id"
    },
    {
      "from_instance": "FILTRANS",
      "from_field": "Party_Inactivation_Date",
      "to_instance": "TODAY_PARTY_XFORM",
      "to_field": "party_inactivation_date"
    },
    {
      "from_instance": "FILTRANS",
      "from_field": "RIA_COVERAGE_TYPE_ID",
      "to_instance": "TODAY_PARTY_XFORM",
      "to_field": "RIA_COVERAGE_TYPE_ID"
    },
    {
      "from_instance": "FILTRANS",
      "from_field": "CLIENT_GROUP_ID",
      "to_instance": "TODAY_PARTY_XFORM",
      "to_field": "CLIENT_GROUP_ID"
    },
    {
      "from_instance": "pre_land_sfdc_office",
      "from_field": "Office_ID__c",
      "to_instance": "SQ_pre_land_sfdc_office",
      "to_field": "Office_ID__c"
    },
    {
      "from_instance": "pre_land_sfdc_office",
      "from_field": "Primary_Address_Type__c",
      "to_instance": "SQ_pre_land_sfdc_office",
      "to_field": "Primary_Address_Type__c"
    },
    {
      "from_instance": "pre_land_sfdc_office",
      "from_field": "Secondary_Address_Type__c",
      "to_instance": "SQ_pre_land_sfdc_office",
      "to_field": "Secondary_Address_Type__c"
    },
    {
      "from_instance": "pre_land_sfdc_office",
      "from_field": "Location_Type__c",
      "to_instance": "SQ_pre_land_sfdc_office",
      "to_field": "Location_Type__c"
    },
    {
      "from_instance": "pre_land_sfdc_office",
      "from_field": "shippingstreet",
      "to_instance": "SQ_pre_land_sfdc_office",
      "to_field": "shippingstreet"
    },
    {
      "from_instance": "pre_land_sfdc_office",
      "from_field": "shippingcity",
      "to_instance": "SQ_pre_land_sfdc_office",
      "to_field": "shippingcity"
    },
    {
      "from_instance": "pre_land_sfdc_office",
      "from_field": "shippingstate",
      "to_instance": "SQ_pre_land_sfdc_office",
      "to_field": "shippingstate"
    },
    {
      "from_instance": "pre_land_sfdc_office",
      "from_field": "Inactivated_Date__c",
      "to_instance": "SQ_pre_land_sfdc_office",
      "to_field": "Inactivated_Date__c"
    },
    {
      "from_instance": "pre_land_sfdc_office",
      "from_field": "ShipingCountry",
      "to_instance": "SQ_pre_land_sfdc_office",
      "to_field": "ShipingCountry"
    },
    {
      "from_instance": "pre_land_sfdc_office",
      "from_field": "Phone",
      "to_instance": "SQ_pre_land_sfdc_office",
      "to_field": "Phone"
    },
    {
      "from_instance": "pre_land_sfdc_office",
      "from_field": "Fax",
      "to_instance": "SQ_pre_land_sfdc_office",
      "to_field": "Fax"
    },
    {
      "from_instance": "pre_land_sfdc_office",
      "from_field": "BillingCountry",
      "to_instance": "SQ_pre_land_sfdc_office",
      "to_field": "BillingCountry"
    },
    {
      "from_instance": "pre_land_sfdc_office",
      "from_field": "IsDeleted",
      "to_instance": "SQ_pre_land_sfdc_office",
      "to_field": "IsDeleted"
    },
    {
      "from_instance": "pre_land_sfdc_office",
      "from_field": "CreatedByAlias",
      "to_instance": "SQ_pre_land_sfdc_office",
      "to_field": "CreatedByAlias"
    },
    {
      "from_instance": "pre_land_sfdc_office",
      "from_field": "CreatedDate",
      "to_instance": "SQ_pre_land_sfdc_office",
      "to_field": "CreatedDate"
    },
    {
      "from_instance": "pre_land_sfdc_office",
      "from_field": "LastModifiedByAlias",
      "to_instance": "SQ_pre_land_sfdc_office",
      "to_field": "LastModifiedByAlias"
    },
    {
      "from_instance": "pre_land_sfdc_office",
      "from_field": "LastModifiedDate",
      "to_instance": "SQ_pre_land_sfdc_office",
      "to_field": "LastModifiedDate"
    },
    {
      "from_instance": "pre_land_sfdc_office",
      "from_field": "GU_ID__c",
      "to_instance": "SQ_pre_land_sfdc_office",
      "to_field": "GU_ID__c"
    },
    {
      "from_instance": "pre_land_sfdc_office",
      "from_field": "Source_System_Name",
      "to_instance": "SQ_pre_land_sfdc_office",
      "to_field": "Source_System_Name"
    },
    {
      "from_instance": "pre_land_sfdc_office",
      "from_field": "Id",
      "to_instance": "SQ_pre_land_sfdc_office",
      "to_field": "Id"
    },
    {
      "from_instance": "pre_land_sfdc_office",
      "from_field": "ParentId",
      "to_instance": "SQ_pre_land_sfdc_office",
      "to_field": "ParentId"
    },
    {
      "from_instance": "pre_land_sfdc_office",
      "from_field": "Tier__c",
      "to_instance": "SQ_pre_land_sfdc_office",
      "to_field": "Tier__c"
    },
    {
      "from_instance": "pre_land_sfdc_office",
      "from_field": "Website",
      "to_instance": "SQ_pre_land_sfdc_office",
      "to_field": "CLIENT_GROUP_ID"
    },
    {
      "from_instance": "pre_land_sfdc_office",
      "from_field": "shippingpostalcode",
      "to_instance": "SQ_pre_land_sfdc_office",
      "to_field": "shippingpostalcode"
    },
    {
      "from_instance": "pre_land_sfdc_office",
      "from_field": "RecordTypeName",
      "to_instance": "SQ_pre_land_sfdc_office",
      "to_field": "RecordTypeName1"
    },
    {
      "from_instance": "pre_land_sfdc_office",
      "from_field": "Website",
      "to_instance": "SQ_pre_land_sfdc_office",
      "to_field": "Website"
    },
    {
      "from_instance": "pre_land_sfdc_office",
      "from_field": "BillingStreet",
      "to_instance": "SQ_pre_land_sfdc_office",
      "to_field": "BillingStreet"
    },
    {
      "from_instance": "pre_land_sfdc_office",
      "from_field": "BillingCity",
      "to_instance": "SQ_pre_land_sfdc_office",
      "to_field": "BillingCity"
    },
    {
      "from_instance": "pre_land_sfdc_office",
      "from_field": "BillingState",
      "to_instance": "SQ_pre_land_sfdc_office",
      "to_field": "BillingState"
    },
    {
      "from_instance": "pre_land_sfdc_office",
      "from_field": "BillingPostalCode",
      "to_instance": "SQ_pre_land_sfdc_office",
      "to_field": "BillingPostalCode"
    },
    {
      "from_instance": "pre_land_sfdc_office",
      "from_field": "Status__c",
      "to_instance": "SQ_pre_land_sfdc_office",
      "to_field": "Status__c"
    },
    {
      "from_instance": "pre_land_sfdc_office",
      "from_field": "RecordTypeName",
      "to_instance": "SQ_pre_land_sfdc_office",
      "to_field": "RecordTypeName"
    },
    {
      "from_instance": "pre_land_sfdc_office",
      "from_field": "Type",
      "to_instance": "SQ_pre_land_sfdc_office",
      "to_field": "Type"
    },
    {
      "from_instance": "pre_land_sfdc_office",
      "from_field": "Direct__c",
      "to_instance": "SQ_pre_land_sfdc_office",
      "to_field": "Direct__c"
    },
    {
      "from_instance": "pre_land_sfdc_office",
      "from_field": "Office_Name_Short__c",
      "to_instance": "SQ_pre_land_sfdc_office",
      "to_field": "Office_Name_Short__c"
    },
    {
      "from_instance": "pre_land_sfdc_office",
      "from_field": "Name",
      "to_instance": "SQ_pre_land_sfdc_office",
      "to_field": "Name"
    },
    {
      "from_instance": "pre_land_sfdc_office",
      "from_field": "Marketing_Email_Restriction__c",
      "to_instance": "SQ_pre_land_sfdc_office",
      "to_field": "Marketing_Email_Restriction__c"
    },
    {
      "from_instance": "SQ_pre_land_sfdc_office",
      "from_field": "Source_System_Name",
      "to_instance": "fltr_as_reqrd",
      "to_field": "Source_System_Name"
    },
    {
      "from_instance": "SQ_pre_land_sfdc_office",
      "from_field": "Type",
      "to_instance": "fltr_as_reqrd",
      "to_field": "Type"
    },
    {
      "from_instance": "SQ_pre_land_sfdc_office",
      "from_field": "Direct__c",
      "to_instance": "fltr_as_reqrd",
      "to_field": "Direct__c"
    },
    {
      "from_instance": "SQ_pre_land_sfdc_office",
      "from_field": "RecordTypeName1",
      "to_instance": "fltr_as_reqrd",
      "to_field": "RecordTypeName1"
    },
    {
      "from_instance": "SQ_pre_land_sfdc_office",
      "from_field": "Location_Type__c",
      "to_instance": "fltr_as_reqrd",
      "to_field": "Location_Type__c"
    },
    {
      "from_instance": "SQ_pre_land_sfdc_office",
      "from_field": "CreatedByAlias",
      "to_instance": "fltr_as_reqrd",
      "to_field": "CreatedByAlias"
    },
    {
      "from_instance": "SQ_pre_land_sfdc_office",
      "from_field": "CreatedDate",
      "to_instance": "fltr_as_reqrd",
      "to_field": "CreatedDate"
    },
    {
      "from_instance": "SQ_pre_land_sfdc_office",
      "from_field": "LastModifiedDate",
      "to_instance": "fltr_as_reqrd",
      "to_field": "LastModifiedDate"
    },
    {
      "from_instance": "SQ_pre_land_sfdc_office",
      "from_field": "Id",
      "to_instance": "fltr_as_reqrd",
      "to_field": "Id"
    },
    {
      "from_instance": "SQ_pre_land_sfdc_office",
      "from_field": "Inactivated_Date__c",
      "to_instance": "fltr_as_reqrd",
      "to_field": "Inactivated_Date__c"
    },
    {
      "from_instance": "SQ_pre_land_sfdc_office",
      "from_field": "Status__c",
      "to_instance": "fltr_as_reqrd",
      "to_field": "Status__c"
    },
    {
      "from_instance": "SQ_pre_land_sfdc_office",
      "from_field": "Name",
      "to_instance": "fltr_as_reqrd",
      "to_field": "Name"
    },
    {
      "from_instance": "SQ_pre_land_sfdc_office",
      "from_field": "LastModifiedByAlias",
      "to_instance": "fltr_as_reqrd",
      "to_field": "LastModifiedByAlias"
    },
    {
      "from_instance": "SQ_pre_land_sfdc_office",
      "from_field": "CLIENT_GROUP_ID",
      "to_instance": "fltr_as_reqrd",
      "to_field": "CLIENT_GROUP_ID"
    },
    {
      "from_instance": "fltr_as_reqrd",
      "from_field": "Id",
      "to_instance": "exp_transformation",
      "to_field": "Id"
    },
    {
      "from_instance": "fltr_as_reqrd",
      "from_field": "Name",
      "to_instance": "exp_transformation",
      "to_field": "Name"
    },
    {
      "from_instance": "fltr_as_reqrd",
      "from_field": "LastModifiedDate",
      "to_instance": "exp_transformation",
      "to_field": "LastModifiedDate"
    },
    {
      "from_instance": "fltr_as_reqrd",
      "from_field": "CreatedByAlias",
      "to_instance": "exp_transformation",
      "to_field": "CreatedByAlias"
    },
    {
      "from_instance": "fltr_as_reqrd",
      "from_field": "CreatedDate",
      "to_instance": "exp_transformation",
      "to_field": "CreatedDate"
    },
    {
      "from_instance": "fltr_as_reqrd",
      "from_field": "Type",
      "to_instance": "exp_transformation",
      "to_field": "Type"
    },
    {
      "from_instance": "fltr_as_reqrd",
      "from_field": "Direct__c",
      "to_instance": "exp_transformation",
      "to_field": "Direct__c"
    },
    {
      "from_instance": "fltr_as_reqrd",
      "from_field": "LastModifiedByAlias",
      "to_instance": "exp_transformation",
      "to_field": "LastModifiedByAlias"
    },
    {
      "from_instance": "fltr_as_reqrd",
      "from_field": "RecordTypeName1",
      "to_instance": "exp_transformation",
      "to_field": "RecordTypeName1"
    },
    {
      "from_instance": "fltr_as_reqrd",
      "from_field": "Location_Type__c",
      "to_instance": "exp_transformation",
      "to_field": "Location_Type__c"
    },
    {
      "from_instance": "fltr_as_reqrd",
      "from_field": "Inactivated_Date__c",
      "to_instance": "exp_transformation",
      "to_field": "Inactivated_Date__c"
    },
    {
      "from_instance": "fltr_as_reqrd",
      "from_field": "Status__c",
      "to_instance": "exp_transformation",
      "to_field": "Status__c"
    },
    {
      "from_instance": "fltr_as_reqrd",
      "from_field": "Source_System_Name",
      "to_instance": "exp_transformation",
      "to_field": "Source_System_Name"
    },
    {
      "from_instance": "fltr_as_reqrd",
      "from_field": "CLIENT_GROUP_ID",
      "to_instance": "exp_transformation",
      "to_field": "CLIENT_GROUP_ID"
    },
    {
      "from_instance": "exp_transformation",
      "from_field": "RecordTypeName1",
      "to_instance": "FILTRANS",
      "to_field": "RecordTypeName1"
    },
    {
      "from_instance": "exp_transformation",
      "from_field": "Name",
      "to_instance": "FILTRANS",
      "to_field": "Name"
    },
    {
      "from_instance": "exp_transformation",
      "from_field": "Status__c",
      "to_instance": "FILTRANS",
      "to_field": "Status__c"
    },
    {
      "from_instance": "exp_transformation",
      "from_field": "Type",
      "to_instance": "FILTRANS",
      "to_field": "Type"
    },
    {
      "from_instance": "exp_transformation",
      "from_field": "lookupSOFIDORIS",
      "to_instance": "FILTRANS",
      "to_field": "lookupSOFIDORIS"
    },
    {
      "from_instance": "exp_transformation",
      "from_field": "DEFERRED_OWNERSHIP_IND_OUT",
      "to_instance": "FILTRANS",
      "to_field": "DEFERRED_OWNERSHIP_IND_OUT"
    },
    {
      "from_instance": "exp_transformation",
      "from_field": "Office_Type_ID",
      "to_instance": "FILTRANS",
      "to_field": "Office_Type_ID"
    },
    {
      "from_instance": "exp_transformation",
      "from_field": "Inactivated_Date__c",
      "to_instance": "FILTRANS",
      "to_field": "Party_Inactivation_Date"
    },
    {
      "from_instance": "exp_transformation",
      "from_field": "Id_OUT",
      "to_instance": "FILTRANS",
      "to_field": "Id_OUT"
    },
    {
      "from_instance": "exp_transformation",
      "from_field": "LastModifiedDate",
      "to_instance": "FILTRANS",
      "to_field": "LastModifiedDate"
    },
    {
      "from_instance": "exp_transformation",
      "from_field": "RIA_COVERAGE_TYPE_ID",
      "to_instance": "FILTRANS",
      "to_field": "RIA_COVERAGE_TYPE_ID"
    },
    {
      "from_instance": "exp_transformation",
      "from_field": "PARTY_STATUS_ID",
      "to_instance": "FILTRANS",
      "to_field": "PARTY_STATUS_ID"
    },
    {
      "from_instance": "exp_transformation",
      "from_field": "PARTY_TYPE_ID",
      "to_instance": "FILTRANS",
      "to_field": "PARTY_TYPE_ID"
    },
    {
      "from_instance": "exp_transformation",
      "from_field": "Source_System_Name",
      "to_instance": "FILTRANS",
      "to_field": "Source_System_Name"
    },
    {
      "from_instance": "exp_transformation",
      "from_field": "CreatedByAlias",
      "to_instance": "FILTRANS",
      "to_field": "CreatedByAlias"
    },
    {
      "from_instance": "exp_transformation",
      "from_field": "CreatedDate",
      "to_instance": "FILTRANS",
      "to_field": "CreatedDate"
    },
    {
      "from_instance": "exp_transformation",
      "from_field": "Direct__c_out",
      "to_instance": "FILTRANS",
      "to_field": "Direct__c_out"
    },
    {
      "from_instance": "exp_transformation",
      "from_field": "LastModifiedByAlias",
      "to_instance": "FILTRANS",
      "to_field": "LastModifiedByAlias"
    },
    {
      "from_instance": "exp_transformation",
      "from_field": "MAPPING_NAME",
      "to_instance": "FILTRANS",
      "to_field": "MAPPING_NAME"
    },
    {
      "from_instance": "exp_transformation",
      "from_field": "CLIENT_GROUP_ID1",
      "to_instance": "FILTRANS",
      "to_field": "CLIENT_GROUP_ID"
    }
  ],
  "mappings": [
    {
      "name": "m_landing_sfdc_to_cdm_office_party",
      "instances": [
        {
          "name": "TODAY_PARTY_XFORM",
          "type": "TARGET",
          "transformation": ""
        },
        {
          "name": "pre_land_sfdc_office",
          "type": "SOURCE",
          "transformation": ""
        },
        {
          "name": "fltr_as_reqrd",
          "type": "TRANSFORMATION",
          "transformation": ""
        },
        {
          "name": "TODAY_PARTY_XFORM_LOOKUP",
          "type": "TRANSFORMATION",
          "transformation": ""
        },
        {
          "name": "exp_transformation",
          "type": "TRANSFORMATION",
          "transformation": ""
        },
        {
          "name": "SQ_pre_land_sfdc_office",
          "type": "TRANSFORMATION",
          "transformation": ""
        },
        {
          "name": "FILTRANS",
          "type": "TRANSFORMATION",
          "transformation": ""
        },
        {
          "name": "lkp_values",
          "type": "TRANSFORMATION",
          "transformation": ""
        }
      ]
    }
  ]
}