{
  "mapping_name": "wf_landing_sfdc_to_cdm_contact_party_role",
  "sources": [
    {
      "name": "pre_land_sfdc_contact",
      "type": "",
      "columns": [
        {
          "name": "Id",
          "datatype": "nvarchar",
          "precision": "18",
          "scale": "0"
        },
        {
          "name": "IsDeleted",
          "datatype": "nvarchar",
          "precision": "10",
          "scale": "0"
        },
        {
          "name": "AccountId",
          "datatype": "nvarchar",
          "precision": "18",
          "scale": "0"
        },
        {
          "name": "LastName",
          "datatype": "nvarchar",
          "precision": "80",
          "scale": "0"
        },
        {
          "name": "FirstName",
          "datatype": "nvarchar",
          "precision": "40",
          "scale": "0"
        },
        {
          "name": "Salutation",
          "datatype": "nvarchar",
          "precision": "40",
          "scale": "0"
        },
        {
          "name": "Name",
          "datatype": "nvarchar",
          "precision": "121",
          "scale": "0"
        },
        {
          "name": "RecordTypeId",
          "datatype": "nvarchar",
          "precision": "18",
          "scale": "0"
        },
        {
          "name": "OtherStreet",
          "datatype": "nvarchar",
          "precision": "255",
          "scale": "0"
        },
        {
          "name": "OtherCity",
          "datatype": "nvarchar",
          "precision": "40",
          "scale": "0"
        },
        {
          "name": "OtherState",
          "datatype": "nvarchar",
          "precision": "80",
          "scale": "0"
        },
        {
          "name": "OtherPostalCode",
          "datatype": "nvarchar",
          "precision": "20",
          "scale": "0"
        },
        {
          "name": "OtherCountry",
          "datatype": "nvarchar",
          "precision": "80",
          "scale": "0"
        },
        {
          "name": "MailingStreet",
          "datatype": "nvarchar",
          "precision": "255",
          "scale": "0"
        },
        {
          "name": "MailingCity",
          "datatype": "nvarchar",
          "precision": "40",
          "scale": "0"
        },
        {
          "name": "MailingState",
          "datatype": "nvarchar",
          "precision": "80",
          "scale": "0"
        },
        {
          "name": "MailingPostalCode",
          "datatype": "nvarchar",
          "precision": "20",
          "scale": "0"
        },
        {
          "name": "MailingCountry",
          "datatype": "nvarchar",
          "precision": "80",
          "scale": "0"
        },
        {
          "name": "Phone",
          "datatype": "nvarchar",
          "precision": "40",
          "scale": "0"
        },
        {
          "name": "Fax",
          "datatype": "nvarchar",
          "precision": "40",
          "scale": "0"
        },
        {
          "name": "Email",
          "datatype": "nvarchar",
          "precision": "80",
          "scale": "0"
        },
        {
          "name": "CreatedDate",
          "datatype": "nvarchar",
          "precision": "29",
          "scale": "0"
        },
        {
          "name": "CreatedById",
          "datatype": "nvarchar",
          "precision": "18",
          "scale": "0"
        },
        {
          "name": "LastModifiedDate",
          "datatype": "nvarchar",
          "precision": "29",
          "scale": "0"
        },
        {
          "name": "LastModifiedById",
          "datatype": "nvarchar",
          "precision": "18",
          "scale": "0"
        },
        {
          "name": "Contact_Mktg_Email_Restriction__c",
          "datatype": "nvarchar",
          "precision": "255",
          "scale": "0"
        },
        {
          "name": "Contact_Role__c",
          "datatype": "nvarchar",
          "precision": "255",
          "scale": "0"
        },
        {
          "name": "Direct__c",
          "datatype": "nvarchar",
          "precision": "1300",
          "scale": "0"
        },
        {
          "name": "Nickname__c",
          "datatype": "nvarchar",
          "precision": "50",
          "scale": "0"
        },
        {
          "name": "Office_ID__c",
          "datatype": "nvarchar",
          "precision": "1300",
          "scale": "0"
        },
        {
          "name": "RP_Classification__c",
          "datatype": "nvarchar",
          "precision": "15",
          "scale": "0"
        },
        {
          "name": "RP_Segment__c",
          "datatype": "nvarchar",
          "precision": "255",
          "scale": "0"
        },
        {
          "name": "Sequence_N__c",
          "datatype": "nvarchar",
          "precision": "30",
          "scale": "0"
        },
        {
          "name": "Status__c",
          "datatype": "nvarchar",
          "precision": "255",
          "scale": "0"
        },
        {
          "name": "Type__c",
          "datatype": "nvarchar",
          "precision": "255",
          "scale": "0"
        },
        {
          "name": "RP_Specialist__c",
          "datatype": "nvarchar",
          "precision": "10",
          "scale": "0"
        },
        {
          "name": "Email_Pref_OAG__c",
          "datatype": "nvarchar",
          "precision": "10",
          "scale": "0"
        },
        {
          "name": "Extension__c",
          "datatype": "nvarchar",
          "precision": "20",
          "scale": "0"
        },
        {
          "name": "Middle_Initial__c",
          "datatype": "nvarchar",
          "precision": "20",
          "scale": "0"
        },
        {
          "name": "Organization_Type__c",
          "datatype": "nvarchar",
          "precision": "1300",
          "scale": "0"
        },
        {
          "name": "Role_Status__c",
          "datatype": "nvarchar",
          "precision": "255",
          "scale": "0"
        },
        {
          "name": "Retail_Segmentation__c",
          "datatype": "nvarchar",
          "precision": "255",
          "scale": "0"
        },
        {
          "name": "HNW_Segmentation__c",
          "datatype": "nvarchar",
          "precision": "255",
          "scale": "0"
        },
        {
          "name": "Other_Reason_Code_Details__c",
          "datatype": "nvarchar",
          "precision": "255",
          "scale": "0"
        },
        {
          "name": "Reason_Code_Clarification__c",
          "datatype": "nvarchar",
          "precision": "255",
          "scale": "0"
        },
        {
          "name": "Reason_Code__c",
          "datatype": "nvarchar",
          "precision": "255",
          "scale": "0"
        },
        {
          "name": "RecordtypeName",
          "datatype": "nvarchar",
          "precision": "80",
          "scale": "0"
        },
        {
          "name": "CDM_GUID",
          "datatype": "nvarchar",
          "precision": "100",
          "scale": "0"
        },
        {
          "name": "SOURCE_SYSTEM_NAME",
          "datatype": "nvarchar",
          "precision": "20",
          "scale": "0"
        },
        {
          "name": "Rep_CRD__c",
          "datatype": "nvarchar",
          "precision": "15",
          "scale": "0"
        },
        {
          "name": "Createdby_Alias",
          "datatype": "nvarchar",
          "precision": "8",
          "scale": "0"
        },
        {
          "name": "Lastmodifiedby_Alias",
          "datatype": "nvarchar",
          "precision": "8",
          "scale": "0"
        },
        {
          "name": "Primary_Address_Type__c",
          "datatype": "nvarchar",
          "precision": "255",
          "scale": "0"
        },
        {
          "name": "Secondary_Address_Type__c",
          "datatype": "nvarchar",
          "precision": "255",
          "scale": "0"
        },
        {
          "name": "Birthdate",
          "datatype": "nvarchar",
          "precision": "29",
          "scale": "0"
        },
        {
          "name": "Hire_Date__c",
          "datatype": "nvarchar",
          "precision": "29",
          "scale": "0"
        },
        {
          "name": "Alternate_Phone__c",
          "datatype": "nvarchar",
          "precision": "40",
          "scale": "0"
        },
        {
          "name": "Alternate_Email__c",
          "datatype": "nvarchar",
          "precision": "80",
          "scale": "0"
        },
        {
          "name": "Dealer_Advisor_Segmentation__c",
          "datatype": "nvarchar",
          "precision": "255",
          "scale": "0"
        },
        {
          "name": "Dealer_Segment__c",
          "datatype": "nvarchar",
          "precision": "15",
          "scale": "0"
        },
        {
          "name": "Advisory_Segmentation__c",
          "datatype": "nvarchar",
          "precision": "255",
          "scale": "0"
        },
        {
          "name": "Advisory_Reason_Code__c",
          "datatype": "nvarchar",
          "precision": "255",
          "scale": "0"
        },
        {
          "name": "Advisory_Reason_Code_Clarification__c",
          "datatype": "nvarchar",
          "precision": "255",
          "scale": "0"
        },
        {
          "name": "Advisory_Other_Reason_Code_Details__c",
          "datatype": "nvarchar",
          "precision": "255",
          "scale": "0"
        },
        {
          "name": "ARL_Contact_Classification__c",
          "datatype": "nvarchar",
          "precision": "255",
          "scale": "0"
        },
        {
          "name": "Ins_Contact_Rating__c",
          "datatype": "nvarchar",
          "precision": "255",
          "scale": "0"
        },
        {
          "name": "Segmentation_1__c",
          "datatype": "nvarchar",
          "precision": "50",
          "scale": "0"
        },
        {
          "name": "Segmentation_2__c",
          "datatype": "nvarchar",
          "precision": "50",
          "scale": "0"
        },
        {
          "name": "Segmentation_3__c",
          "datatype": "nvarchar",
          "precision": "50",
          "scale": "0"
        },
        {
          "name": "Segmentation_4__c",
          "datatype": "nvarchar",
          "precision": "50",
          "scale": "0"
        },
        {
          "name": "CIAM_Prospect_Level__c",
          "datatype": "nvarchar",
          "precision": "255",
          "scale": "0"
        },
        {
          "name": "Insurance_Partner_ID",
          "datatype": "nvarchar",
          "precision": "25",
          "scale": "0"
        },
        {
          "name": "Local_Suffix__c",
          "datatype": "nvarchar",
          "precision": "15",
          "scale": "0"
        },
        {
          "name": "mobilephone",
          "datatype": "nvarchar",
          "precision": "40",
          "scale": "0"
        },
        {
          "name": "linkedin_profile__c",
          "datatype": "nvarchar",
          "precision": "255",
          "scale": "0"
        },
        {
          "name": "suffix__c",
          "datatype": "nvarchar",
          "precision": "29",
          "scale": "0"
        },
        {
          "name": "team_profile__c",
          "datatype": "nvarchar",
          "precision": "5",
          "scale": "0"
        },
        {
          "name": "website__c",
          "datatype": "varchar",
          "precision": "255",
          "scale": "0"
        },
        {
          "name": "Primary_Contact_Role__c",
          "datatype": "varchar",
          "precision": "255",
          "scale": "0"
        },
        {
          "name": "Org_Office_Roles__c",
          "datatype": "varchar",
          "precision": "4099",
          "scale": "0"
        },
        {
          "name": "Parent_Recordtype_Name",
          "datatype": "varchar",
          "precision": "80",
          "scale": "0"
        },
        {
          "name": "Servicing_Email__c",
          "datatype": "varchar",
          "precision": "80",
          "scale": "0"
        },
        {
          "name": "Servicing_Phone__c",
          "datatype": "varchar",
          "precision": "80",
          "scale": "0"
        },
        {
          "name": "Professional_Credentials__c",
          "datatype": "varchar",
          "precision": "255",
          "scale": "0"
        },
        {
          "name": "Role_Status_primary_office__c",
          "datatype": "varchar",
          "precision": "100",
          "scale": "0"
        }
      ]
    },
    {
      "name": "pre_land_sfdc_contact_connection",
      "type": "",
      "columns": [
        {
          "name": "Id",
          "datatype": "nvarchar",
          "precision": "18",
          "scale": "0"
        },
        {
          "name": "Isdeleted",
          "datatype": "nvarchar",
          "precision": "10",
          "scale": "0"
        },
        {
          "name": "Name",
          "datatype": "nvarchar",
          "precision": "80",
          "scale": "0"
        },
        {
          "name": "Contact__c",
          "datatype": "nvarchar",
          "precision": "18",
          "scale": "0"
        },
        {
          "name": "Office__c",
          "datatype": "nvarchar",
          "precision": "18",
          "scale": "0"
        },
        {
          "name": "Recordtypename",
          "datatype": "nvarchar",
          "precision": "80",
          "scale": "0"
        },
        {
          "name": "Contact_Primary_Office",
          "datatype": "nvarchar",
          "precision": "18",
          "scale": "0"
        },
        {
          "name": "Createddate",
          "datatype": "nvarchar",
          "precision": "29",
          "scale": "0"
        },
        {
          "name": "CreatedbyAlias",
          "datatype": "nvarchar",
          "precision": "18",
          "scale": "0"
        },
        {
          "name": "Lastmodifieddate",
          "datatype": "nvarchar",
          "precision": "29",
          "scale": "0"
        },
        {
          "name": "LastmodifiedbyAlias",
          "datatype": "nvarchar",
          "precision": "18",
          "scale": "0"
        },
        {
          "name": "Activation_date__c",
          "datatype": "nvarchar",
          "precision": "29",
          "scale": "0"
        },
        {
          "name": "Termination_date__c",
          "datatype": "nvarchar",
          "precision": "29",
          "scale": "0"
        },
        {
          "name": "Source_system_name",
          "datatype": "nvarchar",
          "precision": "80",
          "scale": "0"
        },
        {
          "name": "Contact_Role__c",
          "datatype": "nvarchar",
          "precision": "255",
          "scale": "0"
        },
        {
          "name": "Role_Status__c",
          "datatype": "nvarchar",
          "precision": "255",
          "scale": "0"
        },
        {
          "name": "primary_role__c",
          "datatype": "varchar",
          "precision": "18",
          "scale": "0"
        },
        {
          "name": "org_office_role__c",
          "datatype": "varchar",
          "precision": "255",
          "scale": "0"
        }
      ]
    }
  ],
  "targets": [
    {
      "name": "today_party_role_xform",
      "type": "",
      "columns": [
        {
          "name": "src_rowid",
          "datatype": "bigint",
          "precision": "19",
          "scale": "0"
        },
        {
          "name": "inactivation_reason_id",
          "datatype": "bigint",
          "precision": "19",
          "scale": "0"
        },
        {
          "name": "status_id",
          "datatype": "bigint",
          "precision": "19",
          "scale": "0"
        },
        {
          "name": "primary_indicator",
          "datatype": "nchar",
          "precision": "1",
          "scale": "0"
        },
        {
          "name": "source_party_role_id",
          "datatype": "nvarchar",
          "precision": "255",
          "scale": "0"
        },
        {
          "name": "role_type_id",
          "datatype": "bigint",
          "precision": "19",
          "scale": "0"
        },
        {
          "name": "last_updated_date",
          "datatype": "nvarchar",
          "precision": "23",
          "scale": "0"
        },
        {
          "name": "source_party_id",
          "datatype": "nvarchar",
          "precision": "255",
          "scale": "0"
        },
        {
          "name": "source_system",
          "datatype": "nvarchar",
          "precision": "250",
          "scale": "0"
        },
        {
          "name": "created_by",
          "datatype": "nvarchar",
          "precision": "50",
          "scale": "0"
        },
        {
          "name": "created_date",
          "datatype": "nvarchar",
          "precision": "23",
          "scale": "0"
        },
        {
          "name": "inactivation_date",
          "datatype": "nvarchar",
          "precision": "23",
          "scale": "0"
        },
        {
          "name": "deleted_indicator",
          "datatype": "nchar",
          "precision": "1",
          "scale": "0"
        },
        {
          "name": "last_updated_by",
          "datatype": "nvarchar",
          "precision": "50",
          "scale": "0"
        },
        {
          "name": "sub_role_type_id",
          "datatype": "bigint",
          "precision": "19",
          "scale": "0"
        },
        {
          "name": "parent_source_system",
          "datatype": "nvarchar",
          "precision": "50",
          "scale": "0"
        },
        {
          "name": "org_intermediary_number",
          "datatype": "numeric",
          "precision": "15",
          "scale": "0"
        },
        {
          "name": "org_sga_status_id",
          "datatype": "bigint",
          "precision": "19",
          "scale": "0"
        },
        {
          "name": "dually_registered_ind",
          "datatype": "nchar",
          "precision": "1",
          "scale": "0"
        },
        {
          "name": "org_w9_form_on_file_ind",
          "datatype": "nchar",
          "precision": "1",
          "scale": "0"
        },
        {
          "name": "prsn_primary_rep_id",
          "datatype": "nvarchar",
          "precision": "9",
          "scale": "0"
        },
        {
          "name": "mapping_name",
          "datatype": "nvarchar",
          "precision": "80",
          "scale": "0"
        },
        {
          "name": "org_tpa_soltn_idfct_num",
          "datatype": "nvarchar",
          "precision": "32",
          "scale": "0"
        },
        {
          "name": "GRP_PRIMARY_REP_ID",
          "datatype": "varchar",
          "precision": "9",
          "scale": "0"
        },
        {
          "name": "DEFERRED_OWNERSHIP_IND",
          "datatype": "nchar",
          "precision": "1",
          "scale": "0"
        }
      ]
    }
  ],
  "transformations": [
    {
      "name": "AGGTRANS",
      "type": "Aggregator",
      "properties": {
        "Termination_date__c": {
          "datatype": "nstring",
          "expression": "Termination_date__c"
        },
        "Lastmodifieddate": {
          "datatype": "nstring",
          "expression": "Lastmodifieddate"
        },
        "Source_system_name": {
          "datatype": "nstring",
          "expression": "Source_system_name"
        },
        "Role_Status_Id": {
          "datatype": "bigint",
          "expression": ""
        },
        "STATUS_ID": {
          "datatype": "bigint",
          "expression": "Role_Status_Id"
        },
        "primary_role__c": {
          "datatype": "string",
          "expression": ""
        },
        "primary_role__out": {
          "datatype": "string",
          "expression": "primary_role__out"
        },
        "InactivationReason": {
          "datatype": "nstring",
          "expression": ""
        },
        "InactivationReason_out": {
          "datatype": "bigint",
          "expression": ""
        },
        "INACTIVATION_REASON_ID": {
          "datatype": "bigint",
          "expression": "InactivationReason_out"
        },
        "Contact_Role__c": {
          "datatype": "nstring",
          "expression": ""
        },
        "Contact_Role_out": {
          "datatype": "integer",
          "expression": "Contact_Role_out"
        },
        "Contact_SubRole_out": {
          "datatype": "integer",
          "expression": "Contact_SubRole_out"
        },
        "Id": {
          "datatype": "nstring",
          "expression": ""
        },
        "Out_ID": {
          "datatype": "nstring",
          "expression": "Out_ID"
        },
        "Createdby_Alias": {
          "datatype": "string",
          "expression": "Createdby_Alias"
        },
        "CreatedDate": {
          "datatype": "string",
          "expression": "CreatedDate"
        },
        "Lastmodifiedby_Alias": {
          "datatype": "nstring",
          "expression": "Lastmodifiedby_Alias"
        },
        "SOURCE_PARTY_ROLE_ID": {
          "datatype": "nstring",
          "expression": "SOURCE_PARTY_ROLE_ID"
        },
        "MAPPING_NAME": {
          "datatype": "string",
          "expression": "$PMMappingName"
        },
        "DEFERRED_OWNERSHIP_IND": {
          "datatype": "nstring",
          "expression": "DEFERRED_OWNERSHIP_IND"
        },
        "GROUP_BY": ""
      }
    },
    {
      "name": "FILTRANS2",
      "type": "Filter",
      "properties": {
        "ROWNUM": {
          "datatype": "nstring",
          "expression": ""
        },
        "Id": {
          "datatype": "nstring",
          "expression": ""
        },
        "Isdeleted": {
          "datatype": "nstring",
          "expression": ""
        },
        "Name": {
          "datatype": "nstring",
          "expression": ""
        },
        "Contact__c": {
          "datatype": "nstring",
          "expression": ""
        },
        "Office__c": {
          "datatype": "nstring",
          "expression": ""
        },
        "Recordtypename": {
          "datatype": "nstring",
          "expression": ""
        },
        "Contact_Primary_Office": {
          "datatype": "nstring",
          "expression": ""
        },
        "Createddate": {
          "datatype": "nstring",
          "expression": ""
        },
        "Lastmodifieddate": {
          "datatype": "nstring",
          "expression": ""
        },
        "Activation_date__c": {
          "datatype": "nstring",
          "expression": ""
        },
        "DEFERRED_OWNERSHIP_IND": {
          "datatype": "nstring",
          "expression": ""
        },
        "FILTER_CONDITION": ""
      }
    },
    {
      "name": "lkp_values",
      "type": "Lookup Procedure",
      "properties": {
        "src_val_in": {
          "datatype": "string",
          "expression": ""
        },
        "attrib_nm_in": {
          "datatype": "string",
          "expression": ""
        },
        "src_sys_nm": {
          "datatype": "string",
          "expression": ""
        },
        "attrib_nm": {
          "datatype": "string",
          "expression": ""
        },
        "src_val": {
          "datatype": "string",
          "expression": ""
        },
        "std_lkup_id": {
          "datatype": "integer",
          "expression": ""
        }
      }
    },
    {
      "name": "EXPTRANS2",
      "type": "Expression",
      "properties": {
        "Termination_date__c": {
          "datatype": "nstring",
          "expression": "Termination_date__c"
        },
        "Lastmodifieddate": {
          "datatype": "nstring",
          "expression": "Lastmodifieddate"
        },
        "Source_system_name": {
          "datatype": "nstring",
          "expression": "Source_system_name"
        },
        "InactivationReasonIn": {
          "datatype": "string",
          "expression": ""
        },
        "InactivationReason": {
          "datatype": "nstring",
          "expression": "InactivationReasonIn"
        },
        "InactivationReason_var": {
          "datatype": "integer",
          "expression": ":LKP.lkp_values(InactivationReasonIn,'INACTIVATION_REASON_ID')"
        },
        "InactivationReason_var2": {
          "datatype": "integer",
          "expression": "iif(isnull(InactivationReason),NULL,iif(isnull(InactivationReason_var),9999,InactivationReason_var))"
        },
        "InactivationReason_var3": {
          "datatype": "integer",
          "expression": "iif(isnull(Termination_date__c),NULL,InactivationReason_var2)"
        },
        "InactivationReason_out": {
          "datatype": "bigint",
          "expression": "InactivationReason_var3"
        },
        "V_Role_Status_Name": {
          "datatype": "string",
          "expression": "DECODE(TRUE\r\n,ISNULL(InactivationReasonIn) AND ISNULL(Termination_date__c),'Active'\r\n,InactivationReasonIn='Current','Active'\r\n,InactivationReasonIn='Deceased','Inactive'\r\n,InactivationReasonIn='Left Organization/Retired','Inactive'\r\n,InactivationReasonIn='No Longer Affiliate to Organization','Inactive'\r\n,InactivationReasonIn='No Longer Affiliated to Org','Inactive'\r\n,InactivationReasonIn='On Leave','Inactive'\r\n,InactivationReasonIn='Still at Org, Not Available','Inactive'\r\n,'Inactive')"
        },
        "V_Role_Status_Lookup_Id": {
          "datatype": "integer",
          "expression": ":LKP.lkp_values(V_Role_Status_Name,'PARTY_ROLE_STATUS_ID')"
        },
        "Role_Status_Id": {
          "datatype": "bigint",
          "expression": "V_Role_Status_Lookup_Id"
        },
        "primary_role__c": {
          "datatype": "string",
          "expression": ""
        },
        "primary_role__out": {
          "datatype": "string",
          "expression": "'N'\r\n--iif(primary_role__c='1','Y','N')"
        },
        "Contact_Role__c": {
          "datatype": "nstring",
          "expression": ""
        },
        "Contact_Role__var": {
          "datatype": "integer",
          "expression": ":LKP.lkp_values(ltrim(rtrim(Contact_Role__c)),'PARTY_ROLE_TYPE_ID')"
        },
        "Contact_Role__var2": {
          "datatype": "integer",
          "expression": "iif(isnull(Contact_Role__var),9999,Contact_Role__var)"
        },
        "Contact_Role_out": {
          "datatype": "integer",
          "expression": "Contact_Role__var2"
        },
        "Id": {
          "datatype": "nstring",
          "expression": ""
        },
        "Out_ID": {
          "datatype": "nstring",
          "expression": "'PER_'||Id"
        },
        "Createdby_Alias": {
          "datatype": "string",
          "expression": "Createdby_Alias"
        },
        "CreatedDate": {
          "datatype": "string",
          "expression": "CreatedDate"
        },
        "Lastmodifiedby_Alias": {
          "datatype": "nstring",
          "expression": "Lastmodifiedby_Alias"
        },
        "SOURCE_PARTY_ROLE_ID": {
          "datatype": "string",
          "expression": "Id||Contact_Role__c"
        },
        "Contact__c": {
          "datatype": "nstring",
          "expression": "Contact__c"
        },
        "V_CHK_ROLE_TYPE_ID": {
          "datatype": "string",
          "expression": "IIF (ISNULL(Contact_Role__var),:SP.SP_LKP_LOAD_TOTAL_ERROR_INFO(Contact_Role__c,'PER_'||Id,Id||Contact_Role__c, 'ROLE_TYPE_ID',CreatedDate,Source_system_name, 'wf_landing_sfdc_to_cdm_contact_party_role','9999 Rejected record', 'wf_landing_sfdc_to_cdm_contact_party_role'),NULL)"
        },
        "DEFERRED_OWNERSHIP_IND": {
          "datatype": "nstring",
          "expression": "DEFERRED_OWNERSHIP_IND"
        }
      }
    },
    {
      "name": "FILTRANS1",
      "type": "Filter",
      "properties": {
        "Termination_date__c": {
          "datatype": "nstring",
          "expression": ""
        },
        "Lastmodifieddate": {
          "datatype": "nstring",
          "expression": ""
        },
        "Source_system_name": {
          "datatype": "nstring",
          "expression": ""
        },
        "Role_Status_Id": {
          "datatype": "bigint",
          "expression": ""
        },
        "primary_role__c": {
          "datatype": "string",
          "expression": ""
        },
        "primary_role__out": {
          "datatype": "string",
          "expression": ""
        },
        "InactivationReasonIn": {
          "datatype": "string",
          "expression": ""
        },
        "InactivationReason_out": {
          "datatype": "bigint",
          "expression": ""
        },
        "Contact_Role__c": {
          "datatype": "nstring",
          "expression": ""
        },
        "Contact_Role_out": {
          "datatype": "integer",
          "expression": ""
        },
        "Id": {
          "datatype": "nstring",
          "expression": ""
        },
        "Out_ID": {
          "datatype": "nstring",
          "expression": ""
        },
        "Createdby_Alias": {
          "datatype": "string",
          "expression": ""
        },
        "CreatedDate": {
          "datatype": "string",
          "expression": ""
        },
        "Lastmodifiedby_Alias": {
          "datatype": "nstring",
          "expression": ""
        },
        "SOURCE_PARTY_ROLE_ID": {
          "datatype": "string",
          "expression": ""
        },
        "Contact__c": {
          "datatype": "nstring",
          "expression": ""
        },
        "DEFERRED_OWNERSHIP_IND": {
          "datatype": "nstring",
          "expression": ""
        },
        "FILTER_CONDITION": ""
      }
    },
    {
      "name": "SP_LKP_LOAD_TOTAL_ERROR_INFO",
      "type": "Stored Procedure",
      "properties": {
        "src_val": {
          "datatype": "string",
          "expression": ""
        },
        "src_party_id": {
          "datatype": "nstring",
          "expression": ""
        },
        "src_spec_xfrm_id": {
          "datatype": "nstring",
          "expression": ""
        },
        "attrib_nm": {
          "datatype": "nstring",
          "expression": ""
        },
        "created_date": {
          "datatype": "nstring",
          "expression": ""
        },
        "src_system": {
          "datatype": "string",
          "expression": ""
        },
        "etlname": {
          "datatype": "nstring",
          "expression": ""
        },
        "error_msg": {
          "datatype": "nstring",
          "expression": ""
        },
        "dw_pgm_name": {
          "datatype": "nstring",
          "expression": ""
        }
      }
    },
    {
      "name": "SQ_pre_land_sfdc_contact",
      "type": "Source Qualifier",
      "properties": {
        "Id": {
          "datatype": "nstring",
          "expression": ""
        },
        "CreatedDate": {
          "datatype": "nstring",
          "expression": ""
        },
        "LastModifiedDate": {
          "datatype": "nstring",
          "expression": ""
        },
        "Createdby_Alias": {
          "datatype": "nstring",
          "expression": ""
        },
        "Lastmodifiedby_Alias": {
          "datatype": "nstring",
          "expression": ""
        },
        "EACG_Contact_Role__c": {
          "datatype": "string",
          "expression": ""
        }
      }
    },
    {
      "name": "EXPTRANS",
      "type": "Expression",
      "properties": {
        "Id": {
          "datatype": "nstring",
          "expression": "Id"
        },
        "Source_party_id": {
          "datatype": "nstring",
          "expression": "concat('PER_',Id)"
        },
        "Primary_Lead_Role__c": {
          "datatype": "nstring",
          "expression": "Primary_Lead_Role__c"
        },
        "CreatedByAlias": {
          "datatype": "nstring",
          "expression": "CreatedByAlias"
        },
        "CreatedDate": {
          "datatype": "nstring",
          "expression": "CreatedDate"
        },
        "LastModifiedByAlias": {
          "datatype": "nstring",
          "expression": "LastModifiedByAlias"
        },
        "LastModifiedDate": {
          "datatype": "nstring",
          "expression": "LastModifiedDate"
        },
        "Source_System": {
          "datatype": "nstring",
          "expression": "'SFDC'"
        },
        "Status_Id": {
          "datatype": "nstring",
          "expression": ":LKP.LKP_VALUES('Active','PARTY_ROLE_STATUS_ID')"
        },
        "Deferred_Ind": {
          "datatype": "nstring",
          "expression": "'N'"
        },
        "Mapping_Name": {
          "datatype": "nstring",
          "expression": "$PMMappingName"
        },
        "EACG_Contact_Role__c": {
          "datatype": "string",
          "expression": "EACG_Contact_Role__c"
        },
        "V_ROLE_TYPE_ID": {
          "datatype": "bigint",
          "expression": ":LKP.SFDC_LEAD_lkp_values(LTRIM(RTRIM(EACG_Contact_Role__c)),'PARTY_ROLE_TYPE_ID')"
        },
        "O_ROLE_TYPE_ID": {
          "datatype": "bigint",
          "expression": "V_ROLE_TYPE_ID"
        },
        "SOURCE_PARTY_ROLE_ID": {
          "datatype": "nstring",
          "expression": "CONCAT(Id,EACG_Contact_Role__c)"
        }
      }
    },
    {
      "name": "SFDC_LEAD_lkp_values",
      "type": "Lookup Procedure",
      "properties": {
        "src_val_in": {
          "datatype": "string",
          "expression": ""
        },
        "attrib_nm_in": {
          "datatype": "string",
          "expression": ""
        },
        "src_sys_nm": {
          "datatype": "string",
          "expression": ""
        },
        "attrib_nm": {
          "datatype": "string",
          "expression": ""
        },
        "src_val": {
          "datatype": "string",
          "expression": ""
        },
        "std_lkup_id": {
          "datatype": "integer",
          "expression": ""
        }
      }
    },
    {
      "name": "SQ_pre_land_sfdc_contact_connection_sfdc",
      "type": "Source Qualifier",
      "properties": {
        "ROWNUM": {
          "datatype": "nstring",
          "expression": ""
        },
        "Id": {
          "datatype": "nstring",
          "expression": ""
        },
        "Isdeleted": {
          "datatype": "nstring",
          "expression": ""
        },
        "Name": {
          "datatype": "nstring",
          "expression": ""
        },
        "Contact__c": {
          "datatype": "nstring",
          "expression": ""
        },
        "Office__c": {
          "datatype": "nstring",
          "expression": ""
        },
        "Recordtypename": {
          "datatype": "nstring",
          "expression": ""
        },
        "Contact_Primary_Office": {
          "datatype": "nstring",
          "expression": ""
        },
        "Createddate": {
          "datatype": "nstring",
          "expression": ""
        },
        "Lastmodifieddate": {
          "datatype": "nstring",
          "expression": ""
        },
        "Activation_date__c": {
          "datatype": "nstring",
          "expression": ""
        },
        "Termination_date__c": {
          "datatype": "nstring",
          "expression": ""
        },
        "Source_system_name": {
          "datatype": "nstring",
          "expression": ""
        },
        "Contact_Role__c": {
          "datatype": "nstring",
          "expression": ""
        },
        "Role_Status__c": {
          "datatype": "nstring",
          "expression": ""
        },
        "primary_role__c": {
          "datatype": "string",
          "expression": ""
        },
        "MailingCountry": {
          "datatype": "string",
          "expression": ""
        },
        "org_office_role__c": {
          "datatype": "string",
          "expression": ""
        }
      }
    }
  ],
  "connections": [
    {
      "from_instance": "AGGTRANS",
      "from_field": "MAPPING_NAME",
      "to_instance": "TODAY_PARTY_ROLE_XFORM_SFDC",
      "to_field": "mapping_name"
    },
    {
      "from_instance": "AGGTRANS",
      "from_field": "Termination_date__c",
      "to_instance": "TODAY_PARTY_ROLE_XFORM_SFDC",
      "to_field": "inactivation_date"
    },
    {
      "from_instance": "AGGTRANS",
      "from_field": "INACTIVATION_REASON_ID",
      "to_instance": "TODAY_PARTY_ROLE_XFORM_SFDC",
      "to_field": "inactivation_reason_id"
    },
    {
      "from_instance": "AGGTRANS",
      "from_field": "STATUS_ID",
      "to_instance": "TODAY_PARTY_ROLE_XFORM_SFDC",
      "to_field": "status_id"
    },
    {
      "from_instance": "AGGTRANS",
      "from_field": "DEFERRED_OWNERSHIP_IND",
      "to_instance": "TODAY_PARTY_ROLE_XFORM_SFDC",
      "to_field": "DEFERRED_OWNERSHIP_IND"
    },
    {
      "from_instance": "AGGTRANS",
      "from_field": "Lastmodifieddate",
      "to_instance": "TODAY_PARTY_ROLE_XFORM_SFDC",
      "to_field": "last_updated_date"
    },
    {
      "from_instance": "AGGTRANS",
      "from_field": "Source_system_name",
      "to_instance": "TODAY_PARTY_ROLE_XFORM_SFDC",
      "to_field": "source_system"
    },
    {
      "from_instance": "AGGTRANS",
      "from_field": "primary_role__out",
      "to_instance": "TODAY_PARTY_ROLE_XFORM_SFDC",
      "to_field": "primary_indicator"
    },
    {
      "from_instance": "AGGTRANS",
      "from_field": "Contact_Role_out",
      "to_instance": "TODAY_PARTY_ROLE_XFORM_SFDC",
      "to_field": "role_type_id"
    },
    {
      "from_instance": "AGGTRANS",
      "from_field": "Createdby_Alias",
      "to_instance": "TODAY_PARTY_ROLE_XFORM_SFDC",
      "to_field": "created_by"
    },
    {
      "from_instance": "AGGTRANS",
      "from_field": "CreatedDate",
      "to_instance": "TODAY_PARTY_ROLE_XFORM_SFDC",
      "to_field": "created_date"
    },
    {
      "from_instance": "AGGTRANS",
      "from_field": "Lastmodifiedby_Alias",
      "to_instance": "TODAY_PARTY_ROLE_XFORM_SFDC",
      "to_field": "last_updated_by"
    },
    {
      "from_instance": "AGGTRANS",
      "from_field": "SOURCE_PARTY_ROLE_ID",
      "to_instance": "TODAY_PARTY_ROLE_XFORM_SFDC",
      "to_field": "source_party_role_id"
    },
    {
      "from_instance": "AGGTRANS",
      "from_field": "Out_ID",
      "to_instance": "TODAY_PARTY_ROLE_XFORM_SFDC",
      "to_field": "source_party_id"
    },
    {
      "from_instance": "AGGTRANS",
      "from_field": "Source_system_name",
      "to_instance": "TODAY_PARTY_ROLE_XFORM_SFDC",
      "to_field": "parent_source_system"
    },
    {
      "from_instance": "EXPTRANS",
      "from_field": "Status_Id",
      "to_instance": "LEAD_TODAY_PARTY_ROLE_XFORM_SFDC",
      "to_field": "status_id"
    },
    {
      "from_instance": "EXPTRANS",
      "from_field": "O_ROLE_TYPE_ID",
      "to_instance": "LEAD_TODAY_PARTY_ROLE_XFORM_SFDC",
      "to_field": "role_type_id"
    },
    {
      "from_instance": "EXPTRANS",
      "from_field": "Source_party_id",
      "to_instance": "LEAD_TODAY_PARTY_ROLE_XFORM_SFDC",
      "to_field": "source_party_id"
    },
    {
      "from_instance": "EXPTRANS",
      "from_field": "Deferred_Ind",
      "to_instance": "LEAD_TODAY_PARTY_ROLE_XFORM_SFDC",
      "to_field": "DEFERRED_OWNERSHIP_IND"
    },
    {
      "from_instance": "EXPTRANS",
      "from_field": "Deferred_Ind",
      "to_instance": "LEAD_TODAY_PARTY_ROLE_XFORM_SFDC",
      "to_field": "primary_indicator"
    },
    {
      "from_instance": "EXPTRANS",
      "from_field": "Source_System",
      "to_instance": "LEAD_TODAY_PARTY_ROLE_XFORM_SFDC",
      "to_field": "source_system"
    },
    {
      "from_instance": "EXPTRANS",
      "from_field": "Source_System",
      "to_instance": "LEAD_TODAY_PARTY_ROLE_XFORM_SFDC",
      "to_field": "parent_source_system"
    },
    {
      "from_instance": "EXPTRANS",
      "from_field": "Mapping_Name",
      "to_instance": "LEAD_TODAY_PARTY_ROLE_XFORM_SFDC",
      "to_field": "mapping_name"
    },
    {
      "from_instance": "EXPTRANS",
      "from_field": "CreatedByAlias",
      "to_instance": "LEAD_TODAY_PARTY_ROLE_XFORM_SFDC",
      "to_field": "created_by"
    },
    {
      "from_instance": "EXPTRANS",
      "from_field": "CreatedDate",
      "to_instance": "LEAD_TODAY_PARTY_ROLE_XFORM_SFDC",
      "to_field": "created_date"
    },
    {
      "from_instance": "EXPTRANS",
      "from_field": "LastModifiedByAlias",
      "to_instance": "LEAD_TODAY_PARTY_ROLE_XFORM_SFDC",
      "to_field": "last_updated_by"
    },
    {
      "from_instance": "EXPTRANS",
      "from_field": "LastModifiedDate",
      "to_instance": "LEAD_TODAY_PARTY_ROLE_XFORM_SFDC",
      "to_field": "last_updated_date"
    },
    {
      "from_instance": "EXPTRANS",
      "from_field": "SOURCE_PARTY_ROLE_ID",
      "to_instance": "LEAD_TODAY_PARTY_ROLE_XFORM_SFDC",
      "to_field": "source_party_role_id"
    },
    {
      "from_instance": "pre_land_sfdc_contact",
      "from_field": "Id",
      "to_instance": "SQ_pre_land_sfdc_contact",
      "to_field": "Id"
    },
    {
      "from_instance": "pre_land_sfdc_contact",
      "from_field": "CreatedDate",
      "to_instance": "SQ_pre_land_sfdc_contact",
      "to_field": "CreatedDate"
    },
    {
      "from_instance": "pre_land_sfdc_contact",
      "from_field": "LastModifiedDate",
      "to_instance": "SQ_pre_land_sfdc_contact",
      "to_field": "LastModifiedDate"
    },
    {
      "from_instance": "pre_land_sfdc_contact",
      "from_field": "Createdby_Alias",
      "to_instance": "SQ_pre_land_sfdc_contact",
      "to_field": "Createdby_Alias"
    },
    {
      "from_instance": "pre_land_sfdc_contact",
      "from_field": "Lastmodifiedby_Alias",
      "to_instance": "SQ_pre_land_sfdc_contact",
      "to_field": "Lastmodifiedby_Alias"
    },
    {
      "from_instance": "pre_land_sfdc_contact",
      "from_field": "Contact_Role__c",
      "to_instance": "SQ_pre_land_sfdc_contact",
      "to_field": "EACG_Contact_Role__c"
    },
    {
      "from_instance": "pre_land_sfdc_contact_connection_sfdc",
      "from_field": "Lastmodifieddate",
      "to_instance": "SQ_pre_land_sfdc_contact_connection_sfdc",
      "to_field": "Lastmodifieddate"
    },
    {
      "from_instance": "pre_land_sfdc_contact_connection_sfdc",
      "from_field": "Activation_date__c",
      "to_instance": "SQ_pre_land_sfdc_contact_connection_sfdc",
      "to_field": "Activation_date__c"
    },
    {
      "from_instance": "pre_land_sfdc_contact_connection_sfdc",
      "from_field": "Termination_date__c",
      "to_instance": "SQ_pre_land_sfdc_contact_connection_sfdc",
      "to_field": "Termination_date__c"
    },
    {
      "from_instance": "pre_land_sfdc_contact_connection_sfdc",
      "from_field": "Source_system_name",
      "to_instance": "SQ_pre_land_sfdc_contact_connection_sfdc",
      "to_field": "Source_system_name"
    },
    {
      "from_instance": "pre_land_sfdc_contact_connection_sfdc",
      "from_field": "Office__c",
      "to_instance": "SQ_pre_land_sfdc_contact_connection_sfdc",
      "to_field": "Office__c"
    },
    {
      "from_instance": "pre_land_sfdc_contact_connection_sfdc",
      "from_field": "Recordtypename",
      "to_instance": "SQ_pre_land_sfdc_contact_connection_sfdc",
      "to_field": "Recordtypename"
    },
    {
      "from_instance": "pre_land_sfdc_contact_connection_sfdc",
      "from_field": "Id",
      "to_instance": "SQ_pre_land_sfdc_contact_connection_sfdc",
      "to_field": "Id"
    },
    {
      "from_instance": "pre_land_sfdc_contact_connection_sfdc",
      "from_field": "Isdeleted",
      "to_instance": "SQ_pre_land_sfdc_contact_connection_sfdc",
      "to_field": "Isdeleted"
    },
    {
      "from_instance": "pre_land_sfdc_contact_connection_sfdc",
      "from_field": "Name",
      "to_instance": "SQ_pre_land_sfdc_contact_connection_sfdc",
      "to_field": "Name"
    },
    {
      "from_instance": "pre_land_sfdc_contact_connection_sfdc",
      "from_field": "Contact__c",
      "to_instance": "SQ_pre_land_sfdc_contact_connection_sfdc",
      "to_field": "Contact__c"
    },
    {
      "from_instance": "pre_land_sfdc_contact_connection_sfdc",
      "from_field": "Contact_Primary_Office",
      "to_instance": "SQ_pre_land_sfdc_contact_connection_sfdc",
      "to_field": "Contact_Primary_Office"
    },
    {
      "from_instance": "pre_land_sfdc_contact_connection_sfdc",
      "from_field": "Createddate",
      "to_instance": "SQ_pre_land_sfdc_contact_connection_sfdc",
      "to_field": "Createddate"
    },
    {
      "from_instance": "pre_land_sfdc_contact_connection_sfdc",
      "from_field": "Contact_Role__c",
      "to_instance": "SQ_pre_land_sfdc_contact_connection_sfdc",
      "to_field": "Contact_Role__c"
    },
    {
      "from_instance": "pre_land_sfdc_contact_connection_sfdc",
      "from_field": "Role_Status__c",
      "to_instance": "SQ_pre_land_sfdc_contact_connection_sfdc",
      "to_field": "Role_Status__c"
    },
    {
      "from_instance": "pre_land_sfdc_contact_connection_sfdc",
      "from_field": "primary_role__c",
      "to_instance": "SQ_pre_land_sfdc_contact_connection_sfdc",
      "to_field": "primary_role__c"
    },
    {
      "from_instance": "pre_land_sfdc_contact_connection_sfdc",
      "from_field": "org_office_role__c",
      "to_instance": "SQ_pre_land_sfdc_contact_connection_sfdc",
      "to_field": "org_office_role__c"
    },
    {
      "from_instance": "pre_land_sfdc_contact_connection_sfdc",
      "from_field": "CreatedbyAlias",
      "to_instance": "SQ_pre_land_sfdc_contact_connection_sfdc",
      "to_field": "ROWNUM"
    },
    {
      "from_instance": "FILTRANS1",
      "from_field": "Termination_date__c",
      "to_instance": "AGGTRANS",
      "to_field": "Termination_date__c"
    },
    {
      "from_instance": "FILTRANS1",
      "from_field": "Lastmodifieddate",
      "to_instance": "AGGTRANS",
      "to_field": "Lastmodifieddate"
    },
    {
      "from_instance": "FILTRANS1",
      "from_field": "Source_system_name",
      "to_instance": "AGGTRANS",
      "to_field": "Source_system_name"
    },
    {
      "from_instance": "FILTRANS1",
      "from_field": "Role_Status_Id",
      "to_instance": "AGGTRANS",
      "to_field": "Role_Status_Id"
    },
    {
      "from_instance": "FILTRANS1",
      "from_field": "Id",
      "to_instance": "AGGTRANS",
      "to_field": "Id"
    },
    {
      "from_instance": "FILTRANS1",
      "from_field": "Out_ID",
      "to_instance": "AGGTRANS",
      "to_field": "Out_ID"
    },
    {
      "from_instance": "FILTRANS1",
      "from_field": "Createdby_Alias",
      "to_instance": "AGGTRANS",
      "to_field": "Createdby_Alias"
    },
    {
      "from_instance": "FILTRANS1",
      "from_field": "CreatedDate",
      "to_instance": "AGGTRANS",
      "to_field": "CreatedDate"
    },
    {
      "from_instance": "FILTRANS1",
      "from_field": "Lastmodifiedby_Alias",
      "to_instance": "AGGTRANS",
      "to_field": "Lastmodifiedby_Alias"
    },
    {
      "from_instance": "FILTRANS1",
      "from_field": "SOURCE_PARTY_ROLE_ID",
      "to_instance": "AGGTRANS",
      "to_field": "SOURCE_PARTY_ROLE_ID"
    },
    {
      "from_instance": "FILTRANS1",
      "from_field": "primary_role__c",
      "to_instance": "AGGTRANS",
      "to_field": "primary_role__c"
    },
    {
      "from_instance": "FILTRANS1",
      "from_field": "primary_role__out",
      "to_instance": "AGGTRANS",
      "to_field": "primary_role__out"
    },
    {
      "from_instance": "FILTRANS1",
      "from_field": "InactivationReasonIn",
      "to_instance": "AGGTRANS",
      "to_field": "InactivationReason"
    },
    {
      "from_instance": "FILTRANS1",
      "from_field": "InactivationReason_out",
      "to_instance": "AGGTRANS",
      "to_field": "InactivationReason_out"
    },
    {
      "from_instance": "FILTRANS1",
      "from_field": "Contact_Role__c",
      "to_instance": "AGGTRANS",
      "to_field": "Contact_Role__c"
    },
    {
      "from_instance": "FILTRANS1",
      "from_field": "Contact_Role_out",
      "to_instance": "AGGTRANS",
      "to_field": "Contact_Role_out"
    },
    {
      "from_instance": "FILTRANS1",
      "from_field": "DEFERRED_OWNERSHIP_IND",
      "to_instance": "AGGTRANS",
      "to_field": "DEFERRED_OWNERSHIP_IND"
    },
    {
      "from_instance": "SQ_pre_land_sfdc_contact_connection_sfdc",
      "from_field": "Isdeleted",
      "to_instance": "FILTRANS2",
      "to_field": "Isdeleted"
    },
    {
      "from_instance": "SQ_pre_land_sfdc_contact_connection_sfdc",
      "from_field": "Name",
      "to_instance": "FILTRANS2",
      "to_field": "Name"
    },
    {
      "from_instance": "SQ_pre_land_sfdc_contact_connection_sfdc",
      "from_field": "Contact__c",
      "to_instance": "FILTRANS2",
      "to_field": "Contact__c"
    },
    {
      "from_instance": "SQ_pre_land_sfdc_contact_connection_sfdc",
      "from_field": "Office__c",
      "to_instance": "FILTRANS2",
      "to_field": "Office__c"
    },
    {
      "from_instance": "SQ_pre_land_sfdc_contact_connection_sfdc",
      "from_field": "Contact_Primary_Office",
      "to_instance": "FILTRANS2",
      "to_field": "Contact_Primary_Office"
    },
    {
      "from_instance": "SQ_pre_land_sfdc_contact_connection_sfdc",
      "from_field": "Createddate",
      "to_instance": "FILTRANS2",
      "to_field": "Createddate"
    },
    {
      "from_instance": "SQ_pre_land_sfdc_contact_connection_sfdc",
      "from_field": "Recordtypename",
      "to_instance": "FILTRANS2",
      "to_field": "Recordtypename"
    },
    {
      "from_instance": "SQ_pre_land_sfdc_contact_connection_sfdc",
      "from_field": "Lastmodifieddate",
      "to_instance": "FILTRANS2",
      "to_field": "Lastmodifieddate"
    },
    {
      "from_instance": "SQ_pre_land_sfdc_contact_connection_sfdc",
      "from_field": "Activation_date__c",
      "to_instance": "FILTRANS2",
      "to_field": "Activation_date__c"
    },
    {
      "from_instance": "FILTRANS2",
      "from_field": "Contact__c",
      "to_instance": "EXPTRANS2",
      "to_field": "Contact__c"
    },
    {
      "from_instance": "FILTRANS2",
      "from_field": "DEFERRED_OWNERSHIP_IND",
      "to_instance": "EXPTRANS2",
      "to_field": "DEFERRED_OWNERSHIP_IND"
    },
    {
      "from_instance": "FILTRANS2",
      "from_field": "Isdeleted",
      "to_instance": "EXPTRANS2",
      "to_field": "Source_system_name"
    },
    {
      "from_instance": "FILTRANS2",
      "from_field": "Name",
      "to_instance": "EXPTRANS2",
      "to_field": "Contact_Role__c"
    },
    {
      "from_instance": "FILTRANS2",
      "from_field": "Office__c",
      "to_instance": "EXPTRANS2",
      "to_field": "primary_role__c"
    },
    {
      "from_instance": "FILTRANS2",
      "from_field": "Contact__c",
      "to_instance": "EXPTRANS2",
      "to_field": "InactivationReasonIn"
    },
    {
      "from_instance": "FILTRANS2",
      "from_field": "Recordtypename",
      "to_instance": "EXPTRANS2",
      "to_field": "Termination_date__c"
    },
    {
      "from_instance": "FILTRANS2",
      "from_field": "Contact_Primary_Office",
      "to_instance": "EXPTRANS2",
      "to_field": "Lastmodifieddate"
    },
    {
      "from_instance": "FILTRANS2",
      "from_field": "Id",
      "to_instance": "EXPTRANS2",
      "to_field": "Id"
    },
    {
      "from_instance": "FILTRANS2",
      "from_field": "Createddate",
      "to_instance": "EXPTRANS2",
      "to_field": "CreatedDate"
    },
    {
      "from_instance": "FILTRANS2",
      "from_field": "Lastmodifieddate",
      "to_instance": "EXPTRANS2",
      "to_field": "Createdby_Alias"
    },
    {
      "from_instance": "FILTRANS2",
      "from_field": "Activation_date__c",
      "to_instance": "EXPTRANS2",
      "to_field": "Lastmodifiedby_Alias"
    },
    {
      "from_instance": "SQ_pre_land_sfdc_contact_connection_sfdc",
      "from_field": "Termination_date__c",
      "to_instance": "FILTRANS2",
      "to_field": "DEFERRED_OWNERSHIP_IND"
    },
    {
      "from_instance": "SQ_pre_land_sfdc_contact_connection_sfdc",
      "from_field": "ROWNUM",
      "to_instance": "FILTRANS2",
      "to_field": "ROWNUM"
    },
    {
      "from_instance": "SQ_pre_land_sfdc_contact_connection_sfdc",
      "from_field": "Id",
      "to_instance": "FILTRANS2",
      "to_field": "Id"
    },
    {
      "from_instance": "EXPTRANS2",
      "from_field": "Termination_date__c",
      "to_instance": "FILTRANS1",
      "to_field": "Termination_date__c"
    },
    {
      "from_instance": "EXPTRANS2",
      "from_field": "Lastmodifieddate",
      "to_instance": "FILTRANS1",
      "to_field": "Lastmodifieddate"
    },
    {
      "from_instance": "EXPTRANS2",
      "from_field": "Source_system_name",
      "to_instance": "FILTRANS1",
      "to_field": "Source_system_name"
    },
    {
      "from_instance": "EXPTRANS2",
      "from_field": "Role_Status_Id",
      "to_instance": "FILTRANS1",
      "to_field": "Role_Status_Id"
    },
    {
      "from_instance": "EXPTRANS2",
      "from_field": "primary_role__out",
      "to_instance": "FILTRANS1",
      "to_field": "primary_role__out"
    },
    {
      "from_instance": "EXPTRANS2",
      "from_field": "InactivationReason_out",
      "to_instance": "FILTRANS1",
      "to_field": "InactivationReason_out"
    },
    {
      "from_instance": "EXPTRANS2",
      "from_field": "Contact_Role_out",
      "to_instance": "FILTRANS1",
      "to_field": "Contact_Role_out"
    },
    {
      "from_instance": "EXPTRANS2",
      "from_field": "Out_ID",
      "to_instance": "FILTRANS1",
      "to_field": "Out_ID"
    },
    {
      "from_instance": "EXPTRANS2",
      "from_field": "Createdby_Alias",
      "to_instance": "FILTRANS1",
      "to_field": "Createdby_Alias"
    },
    {
      "from_instance": "EXPTRANS2",
      "from_field": "SOURCE_PARTY_ROLE_ID",
      "to_instance": "FILTRANS1",
      "to_field": "SOURCE_PARTY_ROLE_ID"
    },
    {
      "from_instance": "EXPTRANS2",
      "from_field": "Contact__c",
      "to_instance": "FILTRANS1",
      "to_field": "Contact__c"
    },
    {
      "from_instance": "EXPTRANS2",
      "from_field": "DEFERRED_OWNERSHIP_IND",
      "to_instance": "FILTRANS1",
      "to_field": "DEFERRED_OWNERSHIP_IND"
    },
    {
      "from_instance": "EXPTRANS2",
      "from_field": "CreatedDate",
      "to_instance": "FILTRANS1",
      "to_field": "CreatedDate"
    },
    {
      "from_instance": "EXPTRANS2",
      "from_field": "Lastmodifiedby_Alias",
      "to_instance": "FILTRANS1",
      "to_field": "Lastmodifiedby_Alias"
    },
    {
      "from_instance": "SQ_pre_land_sfdc_contact",
      "from_field": "Lastmodifiedby_Alias",
      "to_instance": "EXPTRANS",
      "to_field": "LastModifiedByAlias"
    },
    {
      "from_instance": "SQ_pre_land_sfdc_contact",
      "from_field": "EACG_Contact_Role__c",
      "to_instance": "EXPTRANS",
      "to_field": "EACG_Contact_Role__c"
    },
    {
      "from_instance": "SQ_pre_land_sfdc_contact",
      "from_field": "Id",
      "to_instance": "EXPTRANS",
      "to_field": "Id"
    },
    {
      "from_instance": "SQ_pre_land_sfdc_contact",
      "from_field": "CreatedDate",
      "to_instance": "EXPTRANS",
      "to_field": "CreatedDate"
    },
    {
      "from_instance": "SQ_pre_land_sfdc_contact",
      "from_field": "LastModifiedDate",
      "to_instance": "EXPTRANS",
      "to_field": "LastModifiedDate"
    },
    {
      "from_instance": "SQ_pre_land_sfdc_contact",
      "from_field": "Createdby_Alias",
      "to_instance": "EXPTRANS",
      "to_field": "CreatedByAlias"
    }
  ],
  "mappings": [
    {
      "name": "m_landing_sfdc_to_cdm_contact_party_role",
      "instances": [
        {
          "name": "TODAY_PARTY_ROLE_XFORM_SFDC",
          "type": "TARGET",
          "transformation": ""
        },
        {
          "name": "LEAD_TODAY_PARTY_ROLE_XFORM_SFDC",
          "type": "TARGET",
          "transformation": ""
        },
        {
          "name": "pre_land_sfdc_contact",
          "type": "SOURCE",
          "transformation": ""
        },
        {
          "name": "pre_land_sfdc_contact_connection_sfdc",
          "type": "SOURCE",
          "transformation": ""
        },
        {
          "name": "AGGTRANS",
          "type": "TRANSFORMATION",
          "transformation": ""
        },
        {
          "name": "FILTRANS2",
          "type": "TRANSFORMATION",
          "transformation": ""
        },
        {
          "name": "lkp_values",
          "type": "TRANSFORMATION",
          "transformation": ""
        },
        {
          "name": "EXPTRANS2",
          "type": "TRANSFORMATION",
          "transformation": ""
        },
        {
          "name": "FILTRANS1",
          "type": "TRANSFORMATION",
          "transformation": ""
        },
        {
          "name": "SP_LKP_LOAD_TOTAL_ERROR_INFO",
          "type": "TRANSFORMATION",
          "transformation": ""
        },
        {
          "name": "SQ_pre_land_sfdc_contact",
          "type": "TRANSFORMATION",
          "transformation": ""
        },
        {
          "name": "EXPTRANS",
          "type": "TRANSFORMATION",
          "transformation": ""
        },
        {
          "name": "SFDC_LEAD_lkp_values",
          "type": "TRANSFORMATION",
          "transformation": ""
        },
        {
          "name": "SQ_pre_land_sfdc_contact_connection_sfdc",
          "type": "TRANSFORMATION",
          "transformation": ""
        }
      ]
    }
  ]
}