{
  "mapping_name": "wf_landing_sfdc_to_cdm_organization_party_contact_mechanism",
  "sources": [
    {
      "name": "pre_land_sfdc_organization",
      "type": "",
      "columns": [
        {
          "name": "Id",
          "datatype": "nvarchar",
          "precision": "18",
          "scale": "0"
        },
        {
          "name": "ParentId",
          "datatype": "nvarchar",
          "precision": "18",
          "scale": "0"
        },
        {
          "name": "Tier__c",
          "datatype": "nvarchar",
          "precision": "255",
          "scale": "0"
        },
        {
          "name": "Status__c",
          "datatype": "nvarchar",
          "precision": "255",
          "scale": "0"
        },
        {
          "name": "RecordTypeName",
          "datatype": "nvarchar",
          "precision": "80",
          "scale": "0"
        },
        {
          "name": "CRD__c",
          "datatype": "nvarchar",
          "precision": "15",
          "scale": "0"
        },
        {
          "name": "Registration_Type__c",
          "datatype": "nvarchar",
          "precision": "4000",
          "scale": "0"
        },
        {
          "name": "Primary_CG_Org_Owner__c",
          "datatype": "nvarchar",
          "precision": "18",
          "scale": "0"
        },
        {
          "name": "Primary_CG_Org_Owner__r_alias",
          "datatype": "nvarchar",
          "precision": "8",
          "scale": "0"
        },
        {
          "name": "Primary_CG_Org_Owner__r_Associate_ID__c",
          "datatype": "nvarchar",
          "precision": "15",
          "scale": "0"
        },
        {
          "name": "Primary_Channel__c",
          "datatype": "nvarchar",
          "precision": "255",
          "scale": "0"
        },
        {
          "name": "Type",
          "datatype": "nvarchar",
          "precision": "40",
          "scale": "0"
        },
        {
          "name": "Organization_Direct__c",
          "datatype": "nvarchar",
          "precision": "15",
          "scale": "0"
        },
        {
          "name": "Name",
          "datatype": "nvarchar",
          "precision": "255",
          "scale": "0"
        },
        {
          "name": "Marketing_Email_Restriction__c",
          "datatype": "nvarchar",
          "precision": "255",
          "scale": "0"
        },
        {
          "name": "Organization_ID__c",
          "datatype": "nvarchar",
          "precision": "15",
          "scale": "0"
        },
        {
          "name": "BillingStreet",
          "datatype": "nvarchar",
          "precision": "255",
          "scale": "0"
        },
        {
          "name": "BillingCity",
          "datatype": "nvarchar",
          "precision": "40",
          "scale": "0"
        },
        {
          "name": "BillingState",
          "datatype": "nvarchar",
          "precision": "80",
          "scale": "0"
        },
        {
          "name": "BillingPostalCode",
          "datatype": "nvarchar",
          "precision": "20",
          "scale": "0"
        },
        {
          "name": "BillingCountry",
          "datatype": "nvarchar",
          "precision": "80",
          "scale": "0"
        },
        {
          "name": "IsDeleted",
          "datatype": "nvarchar",
          "precision": "5",
          "scale": "0"
        },
        {
          "name": "CreatedByAlias",
          "datatype": "nvarchar",
          "precision": "8",
          "scale": "0"
        },
        {
          "name": "CreatedDate",
          "datatype": "nvarchar",
          "precision": "29",
          "scale": "0"
        },
        {
          "name": "LastModifiedByAlias",
          "datatype": "nvarchar",
          "precision": "8",
          "scale": "0"
        },
        {
          "name": "LastModifiedDate",
          "datatype": "nvarchar",
          "precision": "29",
          "scale": "0"
        },
        {
          "name": "GU_ID__c",
          "datatype": "nvarchar",
          "precision": "18",
          "scale": "0"
        },
        {
          "name": "Source_System_Name",
          "datatype": "nvarchar",
          "precision": "18",
          "scale": "0"
        },
        {
          "name": "Primary_Address_Type__c",
          "datatype": "nvarchar",
          "precision": "255",
          "scale": "0"
        },
        {
          "name": "Secondary_Address_Type__c",
          "datatype": "nvarchar",
          "precision": "255",
          "scale": "0"
        },
        {
          "name": "Location_Type__c",
          "datatype": "nvarchar",
          "precision": "255",
          "scale": "0"
        },
        {
          "name": "Legal_Name__c",
          "datatype": "nvarchar",
          "precision": "255",
          "scale": "0"
        },
        {
          "name": "SEC__c",
          "datatype": "nvarchar",
          "precision": "25",
          "scale": "0"
        },
        {
          "name": "ShippingStreet",
          "datatype": "nvarchar",
          "precision": "255",
          "scale": "0"
        },
        {
          "name": "ShippingCity",
          "datatype": "nvarchar",
          "precision": "40",
          "scale": "0"
        },
        {
          "name": "ShippingState",
          "datatype": "nvarchar",
          "precision": "80",
          "scale": "0"
        },
        {
          "name": "ShippingPostalCode",
          "datatype": "nvarchar",
          "precision": "20",
          "scale": "0"
        },
        {
          "name": "ShippingCountry",
          "datatype": "nvarchar",
          "precision": "80",
          "scale": "0"
        },
        {
          "name": "Corporate_Structure__c",
          "datatype": "nvarchar",
          "precision": "255",
          "scale": "0"
        },
        {
          "name": "Inactivated_Date__c",
          "datatype": "nvarchar",
          "precision": "29",
          "scale": "0"
        },
        {
          "name": "Org_Tax_ID_Number__c",
          "datatype": "nvarchar",
          "precision": "50",
          "scale": "0"
        },
        {
          "name": "Phone",
          "datatype": "nvarchar",
          "precision": "40",
          "scale": "0"
        },
        {
          "name": "Fax",
          "datatype": "nvarchar",
          "precision": "40",
          "scale": "0"
        },
        {
          "name": "Website",
          "datatype": "nvarchar",
          "precision": "255",
          "scale": "0"
        },
        {
          "name": "Advisory_Other_Reason_Code_Details__c",
          "datatype": "nvarchar",
          "precision": "255",
          "scale": "0"
        },
        {
          "name": "Advisory_Reason_Code__c",
          "datatype": "nvarchar",
          "precision": "255",
          "scale": "0"
        },
        {
          "name": "Advisory_Reason_Code_Clarification__c",
          "datatype": "nvarchar",
          "precision": "255",
          "scale": "0"
        },
        {
          "name": "Advisory_Segmentation__c",
          "datatype": "nvarchar",
          "precision": "255",
          "scale": "0"
        },
        {
          "name": "Segmentation__c",
          "datatype": "nvarchar",
          "precision": "255",
          "scale": "0"
        },
        {
          "name": "channel__c",
          "datatype": "nvarchar",
          "precision": "255",
          "scale": "0"
        },
        {
          "name": "W_9__c",
          "datatype": "nvarchar",
          "precision": "255",
          "scale": "0"
        },
        {
          "name": "Segment__c",
          "datatype": "nvarchar",
          "precision": "255",
          "scale": "0"
        },
        {
          "name": "Restrict_Mail__c",
          "datatype": "nvarchar",
          "precision": "5",
          "scale": "0"
        },
        {
          "name": "Roles__c",
          "datatype": "nvarchar",
          "precision": "255",
          "scale": "0"
        },
        {
          "name": "Email_address__c",
          "datatype": "nvarchar",
          "precision": "255",
          "scale": "0"
        },
        {
          "name": "Entitiy_Name_DORIS_SOFI__c",
          "datatype": "nvarchar",
          "precision": "255",
          "scale": "0"
        },
        {
          "name": "Role_Stage__c",
          "datatype": "varchar",
          "precision": "255",
          "scale": "0"
        },
        {
          "name": "Client_RM_CRA__c",
          "datatype": "varchar",
          "precision": "255",
          "scale": "0"
        },
        {
          "name": "Service_Tier__c",
          "datatype": "varchar",
          "precision": "255",
          "scale": "0"
        },
        {
          "name": "RM_Institutional__c",
          "datatype": "varchar",
          "precision": "255",
          "scale": "0"
        },
        {
          "name": "Covered_Plan_Sponsor__c",
          "datatype": "nvarchar",
          "precision": "5",
          "scale": "0"
        },
        {
          "name": "external_id_c",
          "datatype": "nvarchar",
          "precision": "255",
          "scale": "0"
        },
        {
          "name": "Aggregator__c",
          "datatype": "nvarchar",
          "precision": "255",
          "scale": "0"
        },
        {
          "name": "Sector__c",
          "datatype": "nvarchar",
          "precision": "255",
          "scale": "0"
        },
        {
          "name": "Definer__c",
          "datatype": "nvarchar",
          "precision": "255",
          "scale": "0"
        },
        {
          "name": "Reserverd_3",
          "datatype": "nvarchar",
          "precision": "18",
          "scale": "0"
        },
        {
          "name": "Reserverd_4",
          "datatype": "nvarchar",
          "precision": "18",
          "scale": "0"
        },
        {
          "name": "Reserverd_5",
          "datatype": "nvarchar",
          "precision": "18",
          "scale": "0"
        }
      ]
    }
  ],
  "targets": [
    {
      "name": "TODAY_PARTY_CNTCT_MCHSM_XFORM",
      "type": "",
      "columns": [
        {
          "name": "SRC_ROWID",
          "datatype": "bigint",
          "precision": "19",
          "scale": "0"
        },
        {
          "name": "PARTY_ROLE_TYPE_ID",
          "datatype": "bigint",
          "precision": "19",
          "scale": "0"
        },
        {
          "name": "PRIMARY_INDICATOR",
          "datatype": "nchar",
          "precision": "1",
          "scale": "0"
        },
        {
          "name": "LAST_UPDATED_DATE",
          "datatype": "nvarchar",
          "precision": "23",
          "scale": "0"
        },
        {
          "name": "PHONE_COUNTRY_CODE_ID",
          "datatype": "bigint",
          "precision": "19",
          "scale": "0"
        },
        {
          "name": "SOURCE_SYSTEM",
          "datatype": "nvarchar",
          "precision": "50",
          "scale": "0"
        },
        {
          "name": "CREATED_BY",
          "datatype": "nvarchar",
          "precision": "50",
          "scale": "0"
        },
        {
          "name": "CREATED_DATE",
          "datatype": "nvarchar",
          "precision": "23",
          "scale": "0"
        },
        {
          "name": "CNTCT_MCHSM_TYPE_ID",
          "datatype": "bigint",
          "precision": "19",
          "scale": "0"
        },
        {
          "name": "LAST_UPDATED_BY",
          "datatype": "nvarchar",
          "precision": "50",
          "scale": "0"
        },
        {
          "name": "DELETED_INDICATOR",
          "datatype": "nchar",
          "precision": "1",
          "scale": "0"
        },
        {
          "name": "SOURCE_CNTCT_MCHSM_ID",
          "datatype": "nvarchar",
          "precision": "255",
          "scale": "0"
        },
        {
          "name": "PURPOSE_ID",
          "datatype": "bigint",
          "precision": "19",
          "scale": "0"
        },
        {
          "name": "CNTCT_MCHSM_VAL",
          "datatype": "nvarchar",
          "precision": "250",
          "scale": "0"
        },
        {
          "name": "SOURCE_PARTY_ID",
          "datatype": "nvarchar",
          "precision": "255",
          "scale": "0"
        },
        {
          "name": "PARENT_SOURCE_SYSTEM",
          "datatype": "nvarchar",
          "precision": "50",
          "scale": "0"
        },
        {
          "name": "PHONE_NUMBER_EXTENSION",
          "datatype": "nvarchar",
          "precision": "15",
          "scale": "0"
        },
        {
          "name": "MAPPING_NAME",
          "datatype": "varchar",
          "precision": "80",
          "scale": "0"
        },
        {
          "name": "DEFERRED_OWNERSHIP_IND",
          "datatype": "nchar",
          "precision": "1",
          "scale": "0"
        },
        {
          "name": "CONTACT_MECHANISM_STATUS_IND",
          "datatype": "nchar",
          "precision": "1",
          "scale": "0"
        }
      ]
    }
  ],
  "transformations": [
    {
      "name": "EXPTRANS",
      "type": "Expression",
      "properties": {
        "Id": {
          "datatype": "string",
          "expression": ""
        },
        "Id_Out": {
          "datatype": "nstring",
          "expression": "'ORG_'||Id"
        },
        "LastModifiedDate": {
          "datatype": "string",
          "expression": "LastModifiedDate"
        },
        "SourceSystemName": {
          "datatype": "string",
          "expression": "SourceSystemName"
        },
        "CNTCT_MECHANISM_TYPE": {
          "datatype": "bigint",
          "expression": "CNTCT_MECHANISM_TYPE"
        },
        "CNTCT_MECHANISM_Value": {
          "datatype": "string",
          "expression": "CNTCT_MECHANISM_Value"
        },
        "PURPOSE": {
          "datatype": "bigint",
          "expression": "PURPOSE"
        },
        "Source_System_Name": {
          "datatype": "string",
          "expression": "Source_System_Name"
        },
        "SOURCE_CNTCT_MCHSM_ID": {
          "datatype": "nstring",
          "expression": "--Source_System_Name||'|'||'ORG_'||Id||'|'||CNTCT_MECHANISM_TYPE||'|'||PURPOSE||'|'||CNTCT_MECHANISM_Value\r\n\r\nId||CNTCT_MCHSM_TYPE_STR\r\n\r\n"
        },
        "CreatedByAlias": {
          "datatype": "string",
          "expression": "CreatedByAlias"
        },
        "CreatedDate": {
          "datatype": "string",
          "expression": "CreatedDate"
        },
        "LastModifiedByAlias": {
          "datatype": "string",
          "expression": "LastModifiedByAlias"
        },
        "Parent_Source_System": {
          "datatype": "nstring",
          "expression": "'SFDC'"
        },
        "CNTCT_MCHSM_TYPE_STR": {
          "datatype": "string",
          "expression": ""
        },
        "MAPPING_NAME": {
          "datatype": "string",
          "expression": "$PMMappingName"
        },
        "PRIMARY_INDICATOR": {
          "datatype": "nstring",
          "expression": "'Y'"
        }
      }
    },
    {
      "name": "FILTRANS",
      "type": "Filter",
      "properties": {
        "Id": {
          "datatype": "string",
          "expression": ""
        },
        "LastModifiedDate": {
          "datatype": "string",
          "expression": ""
        },
        "SourceSystemName": {
          "datatype": "string",
          "expression": ""
        },
        "CNTCT_MECHANISM_TYPE": {
          "datatype": "string",
          "expression": ""
        },
        "CNTCT_MECHANISM_Value": {
          "datatype": "string",
          "expression": ""
        },
        "PURPOSE": {
          "datatype": "string",
          "expression": ""
        },
        "Source_System_Name": {
          "datatype": "string",
          "expression": ""
        },
        "CreatedByAlias": {
          "datatype": "string",
          "expression": ""
        },
        "CreatedDate": {
          "datatype": "string",
          "expression": ""
        },
        "LastModifiedByAlias": {
          "datatype": "string",
          "expression": ""
        },
        "CNTCT_MCHSM_TYPE_STR": {
          "datatype": "string",
          "expression": ""
        },
        "RecordTypeName": {
          "datatype": "string",
          "expression": ""
        },
        "FILTER_CONDITION": ""
      }
    },
    {
      "name": "fltr_as_reqrd",
      "type": "Filter",
      "properties": {
        "Id": {
          "datatype": "string",
          "expression": ""
        },
        "LastModifiedDate": {
          "datatype": "string",
          "expression": ""
        },
        "Source_System_Name": {
          "datatype": "string",
          "expression": ""
        },
        "Phone": {
          "datatype": "nstring",
          "expression": ""
        },
        "Fax": {
          "datatype": "nstring",
          "expression": ""
        },
        "Website": {
          "datatype": "nstring",
          "expression": ""
        },
        "CreatedByAlias": {
          "datatype": "string",
          "expression": ""
        },
        "CreatedDate": {
          "datatype": "string",
          "expression": ""
        },
        "LastModifiedByAlias": {
          "datatype": "string",
          "expression": ""
        },
        "RecordTypeName": {
          "datatype": "string",
          "expression": ""
        },
        "FILTER_CONDITION": ""
      }
    },
    {
      "name": "lkp_values",
      "type": "Lookup Procedure",
      "properties": {
        "src_val_in": {
          "datatype": "string",
          "expression": ""
        },
        "attrib_nm_in": {
          "datatype": "string",
          "expression": ""
        },
        "src_sys_nm": {
          "datatype": "string",
          "expression": ""
        },
        "attrib_nm": {
          "datatype": "string",
          "expression": ""
        },
        "src_val": {
          "datatype": "string",
          "expression": ""
        },
        "std_lkup_id": {
          "datatype": "integer",
          "expression": ""
        }
      }
    },
    {
      "name": "Union",
      "type": "Custom Transformation",
      "properties": {
        "Id": {
          "datatype": "string",
          "expression": ""
        },
        "LastModifiedDate": {
          "datatype": "string",
          "expression": ""
        },
        "SourceSystemName": {
          "datatype": "string",
          "expression": ""
        },
        "CNTCT_MECHANISM_TYPE": {
          "datatype": "string",
          "expression": ""
        },
        "CNTCT_MECHANISM_Value": {
          "datatype": "string",
          "expression": ""
        },
        "PURPOSE": {
          "datatype": "string",
          "expression": ""
        },
        "Source_System_Name": {
          "datatype": "string",
          "expression": ""
        },
        "CreatedByAlias": {
          "datatype": "string",
          "expression": ""
        },
        "CreatedDate": {
          "datatype": "string",
          "expression": ""
        },
        "LastModifiedByAlias": {
          "datatype": "string",
          "expression": ""
        },
        "CNTCT_MCHSM_TYPE_STR": {
          "datatype": "string",
          "expression": ""
        },
        "RecordTypeName": {
          "datatype": "string",
          "expression": ""
        },
        "Id2": {
          "datatype": "string",
          "expression": ""
        },
        "LastModifiedDate2": {
          "datatype": "string",
          "expression": ""
        },
        "SourceSystemName2": {
          "datatype": "string",
          "expression": ""
        },
        "CNTCT_MECHANISM_TYPE2": {
          "datatype": "string",
          "expression": ""
        },
        "CNTCT_MECHANISM_Value2": {
          "datatype": "string",
          "expression": ""
        },
        "PURPOSE2": {
          "datatype": "string",
          "expression": ""
        },
        "Source_System_Name1": {
          "datatype": "string",
          "expression": ""
        },
        "CreatedByAlias1": {
          "datatype": "string",
          "expression": ""
        },
        "CreatedDate1": {
          "datatype": "string",
          "expression": ""
        },
        "LastModifiedByAlias1": {
          "datatype": "string",
          "expression": ""
        },
        "CNTCT_MCHSM_TYPE_STR2": {
          "datatype": "string",
          "expression": ""
        },
        "RecordTypeName1": {
          "datatype": "string",
          "expression": ""
        },
        "Id3": {
          "datatype": "string",
          "expression": ""
        },
        "LastModifiedDate3": {
          "datatype": "string",
          "expression": ""
        },
        "SourceSystemName3": {
          "datatype": "string",
          "expression": ""
        },
        "CNTCT_MECHANISM_TYPE3": {
          "datatype": "string",
          "expression": ""
        },
        "CNTCT_MECHANISM_Value3": {
          "datatype": "string",
          "expression": ""
        },
        "PURPOSE3": {
          "datatype": "string",
          "expression": ""
        },
        "Source_System_Name2": {
          "datatype": "string",
          "expression": ""
        },
        "CreatedByAlias2": {
          "datatype": "string",
          "expression": ""
        },
        "CreatedDate2": {
          "datatype": "string",
          "expression": ""
        },
        "LastModifiedByAlias2": {
          "datatype": "string",
          "expression": ""
        },
        "CNTCT_MCHSM_TYPE_STR3": {
          "datatype": "string",
          "expression": ""
        },
        "RecordTypeName2": {
          "datatype": "string",
          "expression": ""
        },
        "Id4": {
          "datatype": "string",
          "expression": ""
        },
        "LastModifiedDate4": {
          "datatype": "string",
          "expression": ""
        },
        "SourceSystemName4": {
          "datatype": "string",
          "expression": ""
        },
        "CNTCT_MECHANISM_TYPE4": {
          "datatype": "string",
          "expression": ""
        },
        "CNTCT_MECHANISM_Value4": {
          "datatype": "string",
          "expression": ""
        },
        "PURPOSE4": {
          "datatype": "string",
          "expression": ""
        },
        "Source_System_Name3": {
          "datatype": "string",
          "expression": ""
        },
        "CreatedByAlias3": {
          "datatype": "string",
          "expression": ""
        },
        "CreatedDate3": {
          "datatype": "string",
          "expression": ""
        },
        "LastModifiedByAlias3": {
          "datatype": "string",
          "expression": ""
        },
        "CNTCT_MCHSM_TYPE_STR4": {
          "datatype": "string",
          "expression": ""
        },
        "RecordTypeName3": {
          "datatype": "string",
          "expression": ""
        }
      }
    },
    {
      "name": "exp_transformation",
      "type": "Expression",
      "properties": {
        "Id": {
          "datatype": "string",
          "expression": "Id"
        },
        "LastModifiedDate": {
          "datatype": "string",
          "expression": "LastModifiedDate"
        },
        "Source_System_Name": {
          "datatype": "string",
          "expression": "Source_System_Name"
        },
        "DORIS_SOFI_INDICATOR": {
          "datatype": "string",
          "expression": "IIF(RecordTypeName='Financial Intermediary' OR RecordTypeName='CIAM Org RO' OR \r\nRecordTypeName='NT Advisory Org' OR \r\nRecordTypeName='NT Advisory Org RO' OR\r\nRecordTypeName='Retail Org RO','D_S_ORG','SFDC_BOR_ORG')"
        },
        "Phone": {
          "datatype": "nstring",
          "expression": "IIF(DORIS_SOFI_INDICATOR='SFDC_BOR_ORG',Phone_IN,NULL)\r\n-- SOFI DORIS ORG should not land phone or fax."
        },
        "Fax": {
          "datatype": "nstring",
          "expression": "IIF(DORIS_SOFI_INDICATOR='SFDC_BOR_ORG',Fax_IN,NULL)\r\n-- SOFI DORIS ORG should not land phone or fax."
        },
        "Website": {
          "datatype": "nstring",
          "expression": "Website"
        },
        "CNTCT_MECHANISM_TYPE_PHONE_VAR": {
          "datatype": "integer",
          "expression": ":LKP.lkp_values(ltrim(rtrim('Phone')),'CNTCT_MCHSM_TYPE_ID')"
        },
        "CNTCT_MECHANISM_TYPE_PHONE_OUT": {
          "datatype": "integer",
          "expression": "iif(isnull(CNTCT_MECHANISM_TYPE_PHONE_VAR),9999,CNTCT_MECHANISM_TYPE_PHONE_VAR)"
        },
        "CNTCT_MECHANISM_TYPE_FAX_VAR": {
          "datatype": "integer",
          "expression": ":LKP.lkp_values(ltrim(rtrim('Fax')),'CNTCT_MCHSM_TYPE_ID')"
        },
        "CNTCT_MECHANISM_TYPE_FAX_OUT": {
          "datatype": "integer",
          "expression": "iif(isnull(CNTCT_MECHANISM_TYPE_FAX_VAR),9999,CNTCT_MECHANISM_TYPE_FAX_VAR)"
        },
        "CNTCT_MECHANISM_TYPE_WEBSITE_VAR": {
          "datatype": "integer",
          "expression": ":LKP.lkp_values(ltrim(rtrim('Website')),'CNTCT_MCHSM_TYPE_ID')"
        },
        "CNTCT_MECHANISM_TYPE_WEBSITE_OUT": {
          "datatype": "integer",
          "expression": "iif(isnull(CNTCT_MECHANISM_TYPE_WEBSITE_VAR),9999,CNTCT_MECHANISM_TYPE_WEBSITE_VAR)"
        },
        "PURPOSE_ID_VAR": {
          "datatype": "integer",
          "expression": ":LKP.lkp_values('Professional','PURPOSE_ID')"
        },
        "PURPOSE_ID_OUT": {
          "datatype": "integer",
          "expression": "iif(isnull(PURPOSE_ID_VAR),9999,PURPOSE_ID_VAR)"
        },
        "CreatedByAlias": {
          "datatype": "string",
          "expression": "CreatedByAlias"
        },
        "CreatedDate": {
          "datatype": "string",
          "expression": "CreatedDate"
        },
        "LastModifiedByAlias": {
          "datatype": "string",
          "expression": "LastModifiedByAlias"
        },
        "CNTCT_MCHSM_TYPE_STR_PHONE": {
          "datatype": "string",
          "expression": "'Phone'"
        },
        "CNTCT_MCHSM_TYPE_STR_FAX": {
          "datatype": "string",
          "expression": "'Fax'"
        },
        "CNTCT_MCHSM_TYPE_STR_WEBSITE": {
          "datatype": "string",
          "expression": "'Website'"
        },
        "RecordTypeName": {
          "datatype": "string",
          "expression": "RecordTypeName"
        },
        "Phone_IN": {
          "datatype": "nstring",
          "expression": "Phone_IN"
        },
        "Fax_IN": {
          "datatype": "nstring",
          "expression": "Fax_IN"
        }
      }
    },
    {
      "name": "SQ_pre_land_sfdc_organization",
      "type": "Source Qualifier",
      "properties": {
        "Id": {
          "datatype": "string",
          "expression": ""
        },
        "ParentId": {
          "datatype": "string",
          "expression": ""
        },
        "Tier__c": {
          "datatype": "string",
          "expression": ""
        },
        "Status__c": {
          "datatype": "string",
          "expression": ""
        },
        "RecordTypeName": {
          "datatype": "string",
          "expression": ""
        },
        "CRD__c": {
          "datatype": "string",
          "expression": ""
        },
        "Registration_Type__c": {
          "datatype": "string",
          "expression": ""
        },
        "Primary_CG_Org_Owner__c": {
          "datatype": "string",
          "expression": ""
        },
        "Primary_CG_Org_Owner__r_alias": {
          "datatype": "string",
          "expression": ""
        },
        "Primary_CG_Org_Owner__r_Associate_ID__c": {
          "datatype": "string",
          "expression": ""
        },
        "Primary_Channel__c": {
          "datatype": "string",
          "expression": ""
        },
        "Type": {
          "datatype": "string",
          "expression": ""
        },
        "Organization_Direct__c": {
          "datatype": "string",
          "expression": ""
        },
        "Name": {
          "datatype": "nstring",
          "expression": ""
        },
        "Marketing_Email_Restriction__c": {
          "datatype": "string",
          "expression": ""
        },
        "Organization_ID__c": {
          "datatype": "string",
          "expression": ""
        },
        "BillingStreet": {
          "datatype": "nstring",
          "expression": ""
        },
        "BillingCity": {
          "datatype": "nstring",
          "expression": ""
        },
        "BillingState": {
          "datatype": "nstring",
          "expression": ""
        },
        "BillingPostalCode": {
          "datatype": "string",
          "expression": ""
        },
        "BillingCountry": {
          "datatype": "nstring",
          "expression": ""
        },
        "IsDeleted": {
          "datatype": "string",
          "expression": ""
        },
        "CreatedByAlias": {
          "datatype": "string",
          "expression": ""
        },
        "CreatedDate": {
          "datatype": "string",
          "expression": ""
        },
        "LastModifiedByAlias": {
          "datatype": "string",
          "expression": ""
        },
        "LastModifiedDate": {
          "datatype": "string",
          "expression": ""
        },
        "GU_ID__c": {
          "datatype": "string",
          "expression": ""
        },
        "Source_System_Name": {
          "datatype": "string",
          "expression": ""
        },
        "Primary_Address_Type__c": {
          "datatype": "string",
          "expression": ""
        },
        "Secondary_Address_Type__c": {
          "datatype": "string",
          "expression": ""
        },
        "Location_Type__c": {
          "datatype": "string",
          "expression": ""
        },
        "Legal_Name__c": {
          "datatype": "nstring",
          "expression": ""
        },
        "SEC__c": {
          "datatype": "string",
          "expression": ""
        },
        "ShippingStreet": {
          "datatype": "nstring",
          "expression": ""
        },
        "ShippingCity": {
          "datatype": "nstring",
          "expression": ""
        },
        "ShippingState": {
          "datatype": "nstring",
          "expression": ""
        },
        "ShippingPostalCode": {
          "datatype": "nstring",
          "expression": ""
        },
        "ShippingCountry": {
          "datatype": "nstring",
          "expression": ""
        },
        "Corporate_Structure__c": {
          "datatype": "string",
          "expression": ""
        },
        "Inactivated_Date__c": {
          "datatype": "string",
          "expression": ""
        },
        "Org_Tax_ID_Number__c": {
          "datatype": "string",
          "expression": ""
        },
        "Phone": {
          "datatype": "nstring",
          "expression": ""
        },
        "Fax": {
          "datatype": "nstring",
          "expression": ""
        },
        "Website": {
          "datatype": "nstring",
          "expression": ""
        }
      }
    }
  ],
  "connections": [
    {
      "from_instance": "EXPTRANS",
      "from_field": "CNTCT_MECHANISM_Value",
      "to_instance": "TODAY_PARTY_CNTCT_MCHSM_XFORM",
      "to_field": "CNTCT_MCHSM_VAL"
    },
    {
      "from_instance": "EXPTRANS",
      "from_field": "LastModifiedByAlias",
      "to_instance": "TODAY_PARTY_CNTCT_MCHSM_XFORM",
      "to_field": "LAST_UPDATED_BY"
    },
    {
      "from_instance": "EXPTRANS",
      "from_field": "SOURCE_CNTCT_MCHSM_ID",
      "to_instance": "TODAY_PARTY_CNTCT_MCHSM_XFORM",
      "to_field": "SOURCE_CNTCT_MCHSM_ID"
    },
    {
      "from_instance": "EXPTRANS",
      "from_field": "CNTCT_MECHANISM_TYPE",
      "to_instance": "TODAY_PARTY_CNTCT_MCHSM_XFORM",
      "to_field": "CNTCT_MCHSM_TYPE_ID"
    },
    {
      "from_instance": "EXPTRANS",
      "from_field": "PURPOSE",
      "to_instance": "TODAY_PARTY_CNTCT_MCHSM_XFORM",
      "to_field": "PURPOSE_ID"
    },
    {
      "from_instance": "EXPTRANS",
      "from_field": "Id_Out",
      "to_instance": "TODAY_PARTY_CNTCT_MCHSM_XFORM",
      "to_field": "SOURCE_PARTY_ID"
    },
    {
      "from_instance": "EXPTRANS",
      "from_field": "LastModifiedDate",
      "to_instance": "TODAY_PARTY_CNTCT_MCHSM_XFORM",
      "to_field": "LAST_UPDATED_DATE"
    },
    {
      "from_instance": "EXPTRANS",
      "from_field": "Source_System_Name",
      "to_instance": "TODAY_PARTY_CNTCT_MCHSM_XFORM",
      "to_field": "SOURCE_SYSTEM"
    },
    {
      "from_instance": "EXPTRANS",
      "from_field": "CreatedByAlias",
      "to_instance": "TODAY_PARTY_CNTCT_MCHSM_XFORM",
      "to_field": "CREATED_BY"
    },
    {
      "from_instance": "EXPTRANS",
      "from_field": "CreatedDate",
      "to_instance": "TODAY_PARTY_CNTCT_MCHSM_XFORM",
      "to_field": "CREATED_DATE"
    },
    {
      "from_instance": "EXPTRANS",
      "from_field": "Parent_Source_System",
      "to_instance": "TODAY_PARTY_CNTCT_MCHSM_XFORM",
      "to_field": "PARENT_SOURCE_SYSTEM"
    },
    {
      "from_instance": "EXPTRANS",
      "from_field": "MAPPING_NAME",
      "to_instance": "TODAY_PARTY_CNTCT_MCHSM_XFORM",
      "to_field": "MAPPING_NAME"
    },
    {
      "from_instance": "EXPTRANS",
      "from_field": "PRIMARY_INDICATOR",
      "to_instance": "TODAY_PARTY_CNTCT_MCHSM_XFORM",
      "to_field": "PRIMARY_INDICATOR"
    },
    {
      "from_instance": "FILTRANS",
      "from_field": "Id",
      "to_instance": "EXPTRANS",
      "to_field": "Id"
    },
    {
      "from_instance": "FILTRANS",
      "from_field": "LastModifiedDate",
      "to_instance": "EXPTRANS",
      "to_field": "LastModifiedDate"
    },
    {
      "from_instance": "FILTRANS",
      "from_field": "SourceSystemName",
      "to_instance": "EXPTRANS",
      "to_field": "SourceSystemName"
    },
    {
      "from_instance": "FILTRANS",
      "from_field": "CNTCT_MECHANISM_TYPE",
      "to_instance": "EXPTRANS",
      "to_field": "CNTCT_MECHANISM_TYPE"
    },
    {
      "from_instance": "FILTRANS",
      "from_field": "CNTCT_MECHANISM_Value",
      "to_instance": "EXPTRANS",
      "to_field": "CNTCT_MECHANISM_Value"
    },
    {
      "from_instance": "FILTRANS",
      "from_field": "PURPOSE",
      "to_instance": "EXPTRANS",
      "to_field": "PURPOSE"
    },
    {
      "from_instance": "FILTRANS",
      "from_field": "Source_System_Name",
      "to_instance": "EXPTRANS",
      "to_field": "Source_System_Name"
    },
    {
      "from_instance": "FILTRANS",
      "from_field": "CreatedByAlias",
      "to_instance": "EXPTRANS",
      "to_field": "CreatedByAlias"
    },
    {
      "from_instance": "FILTRANS",
      "from_field": "CreatedDate",
      "to_instance": "EXPTRANS",
      "to_field": "CreatedDate"
    },
    {
      "from_instance": "FILTRANS",
      "from_field": "LastModifiedByAlias",
      "to_instance": "EXPTRANS",
      "to_field": "LastModifiedByAlias"
    },
    {
      "from_instance": "FILTRANS",
      "from_field": "CNTCT_MCHSM_TYPE_STR",
      "to_instance": "EXPTRANS",
      "to_field": "CNTCT_MCHSM_TYPE_STR"
    },
    {
      "from_instance": "Union",
      "from_field": "Id",
      "to_instance": "FILTRANS",
      "to_field": "Id"
    },
    {
      "from_instance": "Union",
      "from_field": "LastModifiedDate",
      "to_instance": "FILTRANS",
      "to_field": "LastModifiedDate"
    },
    {
      "from_instance": "Union",
      "from_field": "SourceSystemName",
      "to_instance": "FILTRANS",
      "to_field": "SourceSystemName"
    },
    {
      "from_instance": "Union",
      "from_field": "CNTCT_MECHANISM_TYPE",
      "to_instance": "FILTRANS",
      "to_field": "CNTCT_MECHANISM_TYPE"
    },
    {
      "from_instance": "Union",
      "from_field": "CNTCT_MECHANISM_Value",
      "to_instance": "FILTRANS",
      "to_field": "CNTCT_MECHANISM_Value"
    },
    {
      "from_instance": "Union",
      "from_field": "PURPOSE",
      "to_instance": "FILTRANS",
      "to_field": "PURPOSE"
    },
    {
      "from_instance": "Union",
      "from_field": "Source_System_Name",
      "to_instance": "FILTRANS",
      "to_field": "Source_System_Name"
    },
    {
      "from_instance": "Union",
      "from_field": "CreatedByAlias",
      "to_instance": "FILTRANS",
      "to_field": "CreatedByAlias"
    },
    {
      "from_instance": "Union",
      "from_field": "CNTCT_MCHSM_TYPE_STR",
      "to_instance": "FILTRANS",
      "to_field": "CNTCT_MCHSM_TYPE_STR"
    },
    {
      "from_instance": "Union",
      "from_field": "RecordTypeName",
      "to_instance": "FILTRANS",
      "to_field": "RecordTypeName"
    },
    {
      "from_instance": "Union",
      "from_field": "CreatedDate",
      "to_instance": "FILTRANS",
      "to_field": "CreatedDate"
    },
    {
      "from_instance": "Union",
      "from_field": "LastModifiedByAlias",
      "to_instance": "FILTRANS",
      "to_field": "LastModifiedByAlias"
    },
    {
      "from_instance": "SQ_pre_land_sfdc_organization",
      "from_field": "LastModifiedByAlias",
      "to_instance": "fltr_as_reqrd",
      "to_field": "LastModifiedByAlias"
    },
    {
      "from_instance": "SQ_pre_land_sfdc_organization",
      "from_field": "Id",
      "to_instance": "fltr_as_reqrd",
      "to_field": "Id"
    },
    {
      "from_instance": "SQ_pre_land_sfdc_organization",
      "from_field": "RecordTypeName",
      "to_instance": "fltr_as_reqrd",
      "to_field": "RecordTypeName"
    },
    {
      "from_instance": "SQ_pre_land_sfdc_organization",
      "from_field": "LastModifiedDate",
      "to_instance": "fltr_as_reqrd",
      "to_field": "LastModifiedDate"
    },
    {
      "from_instance": "SQ_pre_land_sfdc_organization",
      "from_field": "Source_System_Name",
      "to_instance": "fltr_as_reqrd",
      "to_field": "Source_System_Name"
    },
    {
      "from_instance": "SQ_pre_land_sfdc_organization",
      "from_field": "Phone",
      "to_instance": "fltr_as_reqrd",
      "to_field": "Phone"
    },
    {
      "from_instance": "SQ_pre_land_sfdc_organization",
      "from_field": "Fax",
      "to_instance": "fltr_as_reqrd",
      "to_field": "Fax"
    },
    {
      "from_instance": "SQ_pre_land_sfdc_organization",
      "from_field": "Website",
      "to_instance": "fltr_as_reqrd",
      "to_field": "Website"
    },
    {
      "from_instance": "SQ_pre_land_sfdc_organization",
      "from_field": "CreatedByAlias",
      "to_instance": "fltr_as_reqrd",
      "to_field": "CreatedByAlias"
    },
    {
      "from_instance": "SQ_pre_land_sfdc_organization",
      "from_field": "CreatedDate",
      "to_instance": "fltr_as_reqrd",
      "to_field": "CreatedDate"
    },
    {
      "from_instance": "fltr_as_reqrd",
      "from_field": "Id",
      "to_instance": "exp_transformation",
      "to_field": "Id"
    },
    {
      "from_instance": "fltr_as_reqrd",
      "from_field": "LastModifiedDate",
      "to_instance": "exp_transformation",
      "to_field": "LastModifiedDate"
    },
    {
      "from_instance": "fltr_as_reqrd",
      "from_field": "Source_System_Name",
      "to_instance": "exp_transformation",
      "to_field": "Source_System_Name"
    },
    {
      "from_instance": "fltr_as_reqrd",
      "from_field": "Website",
      "to_instance": "exp_transformation",
      "to_field": "Website"
    },
    {
      "from_instance": "fltr_as_reqrd",
      "from_field": "CreatedByAlias",
      "to_instance": "exp_transformation",
      "to_field": "CreatedByAlias"
    },
    {
      "from_instance": "fltr_as_reqrd",
      "from_field": "CreatedDate",
      "to_instance": "exp_transformation",
      "to_field": "CreatedDate"
    },
    {
      "from_instance": "fltr_as_reqrd",
      "from_field": "LastModifiedByAlias",
      "to_instance": "exp_transformation",
      "to_field": "LastModifiedByAlias"
    },
    {
      "from_instance": "fltr_as_reqrd",
      "from_field": "RecordTypeName",
      "to_instance": "exp_transformation",
      "to_field": "RecordTypeName"
    },
    {
      "from_instance": "fltr_as_reqrd",
      "from_field": "Phone",
      "to_instance": "exp_transformation",
      "to_field": "Phone_IN"
    },
    {
      "from_instance": "fltr_as_reqrd",
      "from_field": "Fax",
      "to_instance": "exp_transformation",
      "to_field": "Fax_IN"
    },
    {
      "from_instance": "exp_transformation",
      "from_field": "CreatedDate",
      "to_instance": "Union",
      "to_field": "CreatedDate2"
    },
    {
      "from_instance": "exp_transformation",
      "from_field": "Fax",
      "to_instance": "Union",
      "to_field": "CNTCT_MECHANISM_Value3"
    },
    {
      "from_instance": "exp_transformation",
      "from_field": "CNTCT_MCHSM_TYPE_STR_PHONE",
      "to_instance": "Union",
      "to_field": "CNTCT_MCHSM_TYPE_STR2"
    },
    {
      "from_instance": "exp_transformation",
      "from_field": "CNTCT_MCHSM_TYPE_STR_FAX",
      "to_instance": "Union",
      "to_field": "CNTCT_MCHSM_TYPE_STR3"
    },
    {
      "from_instance": "exp_transformation",
      "from_field": "CNTCT_MCHSM_TYPE_STR_WEBSITE",
      "to_instance": "Union",
      "to_field": "CNTCT_MCHSM_TYPE_STR4"
    },
    {
      "from_instance": "exp_transformation",
      "from_field": "PURPOSE_ID_OUT",
      "to_instance": "Union",
      "to_field": "PURPOSE3"
    },
    {
      "from_instance": "exp_transformation",
      "from_field": "Id",
      "to_instance": "Union",
      "to_field": "Id4"
    },
    {
      "from_instance": "exp_transformation",
      "from_field": "LastModifiedDate",
      "to_instance": "Union",
      "to_field": "LastModifiedDate4"
    },
    {
      "from_instance": "exp_transformation",
      "from_field": "Source_System_Name",
      "to_instance": "Union",
      "to_field": "SourceSystemName4"
    },
    {
      "from_instance": "exp_transformation",
      "from_field": "Website",
      "to_instance": "Union",
      "to_field": "CNTCT_MECHANISM_Value4"
    },
    {
      "from_instance": "exp_transformation",
      "from_field": "CNTCT_MECHANISM_TYPE_PHONE_OUT",
      "to_instance": "Union",
      "to_field": "CNTCT_MECHANISM_TYPE2"
    },
    {
      "from_instance": "exp_transformation",
      "from_field": "RecordTypeName",
      "to_instance": "Union",
      "to_field": "RecordTypeName2"
    },
    {
      "from_instance": "exp_transformation",
      "from_field": "CNTCT_MECHANISM_TYPE_FAX_OUT",
      "to_instance": "Union",
      "to_field": "CNTCT_MECHANISM_TYPE3"
    },
    {
      "from_instance": "exp_transformation",
      "from_field": "CNTCT_MECHANISM_TYPE_WEBSITE_OUT",
      "to_instance": "Union",
      "to_field": "CNTCT_MECHANISM_TYPE4"
    },
    {
      "from_instance": "exp_transformation",
      "from_field": "PURPOSE_ID_OUT",
      "to_instance": "Union",
      "to_field": "PURPOSE2"
    },
    {
      "from_instance": "exp_transformation",
      "from_field": "PURPOSE_ID_OUT",
      "to_instance": "Union",
      "to_field": "PURPOSE4"
    },
    {
      "from_instance": "exp_transformation",
      "from_field": "Source_System_Name",
      "to_instance": "Union",
      "to_field": "Source_System_Name1"
    },
    {
      "from_instance": "exp_transformation",
      "from_field": "CreatedByAlias",
      "to_instance": "Union",
      "to_field": "CreatedByAlias1"
    },
    {
      "from_instance": "exp_transformation",
      "from_field": "CreatedDate",
      "to_instance": "Union",
      "to_field": "CreatedDate1"
    },
    {
      "from_instance": "exp_transformation",
      "from_field": "LastModifiedByAlias",
      "to_instance": "Union",
      "to_field": "LastModifiedByAlias1"
    },
    {
      "from_instance": "exp_transformation",
      "from_field": "LastModifiedByAlias",
      "to_instance": "Union",
      "to_field": "LastModifiedByAlias2"
    },
    {
      "from_instance": "exp_transformation",
      "from_field": "CreatedByAlias",
      "to_instance": "Union",
      "to_field": "CreatedByAlias3"
    },
    {
      "from_instance": "exp_transformation",
      "from_field": "CreatedDate",
      "to_instance": "Union",
      "to_field": "CreatedDate3"
    },
    {
      "from_instance": "exp_transformation",
      "from_field": "LastModifiedByAlias",
      "to_instance": "Union",
      "to_field": "LastModifiedByAlias3"
    },
    {
      "from_instance": "exp_transformation",
      "from_field": "CreatedByAlias",
      "to_instance": "Union",
      "to_field": "CreatedByAlias2"
    },
    {
      "from_instance": "exp_transformation",
      "from_field": "LastModifiedDate",
      "to_instance": "Union",
      "to_field": "LastModifiedDate3"
    },
    {
      "from_instance": "exp_transformation",
      "from_field": "Source_System_Name",
      "to_instance": "Union",
      "to_field": "SourceSystemName3"
    },
    {
      "from_instance": "exp_transformation",
      "from_field": "Phone",
      "to_instance": "Union",
      "to_field": "CNTCT_MECHANISM_Value2"
    },
    {
      "from_instance": "exp_transformation",
      "from_field": "RecordTypeName",
      "to_instance": "Union",
      "to_field": "RecordTypeName1"
    },
    {
      "from_instance": "exp_transformation",
      "from_field": "Source_System_Name",
      "to_instance": "Union",
      "to_field": "Source_System_Name3"
    },
    {
      "from_instance": "exp_transformation",
      "from_field": "Source_System_Name",
      "to_instance": "Union",
      "to_field": "Source_System_Name2"
    },
    {
      "from_instance": "exp_transformation",
      "from_field": "Id",
      "to_instance": "Union",
      "to_field": "Id2"
    },
    {
      "from_instance": "exp_transformation",
      "from_field": "LastModifiedDate",
      "to_instance": "Union",
      "to_field": "LastModifiedDate2"
    },
    {
      "from_instance": "exp_transformation",
      "from_field": "Source_System_Name",
      "to_instance": "Union",
      "to_field": "SourceSystemName2"
    },
    {
      "from_instance": "exp_transformation",
      "from_field": "Id",
      "to_instance": "Union",
      "to_field": "Id3"
    },
    {
      "from_instance": "pre_land_sfdc_organization",
      "from_field": "Type",
      "to_instance": "SQ_pre_land_sfdc_organization",
      "to_field": "Type"
    },
    {
      "from_instance": "pre_land_sfdc_organization",
      "from_field": "Organization_Direct__c",
      "to_instance": "SQ_pre_land_sfdc_organization",
      "to_field": "Organization_Direct__c"
    },
    {
      "from_instance": "pre_land_sfdc_organization",
      "from_field": "Name",
      "to_instance": "SQ_pre_land_sfdc_organization",
      "to_field": "Name"
    },
    {
      "from_instance": "pre_land_sfdc_organization",
      "from_field": "BillingPostalCode",
      "to_instance": "SQ_pre_land_sfdc_organization",
      "to_field": "BillingPostalCode"
    },
    {
      "from_instance": "pre_land_sfdc_organization",
      "from_field": "BillingCountry",
      "to_instance": "SQ_pre_land_sfdc_organization",
      "to_field": "BillingCountry"
    },
    {
      "from_instance": "pre_land_sfdc_organization",
      "from_field": "IsDeleted",
      "to_instance": "SQ_pre_land_sfdc_organization",
      "to_field": "IsDeleted"
    },
    {
      "from_instance": "pre_land_sfdc_organization",
      "from_field": "CreatedByAlias",
      "to_instance": "SQ_pre_land_sfdc_organization",
      "to_field": "CreatedByAlias"
    },
    {
      "from_instance": "pre_land_sfdc_organization",
      "from_field": "CreatedDate",
      "to_instance": "SQ_pre_land_sfdc_organization",
      "to_field": "CreatedDate"
    },
    {
      "from_instance": "pre_land_sfdc_organization",
      "from_field": "LastModifiedByAlias",
      "to_instance": "SQ_pre_land_sfdc_organization",
      "to_field": "LastModifiedByAlias"
    },
    {
      "from_instance": "pre_land_sfdc_organization",
      "from_field": "LastModifiedDate",
      "to_instance": "SQ_pre_land_sfdc_organization",
      "to_field": "LastModifiedDate"
    },
    {
      "from_instance": "pre_land_sfdc_organization",
      "from_field": "GU_ID__c",
      "to_instance": "SQ_pre_land_sfdc_organization",
      "to_field": "GU_ID__c"
    },
    {
      "from_instance": "pre_land_sfdc_organization",
      "from_field": "Source_System_Name",
      "to_instance": "SQ_pre_land_sfdc_organization",
      "to_field": "Source_System_Name"
    },
    {
      "from_instance": "pre_land_sfdc_organization",
      "from_field": "Primary_Address_Type__c",
      "to_instance": "SQ_pre_land_sfdc_organization",
      "to_field": "Primary_Address_Type__c"
    },
    {
      "from_instance": "pre_land_sfdc_organization",
      "from_field": "Secondary_Address_Type__c",
      "to_instance": "SQ_pre_land_sfdc_organization",
      "to_field": "Secondary_Address_Type__c"
    },
    {
      "from_instance": "pre_land_sfdc_organization",
      "from_field": "Location_Type__c",
      "to_instance": "SQ_pre_land_sfdc_organization",
      "to_field": "Location_Type__c"
    },
    {
      "from_instance": "pre_land_sfdc_organization",
      "from_field": "Legal_Name__c",
      "to_instance": "SQ_pre_land_sfdc_organization",
      "to_field": "Legal_Name__c"
    },
    {
      "from_instance": "pre_land_sfdc_organization",
      "from_field": "SEC__c",
      "to_instance": "SQ_pre_land_sfdc_organization",
      "to_field": "SEC__c"
    },
    {
      "from_instance": "pre_land_sfdc_organization",
      "from_field": "ShippingStreet",
      "to_instance": "SQ_pre_land_sfdc_organization",
      "to_field": "ShippingStreet"
    },
    {
      "from_instance": "pre_land_sfdc_organization",
      "from_field": "ShippingCity",
      "to_instance": "SQ_pre_land_sfdc_organization",
      "to_field": "ShippingCity"
    },
    {
      "from_instance": "pre_land_sfdc_organization",
      "from_field": "ShippingState",
      "to_instance": "SQ_pre_land_sfdc_organization",
      "to_field": "ShippingState"
    },
    {
      "from_instance": "pre_land_sfdc_organization",
      "from_field": "ShippingPostalCode",
      "to_instance": "SQ_pre_land_sfdc_organization",
      "to_field": "ShippingPostalCode"
    },
    {
      "from_instance": "pre_land_sfdc_organization",
      "from_field": "ShippingCountry",
      "to_instance": "SQ_pre_land_sfdc_organization",
      "to_field": "ShippingCountry"
    },
    {
      "from_instance": "pre_land_sfdc_organization",
      "from_field": "Corporate_Structure__c",
      "to_instance": "SQ_pre_land_sfdc_organization",
      "to_field": "Corporate_Structure__c"
    },
    {
      "from_instance": "pre_land_sfdc_organization",
      "from_field": "Inactivated_Date__c",
      "to_instance": "SQ_pre_land_sfdc_organization",
      "to_field": "Inactivated_Date__c"
    },
    {
      "from_instance": "pre_land_sfdc_organization",
      "from_field": "Org_Tax_ID_Number__c",
      "to_instance": "SQ_pre_land_sfdc_organization",
      "to_field": "Org_Tax_ID_Number__c"
    },
    {
      "from_instance": "pre_land_sfdc_organization",
      "from_field": "Phone",
      "to_instance": "SQ_pre_land_sfdc_organization",
      "to_field": "Phone"
    },
    {
      "from_instance": "pre_land_sfdc_organization",
      "from_field": "Fax",
      "to_instance": "SQ_pre_land_sfdc_organization",
      "to_field": "Fax"
    },
    {
      "from_instance": "pre_land_sfdc_organization",
      "from_field": "Website",
      "to_instance": "SQ_pre_land_sfdc_organization",
      "to_field": "Website"
    },
    {
      "from_instance": "pre_land_sfdc_organization",
      "from_field": "Id",
      "to_instance": "SQ_pre_land_sfdc_organization",
      "to_field": "Id"
    },
    {
      "from_instance": "pre_land_sfdc_organization",
      "from_field": "Marketing_Email_Restriction__c",
      "to_instance": "SQ_pre_land_sfdc_organization",
      "to_field": "Marketing_Email_Restriction__c"
    },
    {
      "from_instance": "pre_land_sfdc_organization",
      "from_field": "Organization_ID__c",
      "to_instance": "SQ_pre_land_sfdc_organization",
      "to_field": "Organization_ID__c"
    },
    {
      "from_instance": "pre_land_sfdc_organization",
      "from_field": "ParentId",
      "to_instance": "SQ_pre_land_sfdc_organization",
      "to_field": "ParentId"
    },
    {
      "from_instance": "pre_land_sfdc_organization",
      "from_field": "Tier__c",
      "to_instance": "SQ_pre_land_sfdc_organization",
      "to_field": "Tier__c"
    },
    {
      "from_instance": "pre_land_sfdc_organization",
      "from_field": "Status__c",
      "to_instance": "SQ_pre_land_sfdc_organization",
      "to_field": "Status__c"
    },
    {
      "from_instance": "pre_land_sfdc_organization",
      "from_field": "RecordTypeName",
      "to_instance": "SQ_pre_land_sfdc_organization",
      "to_field": "RecordTypeName"
    },
    {
      "from_instance": "pre_land_sfdc_organization",
      "from_field": "CRD__c",
      "to_instance": "SQ_pre_land_sfdc_organization",
      "to_field": "CRD__c"
    },
    {
      "from_instance": "pre_land_sfdc_organization",
      "from_field": "Registration_Type__c",
      "to_instance": "SQ_pre_land_sfdc_organization",
      "to_field": "Registration_Type__c"
    },
    {
      "from_instance": "pre_land_sfdc_organization",
      "from_field": "Primary_CG_Org_Owner__c",
      "to_instance": "SQ_pre_land_sfdc_organization",
      "to_field": "Primary_CG_Org_Owner__c"
    },
    {
      "from_instance": "pre_land_sfdc_organization",
      "from_field": "Primary_CG_Org_Owner__r_alias",
      "to_instance": "SQ_pre_land_sfdc_organization",
      "to_field": "Primary_CG_Org_Owner__r_alias"
    },
    {
      "from_instance": "pre_land_sfdc_organization",
      "from_field": "Primary_CG_Org_Owner__r_Associate_ID__c",
      "to_instance": "SQ_pre_land_sfdc_organization",
      "to_field": "Primary_CG_Org_Owner__r_Associate_ID__c"
    },
    {
      "from_instance": "pre_land_sfdc_organization",
      "from_field": "Primary_Channel__c",
      "to_instance": "SQ_pre_land_sfdc_organization",
      "to_field": "Primary_Channel__c"
    },
    {
      "from_instance": "pre_land_sfdc_organization",
      "from_field": "BillingStreet",
      "to_instance": "SQ_pre_land_sfdc_organization",
      "to_field": "BillingStreet"
    },
    {
      "from_instance": "pre_land_sfdc_organization",
      "from_field": "BillingCity",
      "to_instance": "SQ_pre_land_sfdc_organization",
      "to_field": "BillingCity"
    },
    {
      "from_instance": "pre_land_sfdc_organization",
      "from_field": "BillingState",
      "to_instance": "SQ_pre_land_sfdc_organization",
      "to_field": "BillingState"
    }
  ],
  "mappings": [
    {
      "name": "m_landing_sfdc_to_cdm_organization_party_contact_mechanism",
      "instances": [
        {
          "name": "TODAY_PARTY_CNTCT_MCHSM_XFORM",
          "type": "TARGET",
          "transformation": ""
        },
        {
          "name": "EXPTRANS",
          "type": "TRANSFORMATION",
          "transformation": ""
        },
        {
          "name": "FILTRANS",
          "type": "TRANSFORMATION",
          "transformation": ""
        },
        {
          "name": "fltr_as_reqrd",
          "type": "TRANSFORMATION",
          "transformation": ""
        },
        {
          "name": "lkp_values",
          "type": "TRANSFORMATION",
          "transformation": ""
        },
        {
          "name": "Union",
          "type": "TRANSFORMATION",
          "transformation": ""
        },
        {
          "name": "exp_transformation",
          "type": "TRANSFORMATION",
          "transformation": ""
        },
        {
          "name": "pre_land_sfdc_organization",
          "type": "SOURCE",
          "transformation": ""
        },
        {
          "name": "SQ_pre_land_sfdc_organization",
          "type": "TRANSFORMATION",
          "transformation": ""
        }
      ]
    }
  ]
}