{
  "mapping_name": "wf_landing_party_rel_delta",
  "sources": [
    {
      "name": "TODAY_PARTY_REL_XFORM",
      "type": "",
      "columns": [
        {
          "name": "SRC_ROWID",
          "datatype": "bigint",
          "precision": "19",
          "scale": "0"
        },
        {
          "name": "STATUS_ID",
          "datatype": "bigint",
          "precision": "19",
          "scale": "0"
        },
        {
          "name": "PRIMARY_INDICATOR",
          "datatype": "nchar",
          "precision": "1",
          "scale": "0"
        },
        {
          "name": "TO_SOURCE_PARTY_ID",
          "datatype": "nvarchar",
          "precision": "255",
          "scale": "0"
        },
        {
          "name": "LAST_UPDATED_DATE",
          "datatype": "datetime",
          "precision": "23",
          "scale": "3"
        },
        {
          "name": "FROM_SOURCE_PARTY_ID",
          "datatype": "nvarchar",
          "precision": "255",
          "scale": "0"
        },
        {
          "name": "SOURCE_SYSTEM",
          "datatype": "nvarchar",
          "precision": "50",
          "scale": "0"
        },
        {
          "name": "CREATED_BY",
          "datatype": "nvarchar",
          "precision": "50",
          "scale": "0"
        },
        {
          "name": "CREATED_DATE",
          "datatype": "datetime",
          "precision": "23",
          "scale": "3"
        },
        {
          "name": "FROM_SOURCE_PARTY_ROLE_ID",
          "datatype": "nvarchar",
          "precision": "255",
          "scale": "0"
        },
        {
          "name": "SALES_SPLIT_PERCENTAGE",
          "datatype": "numeric",
          "precision": "5",
          "scale": "4"
        },
        {
          "name": "DELETED_INDICATOR",
          "datatype": "nchar",
          "precision": "1",
          "scale": "0"
        },
        {
          "name": "LAST_UPDATED_BY",
          "datatype": "nvarchar",
          "precision": "50",
          "scale": "0"
        },
        {
          "name": "TO_SOURCE_PARTY_ROLE_ID",
          "datatype": "nvarchar",
          "precision": "255",
          "scale": "0"
        },
        {
          "name": "SOURCE_PARTY_RLNSP_ID",
          "datatype": "nvarchar",
          "precision": "255",
          "scale": "0"
        },
        {
          "name": "RELATIONSHIP_TYPE_ID",
          "datatype": "bigint",
          "precision": "19",
          "scale": "0"
        },
        {
          "name": "FROM_PARTY_SOURCE_SYSTEM",
          "datatype": "nvarchar",
          "precision": "50",
          "scale": "0"
        },
        {
          "name": "TO_PARTY_SOURCE_SYSTEM",
          "datatype": "nvarchar",
          "precision": "50",
          "scale": "0"
        },
        {
          "name": "DEFERRED_OWNERSHIP_IND",
          "datatype": "nchar",
          "precision": "1",
          "scale": "0"
        },
        {
          "name": "PRIMARY_MRG_DOWNGRADE_IND",
          "datatype": "nchar",
          "precision": "1",
          "scale": "0"
        },
        {
          "name": "SURV_ASST_CODE_C",
          "datatype": "varchar",
          "precision": "3",
          "scale": "0"
        }
      ]
    }
  ],
  "targets": [
    {
      "name": "C_LDG_PARTY_REL",
      "type": "",
      "columns": [
        {
          "name": "SRC_ROWID",
          "datatype": "bigint",
          "precision": "19",
          "scale": "0"
        },
        {
          "name": "STATUS_ID",
          "datatype": "bigint",
          "precision": "19",
          "scale": "0"
        },
        {
          "name": "PRIMARY_INDICATOR",
          "datatype": "nchar",
          "precision": "1",
          "scale": "0"
        },
        {
          "name": "TO_SOURCE_PARTY_ID",
          "datatype": "nvarchar",
          "precision": "255",
          "scale": "0"
        },
        {
          "name": "LAST_UPDATED_DATE",
          "datatype": "datetime",
          "precision": "23",
          "scale": "3"
        },
        {
          "name": "FROM_SOURCE_PARTY_ID",
          "datatype": "nvarchar",
          "precision": "255",
          "scale": "0"
        },
        {
          "name": "SOURCE_SYSTEM",
          "datatype": "nvarchar",
          "precision": "50",
          "scale": "0"
        },
        {
          "name": "CREATED_BY",
          "datatype": "nvarchar",
          "precision": "50",
          "scale": "0"
        },
        {
          "name": "CREATED_DATE",
          "datatype": "datetime",
          "precision": "23",
          "scale": "3"
        },
        {
          "name": "FROM_SOURCE_PARTY_ROLE_ID",
          "datatype": "nvarchar",
          "precision": "255",
          "scale": "0"
        },
        {
          "name": "SALES_SPLIT_PERCENTAGE",
          "datatype": "numeric",
          "precision": "5",
          "scale": "4"
        },
        {
          "name": "DELETED_INDICATOR",
          "datatype": "nchar",
          "precision": "1",
          "scale": "0"
        },
        {
          "name": "LAST_UPDATED_BY",
          "datatype": "nvarchar",
          "precision": "50",
          "scale": "0"
        },
        {
          "name": "TO_SOURCE_PARTY_ROLE_ID",
          "datatype": "nvarchar",
          "precision": "255",
          "scale": "0"
        },
        {
          "name": "SOURCE_PARTY_RLNSP_ID",
          "datatype": "nvarchar",
          "precision": "255",
          "scale": "0"
        },
        {
          "name": "RELATIONSHIP_TYPE_ID",
          "datatype": "bigint",
          "precision": "19",
          "scale": "0"
        },
        {
          "name": "FROM_PARTY_SOURCE_SYSTEM",
          "datatype": "nvarchar",
          "precision": "50",
          "scale": "0"
        },
        {
          "name": "TO_PARTY_SOURCE_SYSTEM",
          "datatype": "nvarchar",
          "precision": "50",
          "scale": "0"
        },
        {
          "name": "DEFERRED_OWNERSHIP_IND",
          "datatype": "nchar",
          "precision": "1",
          "scale": "0"
        },
        {
          "name": "PRIMARY_MRG_DOWNGRADE_IND",
          "datatype": "nchar",
          "precision": "1",
          "scale": "0"
        },
        {
          "name": "SURV_ASST_CODE_C",
          "datatype": "varchar",
          "precision": "3",
          "scale": "0"
        },
        {
          "name": "Main_Office_Per_Role_Ind",
          "datatype": "varchar",
          "precision": "1",
          "scale": "0"
        }
      ]
    }
  ],
  "transformations": [
    {
      "name": "EXPTRANS_DEL",
      "type": "Expression",
      "properties": {
        "SRC_ROWID": {
          "datatype": "bigint",
          "expression": "SRC_ROWID"
        },
        "STATUS_ID": {
          "datatype": "bigint",
          "expression": "STATUS_ID"
        },
        "PRIMARY_INDICATOR": {
          "datatype": "nstring",
          "expression": "PRIMARY_INDICATOR"
        },
        "TO_SOURCE_PARTY_ID": {
          "datatype": "nstring",
          "expression": "TO_SOURCE_PARTY_ID"
        },
        "LAST_UPDATED_DATE": {
          "datatype": "date/time",
          "expression": "LAST_UPDATED_DATE"
        },
        "FROM_SOURCE_PARTY_ID": {
          "datatype": "nstring",
          "expression": "FROM_SOURCE_PARTY_ID"
        },
        "SOURCE_SYSTEM": {
          "datatype": "nstring",
          "expression": "SOURCE_SYSTEM"
        },
        "CREATED_BY": {
          "datatype": "nstring",
          "expression": "CREATED_BY"
        },
        "CREATED_DATE": {
          "datatype": "date/time",
          "expression": "CREATED_DATE"
        },
        "FROM_SOURCE_PARTY_ROLE_ID": {
          "datatype": "nstring",
          "expression": "FROM_SOURCE_PARTY_ROLE_ID"
        },
        "SALES_SPLIT_PERCENTAGE": {
          "datatype": "decimal",
          "expression": "SALES_SPLIT_PERCENTAGE"
        },
        "DELETED_INDICATOR": {
          "datatype": "nstring",
          "expression": "DELETED_INDICATOR"
        },
        "LAST_UPDATED_BY": {
          "datatype": "nstring",
          "expression": "LAST_UPDATED_BY"
        },
        "TO_SOURCE_PARTY_ROLE_ID": {
          "datatype": "nstring",
          "expression": "TO_SOURCE_PARTY_ROLE_ID"
        },
        "SOURCE_PARTY_RLNSP_ID": {
          "datatype": "nstring",
          "expression": "SOURCE_PARTY_RLNSP_ID"
        },
        "RELATIONSHIP_TYPE_ID": {
          "datatype": "bigint",
          "expression": "RELATIONSHIP_TYPE_ID"
        },
        "FROM_PARTY_SOURCE_SYSTEM": {
          "datatype": "nstring",
          "expression": "FROM_PARTY_SOURCE_SYSTEM"
        },
        "TO_PARTY_SOURCE_SYSTEM": {
          "datatype": "nstring",
          "expression": "TO_PARTY_SOURCE_SYSTEM"
        },
        "DEL_INS_UPD_FLAG": {
          "datatype": "nstring",
          "expression": "DEL_INS_UPD_FLAG"
        },
        "DEFERRED_OWNERSHIP_IND": {
          "datatype": "nstring",
          "expression": "DEFERRED_OWNERSHIP_IND"
        },
        "PRIMARY_MRG_DOWNGRADE_IND": {
          "datatype": "nstring",
          "expression": "PRIMARY_MRG_DOWNGRADE_IND"
        },
        "SURV_ASST_CODE_C": {
          "datatype": "string",
          "expression": "SURV_ASST_CODE_C"
        },
        "Main_Office_Per_Role_Ind": {
          "datatype": "string",
          "expression": "Main_Office_Per_Role_Ind"
        }
      }
    },
    {
      "name": "EXPTRANS_UPD",
      "type": "Expression",
      "properties": {
        "SRC_ROWID": {
          "datatype": "bigint",
          "expression": "SRC_ROWID"
        },
        "STATUS_ID": {
          "datatype": "bigint",
          "expression": "STATUS_ID"
        },
        "PRIMARY_INDICATOR": {
          "datatype": "nstring",
          "expression": "PRIMARY_INDICATOR"
        },
        "TO_SOURCE_PARTY_ID": {
          "datatype": "nstring",
          "expression": "TO_SOURCE_PARTY_ID"
        },
        "LAST_UPDATED_DATE": {
          "datatype": "date/time",
          "expression": "LAST_UPDATED_DATE"
        },
        "LAST_UPDATED_DATE_O": {
          "datatype": "date/time",
          "expression": "IIF(SOURCE_SYSTEM='SFDC'  AND IN(RELATIONSHIP_TYPE_ID,2814,2815) >0 ,ADD_TO_DATE(LAST_UPDATED_DATE,'SS',30) , LAST_UPDATED_DATE)"
        },
        "FROM_SOURCE_PARTY_ID": {
          "datatype": "nstring",
          "expression": "FROM_SOURCE_PARTY_ID"
        },
        "SOURCE_SYSTEM": {
          "datatype": "nstring",
          "expression": "SOURCE_SYSTEM"
        },
        "CREATED_BY": {
          "datatype": "nstring",
          "expression": "CREATED_BY"
        },
        "CREATED_DATE": {
          "datatype": "date/time",
          "expression": "CREATED_DATE"
        },
        "FROM_SOURCE_PARTY_ROLE_ID": {
          "datatype": "nstring",
          "expression": "FROM_SOURCE_PARTY_ROLE_ID"
        },
        "SALES_SPLIT_PERCENTAGE": {
          "datatype": "decimal",
          "expression": "SALES_SPLIT_PERCENTAGE"
        },
        "DELETED_INDICATOR": {
          "datatype": "nstring",
          "expression": "DELETED_INDICATOR"
        },
        "LAST_UPDATED_BY": {
          "datatype": "nstring",
          "expression": "LAST_UPDATED_BY"
        },
        "TO_SOURCE_PARTY_ROLE_ID": {
          "datatype": "nstring",
          "expression": "TO_SOURCE_PARTY_ROLE_ID"
        },
        "SOURCE_PARTY_RLNSP_ID": {
          "datatype": "nstring",
          "expression": "SOURCE_PARTY_RLNSP_ID"
        },
        "RELATIONSHIP_TYPE_ID": {
          "datatype": "bigint",
          "expression": "RELATIONSHIP_TYPE_ID"
        },
        "FROM_PARTY_SOURCE_SYSTEM": {
          "datatype": "nstring",
          "expression": "FROM_PARTY_SOURCE_SYSTEM"
        },
        "TO_PARTY_SOURCE_SYSTEM": {
          "datatype": "nstring",
          "expression": "TO_PARTY_SOURCE_SYSTEM"
        },
        "DEL_INS_UPD_FLAG": {
          "datatype": "nstring",
          "expression": "DEL_INS_UPD_FLAG"
        },
        "DEFERRED_OWNERSHIP_IND": {
          "datatype": "nstring",
          "expression": "DEFERRED_OWNERSHIP_IND"
        },
        "PRIMARY_MRG_DOWNGRADE_IND": {
          "datatype": "nstring",
          "expression": "PRIMARY_MRG_DOWNGRADE_IND"
        },
        "SURV_ASST_CODE_C": {
          "datatype": "string",
          "expression": "SURV_ASST_CODE_C"
        },
        "Main_Office_Per_Role_Ind": {
          "datatype": "string",
          "expression": "Main_Office_Per_Role_Ind"
        }
      }
    },
    {
      "name": "SQ_TODAY_PARTY_REL_XFORM_INS",
      "type": "Source Qualifier",
      "properties": {
        "SRC_ROWID": {
          "datatype": "bigint",
          "expression": ""
        },
        "STATUS_ID": {
          "datatype": "bigint",
          "expression": ""
        },
        "PRIMARY_INDICATOR": {
          "datatype": "nstring",
          "expression": ""
        },
        "TO_SOURCE_PARTY_ID": {
          "datatype": "nstring",
          "expression": ""
        },
        "LAST_UPDATED_DATE": {
          "datatype": "date/time",
          "expression": ""
        },
        "FROM_SOURCE_PARTY_ID": {
          "datatype": "nstring",
          "expression": ""
        },
        "SOURCE_SYSTEM": {
          "datatype": "nstring",
          "expression": ""
        },
        "CREATED_BY": {
          "datatype": "nstring",
          "expression": ""
        },
        "CREATED_DATE": {
          "datatype": "date/time",
          "expression": ""
        },
        "FROM_SOURCE_PARTY_ROLE_ID": {
          "datatype": "nstring",
          "expression": ""
        },
        "SALES_SPLIT_PERCENTAGE": {
          "datatype": "decimal",
          "expression": ""
        },
        "DELETED_INDICATOR": {
          "datatype": "nstring",
          "expression": ""
        },
        "LAST_UPDATED_BY": {
          "datatype": "nstring",
          "expression": ""
        },
        "TO_SOURCE_PARTY_ROLE_ID": {
          "datatype": "nstring",
          "expression": ""
        },
        "SOURCE_PARTY_RLNSP_ID": {
          "datatype": "nstring",
          "expression": ""
        },
        "RELATIONSHIP_TYPE_ID": {
          "datatype": "bigint",
          "expression": ""
        },
        "FROM_PARTY_SOURCE_SYSTEM": {
          "datatype": "nstring",
          "expression": ""
        },
        "TO_PARTY_SOURCE_SYSTEM": {
          "datatype": "nstring",
          "expression": ""
        },
        "DEL_INS_UPD_FLAG": {
          "datatype": "nstring",
          "expression": ""
        },
        "DEFERRED_OWNERSHIP_IND": {
          "datatype": "nstring",
          "expression": ""
        },
        "PRIMARY_MRG_DOWNGRADE_IND": {
          "datatype": "nstring",
          "expression": ""
        },
        "SURV_ASST_CODE_C": {
          "datatype": "string",
          "expression": ""
        },
        "Main_Office_Per_Role_Ind": {
          "datatype": "string",
          "expression": ""
        }
      }
    },
    {
      "name": "INS_PARTY_REL",
      "type": "Update Strategy",
      "properties": {
        "SRC_ROWID1": {
          "datatype": "bigint",
          "expression": ""
        },
        "STATUS_ID1": {
          "datatype": "bigint",
          "expression": ""
        },
        "PRIMARY_INDICATOR1": {
          "datatype": "string",
          "expression": ""
        },
        "TO_SOURCE_PARTY_ID1": {
          "datatype": "string",
          "expression": ""
        },
        "LAST_UPDATED_DATE1": {
          "datatype": "date/time",
          "expression": ""
        },
        "FROM_SOURCE_PARTY_ID1": {
          "datatype": "string",
          "expression": ""
        },
        "SOURCE_SYSTEM1": {
          "datatype": "string",
          "expression": ""
        },
        "CREATED_BY1": {
          "datatype": "string",
          "expression": ""
        },
        "CREATED_DATE1": {
          "datatype": "date/time",
          "expression": ""
        },
        "FROM_SOURCE_PARTY_ROLE_ID1": {
          "datatype": "string",
          "expression": ""
        },
        "SALES_SPLIT_PERCENTAGE1": {
          "datatype": "decimal",
          "expression": ""
        },
        "DELETED_INDICATOR1": {
          "datatype": "string",
          "expression": ""
        },
        "LAST_UPDATED_BY1": {
          "datatype": "string",
          "expression": ""
        },
        "TO_SOURCE_PARTY_ROLE_ID1": {
          "datatype": "string",
          "expression": ""
        },
        "SOURCE_PARTY_RLNSP_ID1": {
          "datatype": "string",
          "expression": ""
        },
        "RELATIONSHIP_TYPE_ID1": {
          "datatype": "bigint",
          "expression": ""
        },
        "FROM_PARTY_SOURCE_SYSTEM": {
          "datatype": "string",
          "expression": ""
        },
        "TO_PARTY_SOURCE_SYSTEM": {
          "datatype": "string",
          "expression": ""
        },
        "DEFERRED_OWNERSHIP_IND": {
          "datatype": "nstring",
          "expression": ""
        },
        "PRIMARY_MRG_DOWNGRADE_IND": {
          "datatype": "string",
          "expression": ""
        },
        "SURV_ASST_CODE_C": {
          "datatype": "string",
          "expression": ""
        },
        "Main_Office_Per_Role_Ind": {
          "datatype": "string",
          "expression": ""
        }
      }
    },
    {
      "name": "SQ_TODAY_PARTY_REL_XFORM_UPD",
      "type": "Source Qualifier",
      "properties": {
        "SRC_ROWID": {
          "datatype": "bigint",
          "expression": ""
        },
        "STATUS_ID": {
          "datatype": "bigint",
          "expression": ""
        },
        "PRIMARY_INDICATOR": {
          "datatype": "nstring",
          "expression": ""
        },
        "TO_SOURCE_PARTY_ID": {
          "datatype": "nstring",
          "expression": ""
        },
        "LAST_UPDATED_DATE": {
          "datatype": "date/time",
          "expression": ""
        },
        "FROM_SOURCE_PARTY_ID": {
          "datatype": "nstring",
          "expression": ""
        },
        "SOURCE_SYSTEM": {
          "datatype": "nstring",
          "expression": ""
        },
        "CREATED_BY": {
          "datatype": "nstring",
          "expression": ""
        },
        "CREATED_DATE": {
          "datatype": "date/time",
          "expression": ""
        },
        "FROM_SOURCE_PARTY_ROLE_ID": {
          "datatype": "nstring",
          "expression": ""
        },
        "SALES_SPLIT_PERCENTAGE": {
          "datatype": "decimal",
          "expression": ""
        },
        "DELETED_INDICATOR": {
          "datatype": "nstring",
          "expression": ""
        },
        "LAST_UPDATED_BY": {
          "datatype": "nstring",
          "expression": ""
        },
        "TO_SOURCE_PARTY_ROLE_ID": {
          "datatype": "nstring",
          "expression": ""
        },
        "SOURCE_PARTY_RLNSP_ID": {
          "datatype": "nstring",
          "expression": ""
        },
        "RELATIONSHIP_TYPE_ID": {
          "datatype": "bigint",
          "expression": ""
        },
        "FROM_PARTY_SOURCE_SYSTEM": {
          "datatype": "nstring",
          "expression": ""
        },
        "TO_PARTY_SOURCE_SYSTEM": {
          "datatype": "nstring",
          "expression": ""
        },
        "DEL_INS_UPD_FLAG": {
          "datatype": "nstring",
          "expression": ""
        },
        "DEFERRED_OWNERSHIP_IND": {
          "datatype": "nstring",
          "expression": ""
        },
        "PRIMARY_MRG_DOWNGRADE_IND": {
          "datatype": "nstring",
          "expression": ""
        },
        "SURV_ASST_CODE_C": {
          "datatype": "string",
          "expression": ""
        },
        "Main_Office_Per_Role_Ind": {
          "datatype": "string",
          "expression": ""
        }
      }
    },
    {
      "name": "EXPTRANS_INS",
      "type": "Expression",
      "properties": {
        "SRC_ROWID": {
          "datatype": "bigint",
          "expression": "SRC_ROWID"
        },
        "STATUS_ID": {
          "datatype": "bigint",
          "expression": "STATUS_ID"
        },
        "PRIMARY_INDICATOR": {
          "datatype": "nstring",
          "expression": "PRIMARY_INDICATOR"
        },
        "TO_SOURCE_PARTY_ID": {
          "datatype": "nstring",
          "expression": "TO_SOURCE_PARTY_ID"
        },
        "LAST_UPDATED_DATE": {
          "datatype": "date/time",
          "expression": "LAST_UPDATED_DATE"
        },
        "FROM_SOURCE_PARTY_ID": {
          "datatype": "nstring",
          "expression": "FROM_SOURCE_PARTY_ID"
        },
        "SOURCE_SYSTEM": {
          "datatype": "nstring",
          "expression": "SOURCE_SYSTEM"
        },
        "CREATED_BY": {
          "datatype": "nstring",
          "expression": "CREATED_BY"
        },
        "CREATED_DATE": {
          "datatype": "date/time",
          "expression": "CREATED_DATE"
        },
        "FROM_SOURCE_PARTY_ROLE_ID": {
          "datatype": "nstring",
          "expression": "FROM_SOURCE_PARTY_ROLE_ID"
        },
        "SALES_SPLIT_PERCENTAGE": {
          "datatype": "decimal",
          "expression": "SALES_SPLIT_PERCENTAGE"
        },
        "DELETED_INDICATOR": {
          "datatype": "nstring",
          "expression": "DELETED_INDICATOR"
        },
        "LAST_UPDATED_BY": {
          "datatype": "nstring",
          "expression": "LAST_UPDATED_BY"
        },
        "TO_SOURCE_PARTY_ROLE_ID": {
          "datatype": "nstring",
          "expression": "TO_SOURCE_PARTY_ROLE_ID"
        },
        "SOURCE_PARTY_RLNSP_ID": {
          "datatype": "nstring",
          "expression": "SOURCE_PARTY_RLNSP_ID"
        },
        "RELATIONSHIP_TYPE_ID": {
          "datatype": "bigint",
          "expression": "RELATIONSHIP_TYPE_ID"
        },
        "FROM_PARTY_SOURCE_SYSTEM": {
          "datatype": "nstring",
          "expression": "FROM_PARTY_SOURCE_SYSTEM"
        },
        "TO_PARTY_SOURCE_SYSTEM": {
          "datatype": "nstring",
          "expression": "TO_PARTY_SOURCE_SYSTEM"
        },
        "DEL_INS_UPD_FLAG": {
          "datatype": "nstring",
          "expression": "DEL_INS_UPD_FLAG"
        },
        "DEFERRED_OWNERSHIP_IND": {
          "datatype": "nstring",
          "expression": "DEFERRED_OWNERSHIP_IND"
        },
        "PRIMARY_MRG_DOWNGRADE_IND": {
          "datatype": "nstring",
          "expression": "PRIMARY_MRG_DOWNGRADE_IND"
        },
        "SURV_ASST_CODE_C": {
          "datatype": "string",
          "expression": "SURV_ASST_CODE_C"
        },
        "Main_Office_Per_Role_Ind": {
          "datatype": "string",
          "expression": "Main_Office_Per_Role_Ind"
        }
      }
    },
    {
      "name": "Union",
      "type": "Custom Transformation",
      "properties": {
        "SRC_ROWID": {
          "datatype": "bigint",
          "expression": ""
        },
        "STATUS_ID": {
          "datatype": "bigint",
          "expression": ""
        },
        "PRIMARY_INDICATOR": {
          "datatype": "string",
          "expression": ""
        },
        "TO_SOURCE_PARTY_ID": {
          "datatype": "string",
          "expression": ""
        },
        "LAST_UPDATED_DATE": {
          "datatype": "date/time",
          "expression": ""
        },
        "FROM_SOURCE_PARTY_ID": {
          "datatype": "string",
          "expression": ""
        },
        "SOURCE_SYSTEM": {
          "datatype": "string",
          "expression": ""
        },
        "CREATED_BY": {
          "datatype": "string",
          "expression": ""
        },
        "CREATED_DATE": {
          "datatype": "date/time",
          "expression": ""
        },
        "FROM_SOURCE_PARTY_ROLE_ID": {
          "datatype": "string",
          "expression": ""
        },
        "SALES_SPLIT_PERCENTAGE": {
          "datatype": "decimal",
          "expression": ""
        },
        "DELETED_INDICATOR": {
          "datatype": "string",
          "expression": ""
        },
        "LAST_UPDATED_BY": {
          "datatype": "string",
          "expression": ""
        },
        "TO_SOURCE_PARTY_ROLE_ID": {
          "datatype": "string",
          "expression": ""
        },
        "SOURCE_PARTY_RLNSP_ID": {
          "datatype": "string",
          "expression": ""
        },
        "RELATIONSHIP_TYPE_ID": {
          "datatype": "bigint",
          "expression": ""
        },
        "FROM_PARTY_SOURCE_SYSTEM": {
          "datatype": "string",
          "expression": ""
        },
        "TO_PARTY_SOURCE_SYSTEM": {
          "datatype": "string",
          "expression": ""
        },
        "DEL_INS_UPD_FLAG": {
          "datatype": "string",
          "expression": ""
        },
        "DEFERRED_OWNERSHIP_IND": {
          "datatype": "nstring",
          "expression": ""
        },
        "PRIMARY_MRG_DOWNGRADE_IND": {
          "datatype": "string",
          "expression": ""
        },
        "SURV_ASST_CODE_C": {
          "datatype": "string",
          "expression": ""
        },
        "Main_Office_Per_Role_Ind": {
          "datatype": "string",
          "expression": ""
        },
        "SRC_ROWID1": {
          "datatype": "bigint",
          "expression": ""
        },
        "STATUS_ID1": {
          "datatype": "bigint",
          "expression": ""
        },
        "PRIMARY_INDICATOR1": {
          "datatype": "string",
          "expression": ""
        },
        "TO_SOURCE_PARTY_ID1": {
          "datatype": "string",
          "expression": ""
        },
        "LAST_UPDATED_DATE1": {
          "datatype": "date/time",
          "expression": ""
        },
        "FROM_SOURCE_PARTY_ID1": {
          "datatype": "string",
          "expression": ""
        },
        "SOURCE_SYSTEM1": {
          "datatype": "string",
          "expression": ""
        },
        "CREATED_BY1": {
          "datatype": "string",
          "expression": ""
        },
        "CREATED_DATE1": {
          "datatype": "date/time",
          "expression": ""
        },
        "FROM_SOURCE_PARTY_ROLE_ID1": {
          "datatype": "string",
          "expression": ""
        },
        "SALES_SPLIT_PERCENTAGE1": {
          "datatype": "decimal",
          "expression": ""
        },
        "DELETED_INDICATOR1": {
          "datatype": "string",
          "expression": ""
        },
        "LAST_UPDATED_BY1": {
          "datatype": "string",
          "expression": ""
        },
        "TO_SOURCE_PARTY_ROLE_ID1": {
          "datatype": "string",
          "expression": ""
        },
        "SOURCE_PARTY_RLNSP_ID1": {
          "datatype": "string",
          "expression": ""
        },
        "RELATIONSHIP_TYPE_ID1": {
          "datatype": "bigint",
          "expression": ""
        },
        "FROM_PARTY_SOURCE_SYSTEM1": {
          "datatype": "string",
          "expression": ""
        },
        "TO_PARTY_SOURCE_SYSTEM1": {
          "datatype": "string",
          "expression": ""
        },
        "DEL_INS_UPD_FLAG1": {
          "datatype": "string",
          "expression": ""
        },
        "DEFERRED_OWNERSHIP_IND2": {
          "datatype": "nstring",
          "expression": ""
        },
        "PRIMARY_MRG_DOWNGRADE_IND2": {
          "datatype": "string",
          "expression": ""
        },
        "SURV_ASST_CODE_C2": {
          "datatype": "string",
          "expression": ""
        },
        "Main_Office_Per_Role_Ind1": {
          "datatype": "string",
          "expression": ""
        },
        "SRC_ROWID2": {
          "datatype": "bigint",
          "expression": ""
        },
        "STATUS_ID2": {
          "datatype": "bigint",
          "expression": ""
        },
        "PRIMARY_INDICATOR2": {
          "datatype": "string",
          "expression": ""
        },
        "TO_SOURCE_PARTY_ID2": {
          "datatype": "string",
          "expression": ""
        },
        "LAST_UPDATED_DATE2": {
          "datatype": "date/time",
          "expression": ""
        },
        "FROM_SOURCE_PARTY_ID2": {
          "datatype": "string",
          "expression": ""
        },
        "SOURCE_SYSTEM2": {
          "datatype": "string",
          "expression": ""
        },
        "CREATED_BY2": {
          "datatype": "string",
          "expression": ""
        },
        "CREATED_DATE2": {
          "datatype": "date/time",
          "expression": ""
        },
        "FROM_SOURCE_PARTY_ROLE_ID2": {
          "datatype": "string",
          "expression": ""
        },
        "SALES_SPLIT_PERCENTAGE2": {
          "datatype": "decimal",
          "expression": ""
        },
        "DELETED_INDICATOR2": {
          "datatype": "string",
          "expression": ""
        },
        "LAST_UPDATED_BY2": {
          "datatype": "string",
          "expression": ""
        },
        "TO_SOURCE_PARTY_ROLE_ID2": {
          "datatype": "string",
          "expression": ""
        },
        "SOURCE_PARTY_RLNSP_ID2": {
          "datatype": "string",
          "expression": ""
        },
        "RELATIONSHIP_TYPE_ID2": {
          "datatype": "bigint",
          "expression": ""
        },
        "FROM_PARTY_SOURCE_SYSTEM2": {
          "datatype": "string",
          "expression": ""
        },
        "TO_PARTY_SOURCE_SYSTEM2": {
          "datatype": "string",
          "expression": ""
        },
        "DEL_INS_UPD_FLAG2": {
          "datatype": "string",
          "expression": ""
        },
        "DEFERRED_OWNERSHIP_IND3": {
          "datatype": "nstring",
          "expression": ""
        },
        "PRIMARY_MRG_DOWNGRADE_IND3": {
          "datatype": "string",
          "expression": ""
        },
        "SURV_ASST_CODE_C3": {
          "datatype": "string",
          "expression": ""
        },
        "Main_Office_Per_Role_Ind2": {
          "datatype": "string",
          "expression": ""
        },
        "SRC_ROWID3": {
          "datatype": "bigint",
          "expression": ""
        },
        "STATUS_ID3": {
          "datatype": "bigint",
          "expression": ""
        },
        "PRIMARY_INDICATOR3": {
          "datatype": "string",
          "expression": ""
        },
        "TO_SOURCE_PARTY_ID3": {
          "datatype": "string",
          "expression": ""
        },
        "LAST_UPDATED_DATE3": {
          "datatype": "date/time",
          "expression": ""
        },
        "FROM_SOURCE_PARTY_ID3": {
          "datatype": "string",
          "expression": ""
        },
        "SOURCE_SYSTEM3": {
          "datatype": "string",
          "expression": ""
        },
        "CREATED_BY3": {
          "datatype": "string",
          "expression": ""
        },
        "CREATED_DATE3": {
          "datatype": "date/time",
          "expression": ""
        },
        "FROM_SOURCE_PARTY_ROLE_ID3": {
          "datatype": "string",
          "expression": ""
        },
        "SALES_SPLIT_PERCENTAGE3": {
          "datatype": "decimal",
          "expression": ""
        },
        "DELETED_INDICATOR3": {
          "datatype": "string",
          "expression": ""
        },
        "LAST_UPDATED_BY3": {
          "datatype": "string",
          "expression": ""
        },
        "TO_SOURCE_PARTY_ROLE_ID3": {
          "datatype": "string",
          "expression": ""
        },
        "SOURCE_PARTY_RLNSP_ID3": {
          "datatype": "string",
          "expression": ""
        },
        "RELATIONSHIP_TYPE_ID3": {
          "datatype": "bigint",
          "expression": ""
        },
        "FROM_PARTY_SOURCE_SYSTEM3": {
          "datatype": "string",
          "expression": ""
        },
        "TO_PARTY_SOURCE_SYSTEM3": {
          "datatype": "string",
          "expression": ""
        },
        "DEL_INS_UPD_FLAG3": {
          "datatype": "string",
          "expression": ""
        },
        "DEFERRED_OWNERSHIP_IND4": {
          "datatype": "nstring",
          "expression": ""
        },
        "PRIMARY_MRG_DOWNGRADE_IND4": {
          "datatype": "string",
          "expression": ""
        },
        "SURV_ASST_CODE_C4": {
          "datatype": "string",
          "expression": ""
        },
        "Main_Office_Per_Role_Ind3": {
          "datatype": "string",
          "expression": ""
        }
      }
    },
    {
      "name": "SQ_TODAY_PARTY_REL_XFORM_DEL",
      "type": "Source Qualifier",
      "properties": {
        "SRC_ROWID": {
          "datatype": "bigint",
          "expression": ""
        },
        "STATUS_ID": {
          "datatype": "bigint",
          "expression": ""
        },
        "PRIMARY_INDICATOR": {
          "datatype": "nstring",
          "expression": ""
        },
        "TO_SOURCE_PARTY_ID": {
          "datatype": "nstring",
          "expression": ""
        },
        "LAST_UPDATED_DATE": {
          "datatype": "date/time",
          "expression": ""
        },
        "FROM_SOURCE_PARTY_ID": {
          "datatype": "nstring",
          "expression": ""
        },
        "SOURCE_SYSTEM": {
          "datatype": "nstring",
          "expression": ""
        },
        "CREATED_BY": {
          "datatype": "nstring",
          "expression": ""
        },
        "CREATED_DATE": {
          "datatype": "date/time",
          "expression": ""
        },
        "FROM_SOURCE_PARTY_ROLE_ID": {
          "datatype": "nstring",
          "expression": ""
        },
        "SALES_SPLIT_PERCENTAGE": {
          "datatype": "decimal",
          "expression": ""
        },
        "DELETED_INDICATOR": {
          "datatype": "nstring",
          "expression": ""
        },
        "LAST_UPDATED_BY": {
          "datatype": "nstring",
          "expression": ""
        },
        "TO_SOURCE_PARTY_ROLE_ID": {
          "datatype": "nstring",
          "expression": ""
        },
        "SOURCE_PARTY_RLNSP_ID": {
          "datatype": "nstring",
          "expression": ""
        },
        "RELATIONSHIP_TYPE_ID": {
          "datatype": "bigint",
          "expression": ""
        },
        "FROM_PARTY_SOURCE_SYSTEM": {
          "datatype": "nstring",
          "expression": ""
        },
        "TO_PARTY_SOURCE_SYSTEM": {
          "datatype": "nstring",
          "expression": ""
        },
        "DEL_INS_UPD_FLAG": {
          "datatype": "nstring",
          "expression": ""
        },
        "DEFERRED_OWNERSHIP_IND": {
          "datatype": "nstring",
          "expression": ""
        },
        "PRIMARY_MRG_DOWNGRADE_IND": {
          "datatype": "nstring",
          "expression": ""
        },
        "SURV_ASST_CODE_C": {
          "datatype": "string",
          "expression": ""
        },
        "Main_Office_Per_Role_Ind": {
          "datatype": "string",
          "expression": ""
        }
      }
    }
  ],
  "connections": [
    {
      "from_instance": "INS_PARTY_REL",
      "from_field": "FROM_SOURCE_PARTY_ROLE_ID1",
      "to_instance": "C_LDG_PARTY_REL",
      "to_field": "FROM_SOURCE_PARTY_ROLE_ID"
    },
    {
      "from_instance": "INS_PARTY_REL",
      "from_field": "SALES_SPLIT_PERCENTAGE1",
      "to_instance": "C_LDG_PARTY_REL",
      "to_field": "SALES_SPLIT_PERCENTAGE"
    },
    {
      "from_instance": "INS_PARTY_REL",
      "from_field": "DELETED_INDICATOR1",
      "to_instance": "C_LDG_PARTY_REL",
      "to_field": "DELETED_INDICATOR"
    },
    {
      "from_instance": "INS_PARTY_REL",
      "from_field": "STATUS_ID1",
      "to_instance": "C_LDG_PARTY_REL",
      "to_field": "STATUS_ID"
    },
    {
      "from_instance": "INS_PARTY_REL",
      "from_field": "PRIMARY_INDICATOR1",
      "to_instance": "C_LDG_PARTY_REL",
      "to_field": "PRIMARY_INDICATOR"
    },
    {
      "from_instance": "INS_PARTY_REL",
      "from_field": "LAST_UPDATED_BY1",
      "to_instance": "C_LDG_PARTY_REL",
      "to_field": "LAST_UPDATED_BY"
    },
    {
      "from_instance": "INS_PARTY_REL",
      "from_field": "TO_SOURCE_PARTY_ROLE_ID1",
      "to_instance": "C_LDG_PARTY_REL",
      "to_field": "TO_SOURCE_PARTY_ROLE_ID"
    },
    {
      "from_instance": "INS_PARTY_REL",
      "from_field": "SOURCE_PARTY_RLNSP_ID1",
      "to_instance": "C_LDG_PARTY_REL",
      "to_field": "SOURCE_PARTY_RLNSP_ID"
    },
    {
      "from_instance": "INS_PARTY_REL",
      "from_field": "RELATIONSHIP_TYPE_ID1",
      "to_instance": "C_LDG_PARTY_REL",
      "to_field": "RELATIONSHIP_TYPE_ID"
    },
    {
      "from_instance": "INS_PARTY_REL",
      "from_field": "FROM_PARTY_SOURCE_SYSTEM",
      "to_instance": "C_LDG_PARTY_REL",
      "to_field": "FROM_PARTY_SOURCE_SYSTEM"
    },
    {
      "from_instance": "INS_PARTY_REL",
      "from_field": "TO_PARTY_SOURCE_SYSTEM",
      "to_instance": "C_LDG_PARTY_REL",
      "to_field": "TO_PARTY_SOURCE_SYSTEM"
    },
    {
      "from_instance": "INS_PARTY_REL",
      "from_field": "DEFERRED_OWNERSHIP_IND",
      "to_instance": "C_LDG_PARTY_REL",
      "to_field": "DEFERRED_OWNERSHIP_IND"
    },
    {
      "from_instance": "INS_PARTY_REL",
      "from_field": "PRIMARY_MRG_DOWNGRADE_IND",
      "to_instance": "C_LDG_PARTY_REL",
      "to_field": "PRIMARY_MRG_DOWNGRADE_IND"
    },
    {
      "from_instance": "INS_PARTY_REL",
      "from_field": "TO_SOURCE_PARTY_ID1",
      "to_instance": "C_LDG_PARTY_REL",
      "to_field": "TO_SOURCE_PARTY_ID"
    },
    {
      "from_instance": "INS_PARTY_REL",
      "from_field": "LAST_UPDATED_DATE1",
      "to_instance": "C_LDG_PARTY_REL",
      "to_field": "LAST_UPDATED_DATE"
    },
    {
      "from_instance": "INS_PARTY_REL",
      "from_field": "FROM_SOURCE_PARTY_ID1",
      "to_instance": "C_LDG_PARTY_REL",
      "to_field": "FROM_SOURCE_PARTY_ID"
    },
    {
      "from_instance": "INS_PARTY_REL",
      "from_field": "SOURCE_SYSTEM1",
      "to_instance": "C_LDG_PARTY_REL",
      "to_field": "SOURCE_SYSTEM"
    },
    {
      "from_instance": "INS_PARTY_REL",
      "from_field": "CREATED_BY1",
      "to_instance": "C_LDG_PARTY_REL",
      "to_field": "CREATED_BY"
    },
    {
      "from_instance": "INS_PARTY_REL",
      "from_field": "CREATED_DATE1",
      "to_instance": "C_LDG_PARTY_REL",
      "to_field": "CREATED_DATE"
    },
    {
      "from_instance": "INS_PARTY_REL",
      "from_field": "SURV_ASST_CODE_C",
      "to_instance": "C_LDG_PARTY_REL",
      "to_field": "SURV_ASST_CODE_C"
    },
    {
      "from_instance": "INS_PARTY_REL",
      "from_field": "Main_Office_Per_Role_Ind",
      "to_instance": "C_LDG_PARTY_REL",
      "to_field": "Main_Office_Per_Role_Ind"
    },
    {
      "from_instance": "TODAY_PARTY_REL_XFORM_INS",
      "from_field": "LAST_UPDATED_BY",
      "to_instance": "SQ_TODAY_PARTY_REL_XFORM_INS",
      "to_field": "LAST_UPDATED_BY"
    },
    {
      "from_instance": "TODAY_PARTY_REL_XFORM_INS",
      "from_field": "TO_SOURCE_PARTY_ROLE_ID",
      "to_instance": "SQ_TODAY_PARTY_REL_XFORM_INS",
      "to_field": "TO_SOURCE_PARTY_ROLE_ID"
    },
    {
      "from_instance": "TODAY_PARTY_REL_XFORM_INS",
      "from_field": "SOURCE_PARTY_RLNSP_ID",
      "to_instance": "SQ_TODAY_PARTY_REL_XFORM_INS",
      "to_field": "SOURCE_PARTY_RLNSP_ID"
    },
    {
      "from_instance": "TODAY_PARTY_REL_XFORM_INS",
      "from_field": "SRC_ROWID",
      "to_instance": "SQ_TODAY_PARTY_REL_XFORM_INS",
      "to_field": "SRC_ROWID"
    },
    {
      "from_instance": "TODAY_PARTY_REL_XFORM_INS",
      "from_field": "DELETED_INDICATOR",
      "to_instance": "SQ_TODAY_PARTY_REL_XFORM_INS",
      "to_field": "DEL_INS_UPD_FLAG"
    },
    {
      "from_instance": "TODAY_PARTY_REL_XFORM_INS",
      "from_field": "STATUS_ID",
      "to_instance": "SQ_TODAY_PARTY_REL_XFORM_INS",
      "to_field": "STATUS_ID"
    },
    {
      "from_instance": "TODAY_PARTY_REL_XFORM_INS",
      "from_field": "PRIMARY_INDICATOR",
      "to_instance": "SQ_TODAY_PARTY_REL_XFORM_INS",
      "to_field": "PRIMARY_INDICATOR"
    },
    {
      "from_instance": "TODAY_PARTY_REL_XFORM_INS",
      "from_field": "TO_SOURCE_PARTY_ID",
      "to_instance": "SQ_TODAY_PARTY_REL_XFORM_INS",
      "to_field": "TO_SOURCE_PARTY_ID"
    },
    {
      "from_instance": "TODAY_PARTY_REL_XFORM_INS",
      "from_field": "LAST_UPDATED_DATE",
      "to_instance": "SQ_TODAY_PARTY_REL_XFORM_INS",
      "to_field": "LAST_UPDATED_DATE"
    },
    {
      "from_instance": "TODAY_PARTY_REL_XFORM_INS",
      "from_field": "FROM_SOURCE_PARTY_ID",
      "to_instance": "SQ_TODAY_PARTY_REL_XFORM_INS",
      "to_field": "FROM_SOURCE_PARTY_ID"
    },
    {
      "from_instance": "TODAY_PARTY_REL_XFORM_INS",
      "from_field": "FROM_SOURCE_PARTY_ROLE_ID",
      "to_instance": "SQ_TODAY_PARTY_REL_XFORM_INS",
      "to_field": "FROM_SOURCE_PARTY_ROLE_ID"
    },
    {
      "from_instance": "TODAY_PARTY_REL_XFORM_INS",
      "from_field": "SOURCE_SYSTEM",
      "to_instance": "SQ_TODAY_PARTY_REL_XFORM_INS",
      "to_field": "SOURCE_SYSTEM"
    },
    {
      "from_instance": "TODAY_PARTY_REL_XFORM_INS",
      "from_field": "RELATIONSHIP_TYPE_ID",
      "to_instance": "SQ_TODAY_PARTY_REL_XFORM_INS",
      "to_field": "RELATIONSHIP_TYPE_ID"
    },
    {
      "from_instance": "TODAY_PARTY_REL_XFORM_INS",
      "from_field": "FROM_PARTY_SOURCE_SYSTEM",
      "to_instance": "SQ_TODAY_PARTY_REL_XFORM_INS",
      "to_field": "FROM_PARTY_SOURCE_SYSTEM"
    },
    {
      "from_instance": "TODAY_PARTY_REL_XFORM_INS",
      "from_field": "TO_PARTY_SOURCE_SYSTEM",
      "to_instance": "SQ_TODAY_PARTY_REL_XFORM_INS",
      "to_field": "TO_PARTY_SOURCE_SYSTEM"
    },
    {
      "from_instance": "TODAY_PARTY_REL_XFORM_INS",
      "from_field": "DEFERRED_OWNERSHIP_IND",
      "to_instance": "SQ_TODAY_PARTY_REL_XFORM_INS",
      "to_field": "DEFERRED_OWNERSHIP_IND"
    },
    {
      "from_instance": "TODAY_PARTY_REL_XFORM_INS",
      "from_field": "PRIMARY_MRG_DOWNGRADE_IND",
      "to_instance": "SQ_TODAY_PARTY_REL_XFORM_INS",
      "to_field": "PRIMARY_MRG_DOWNGRADE_IND"
    },
    {
      "from_instance": "TODAY_PARTY_REL_XFORM_INS",
      "from_field": "CREATED_BY",
      "to_instance": "SQ_TODAY_PARTY_REL_XFORM_INS",
      "to_field": "CREATED_BY"
    },
    {
      "from_instance": "TODAY_PARTY_REL_XFORM_INS",
      "from_field": "CREATED_DATE",
      "to_instance": "SQ_TODAY_PARTY_REL_XFORM_INS",
      "to_field": "CREATED_DATE"
    },
    {
      "from_instance": "TODAY_PARTY_REL_XFORM_INS",
      "from_field": "SALES_SPLIT_PERCENTAGE",
      "to_instance": "SQ_TODAY_PARTY_REL_XFORM_INS",
      "to_field": "SALES_SPLIT_PERCENTAGE"
    },
    {
      "from_instance": "TODAY_PARTY_REL_XFORM_INS",
      "from_field": "DELETED_INDICATOR",
      "to_instance": "SQ_TODAY_PARTY_REL_XFORM_INS",
      "to_field": "DELETED_INDICATOR"
    },
    {
      "from_instance": "TODAY_PARTY_REL_XFORM_INS",
      "from_field": "SURV_ASST_CODE_C",
      "to_instance": "SQ_TODAY_PARTY_REL_XFORM_INS",
      "to_field": "SURV_ASST_CODE_C"
    },
    {
      "from_instance": "TODAY_PARTY_REL_XFORM_INS",
      "from_field": "SURV_ASST_CODE_C",
      "to_instance": "SQ_TODAY_PARTY_REL_XFORM_INS",
      "to_field": "Main_Office_Per_Role_Ind"
    },
    {
      "from_instance": "TODAY_PARTY_REL_XFORM_UPD",
      "from_field": "SOURCE_SYSTEM",
      "to_instance": "SQ_TODAY_PARTY_REL_XFORM_UPD",
      "to_field": "SOURCE_SYSTEM"
    },
    {
      "from_instance": "TODAY_PARTY_REL_XFORM_UPD",
      "from_field": "CREATED_BY",
      "to_instance": "SQ_TODAY_PARTY_REL_XFORM_UPD",
      "to_field": "CREATED_BY"
    },
    {
      "from_instance": "TODAY_PARTY_REL_XFORM_UPD",
      "from_field": "CREATED_DATE",
      "to_instance": "SQ_TODAY_PARTY_REL_XFORM_UPD",
      "to_field": "CREATED_DATE"
    },
    {
      "from_instance": "TODAY_PARTY_REL_XFORM_UPD",
      "from_field": "DEFERRED_OWNERSHIP_IND",
      "to_instance": "SQ_TODAY_PARTY_REL_XFORM_UPD",
      "to_field": "DEFERRED_OWNERSHIP_IND"
    },
    {
      "from_instance": "TODAY_PARTY_REL_XFORM_UPD",
      "from_field": "PRIMARY_MRG_DOWNGRADE_IND",
      "to_instance": "SQ_TODAY_PARTY_REL_XFORM_UPD",
      "to_field": "PRIMARY_MRG_DOWNGRADE_IND"
    },
    {
      "from_instance": "TODAY_PARTY_REL_XFORM_UPD",
      "from_field": "TO_SOURCE_PARTY_ROLE_ID",
      "to_instance": "SQ_TODAY_PARTY_REL_XFORM_UPD",
      "to_field": "TO_SOURCE_PARTY_ROLE_ID"
    },
    {
      "from_instance": "TODAY_PARTY_REL_XFORM_UPD",
      "from_field": "FROM_SOURCE_PARTY_ROLE_ID",
      "to_instance": "SQ_TODAY_PARTY_REL_XFORM_UPD",
      "to_field": "FROM_SOURCE_PARTY_ROLE_ID"
    },
    {
      "from_instance": "TODAY_PARTY_REL_XFORM_UPD",
      "from_field": "SALES_SPLIT_PERCENTAGE",
      "to_instance": "SQ_TODAY_PARTY_REL_XFORM_UPD",
      "to_field": "SALES_SPLIT_PERCENTAGE"
    },
    {
      "from_instance": "TODAY_PARTY_REL_XFORM_UPD",
      "from_field": "DELETED_INDICATOR",
      "to_instance": "SQ_TODAY_PARTY_REL_XFORM_UPD",
      "to_field": "DELETED_INDICATOR"
    },
    {
      "from_instance": "TODAY_PARTY_REL_XFORM_UPD",
      "from_field": "LAST_UPDATED_BY",
      "to_instance": "SQ_TODAY_PARTY_REL_XFORM_UPD",
      "to_field": "LAST_UPDATED_BY"
    },
    {
      "from_instance": "TODAY_PARTY_REL_XFORM_UPD",
      "from_field": "SOURCE_PARTY_RLNSP_ID",
      "to_instance": "SQ_TODAY_PARTY_REL_XFORM_UPD",
      "to_field": "SOURCE_PARTY_RLNSP_ID"
    },
    {
      "from_instance": "TODAY_PARTY_REL_XFORM_UPD",
      "from_field": "RELATIONSHIP_TYPE_ID",
      "to_instance": "SQ_TODAY_PARTY_REL_XFORM_UPD",
      "to_field": "RELATIONSHIP_TYPE_ID"
    },
    {
      "from_instance": "TODAY_PARTY_REL_XFORM_UPD",
      "from_field": "PRIMARY_INDICATOR",
      "to_instance": "SQ_TODAY_PARTY_REL_XFORM_UPD",
      "to_field": "PRIMARY_INDICATOR"
    },
    {
      "from_instance": "TODAY_PARTY_REL_XFORM_UPD",
      "from_field": "DELETED_INDICATOR",
      "to_instance": "SQ_TODAY_PARTY_REL_XFORM_UPD",
      "to_field": "DEL_INS_UPD_FLAG"
    },
    {
      "from_instance": "TODAY_PARTY_REL_XFORM_UPD",
      "from_field": "SRC_ROWID",
      "to_instance": "SQ_TODAY_PARTY_REL_XFORM_UPD",
      "to_field": "SRC_ROWID"
    },
    {
      "from_instance": "TODAY_PARTY_REL_XFORM_UPD",
      "from_field": "STATUS_ID",
      "to_instance": "SQ_TODAY_PARTY_REL_XFORM_UPD",
      "to_field": "STATUS_ID"
    },
    {
      "from_instance": "TODAY_PARTY_REL_XFORM_UPD",
      "from_field": "TO_SOURCE_PARTY_ID",
      "to_instance": "SQ_TODAY_PARTY_REL_XFORM_UPD",
      "to_field": "TO_SOURCE_PARTY_ID"
    },
    {
      "from_instance": "TODAY_PARTY_REL_XFORM_UPD",
      "from_field": "LAST_UPDATED_DATE",
      "to_instance": "SQ_TODAY_PARTY_REL_XFORM_UPD",
      "to_field": "LAST_UPDATED_DATE"
    },
    {
      "from_instance": "TODAY_PARTY_REL_XFORM_UPD",
      "from_field": "FROM_PARTY_SOURCE_SYSTEM",
      "to_instance": "SQ_TODAY_PARTY_REL_XFORM_UPD",
      "to_field": "FROM_PARTY_SOURCE_SYSTEM"
    },
    {
      "from_instance": "TODAY_PARTY_REL_XFORM_UPD",
      "from_field": "TO_PARTY_SOURCE_SYSTEM",
      "to_instance": "SQ_TODAY_PARTY_REL_XFORM_UPD",
      "to_field": "TO_PARTY_SOURCE_SYSTEM"
    },
    {
      "from_instance": "TODAY_PARTY_REL_XFORM_UPD",
      "from_field": "FROM_SOURCE_PARTY_ID",
      "to_instance": "SQ_TODAY_PARTY_REL_XFORM_UPD",
      "to_field": "FROM_SOURCE_PARTY_ID"
    },
    {
      "from_instance": "TODAY_PARTY_REL_XFORM_UPD",
      "from_field": "SURV_ASST_CODE_C",
      "to_instance": "SQ_TODAY_PARTY_REL_XFORM_UPD",
      "to_field": "SURV_ASST_CODE_C"
    },
    {
      "from_instance": "TODAY_PARTY_REL_XFORM_UPD",
      "from_field": "SURV_ASST_CODE_C",
      "to_instance": "SQ_TODAY_PARTY_REL_XFORM_UPD",
      "to_field": "Main_Office_Per_Role_Ind"
    },
    {
      "from_instance": "TODAY_PARTY_REL_XFORM_DEL",
      "from_field": "LAST_UPDATED_DATE",
      "to_instance": "SQ_TODAY_PARTY_REL_XFORM_DEL",
      "to_field": "LAST_UPDATED_DATE"
    },
    {
      "from_instance": "TODAY_PARTY_REL_XFORM_DEL",
      "from_field": "FROM_SOURCE_PARTY_ID",
      "to_instance": "SQ_TODAY_PARTY_REL_XFORM_DEL",
      "to_field": "FROM_SOURCE_PARTY_ID"
    },
    {
      "from_instance": "TODAY_PARTY_REL_XFORM_DEL",
      "from_field": "SOURCE_SYSTEM",
      "to_instance": "SQ_TODAY_PARTY_REL_XFORM_DEL",
      "to_field": "SOURCE_SYSTEM"
    },
    {
      "from_instance": "TODAY_PARTY_REL_XFORM_DEL",
      "from_field": "CREATED_BY",
      "to_instance": "SQ_TODAY_PARTY_REL_XFORM_DEL",
      "to_field": "CREATED_BY"
    },
    {
      "from_instance": "TODAY_PARTY_REL_XFORM_DEL",
      "from_field": "CREATED_DATE",
      "to_instance": "SQ_TODAY_PARTY_REL_XFORM_DEL",
      "to_field": "CREATED_DATE"
    },
    {
      "from_instance": "TODAY_PARTY_REL_XFORM_DEL",
      "from_field": "FROM_SOURCE_PARTY_ROLE_ID",
      "to_instance": "SQ_TODAY_PARTY_REL_XFORM_DEL",
      "to_field": "FROM_SOURCE_PARTY_ROLE_ID"
    },
    {
      "from_instance": "TODAY_PARTY_REL_XFORM_DEL",
      "from_field": "TO_SOURCE_PARTY_ROLE_ID",
      "to_instance": "SQ_TODAY_PARTY_REL_XFORM_DEL",
      "to_field": "TO_SOURCE_PARTY_ROLE_ID"
    },
    {
      "from_instance": "TODAY_PARTY_REL_XFORM_DEL",
      "from_field": "SALES_SPLIT_PERCENTAGE",
      "to_instance": "SQ_TODAY_PARTY_REL_XFORM_DEL",
      "to_field": "SALES_SPLIT_PERCENTAGE"
    },
    {
      "from_instance": "TODAY_PARTY_REL_XFORM_DEL",
      "from_field": "DELETED_INDICATOR",
      "to_instance": "SQ_TODAY_PARTY_REL_XFORM_DEL",
      "to_field": "DELETED_INDICATOR"
    },
    {
      "from_instance": "TODAY_PARTY_REL_XFORM_DEL",
      "from_field": "LAST_UPDATED_BY",
      "to_instance": "SQ_TODAY_PARTY_REL_XFORM_DEL",
      "to_field": "LAST_UPDATED_BY"
    },
    {
      "from_instance": "TODAY_PARTY_REL_XFORM_DEL",
      "from_field": "TO_PARTY_SOURCE_SYSTEM",
      "to_instance": "SQ_TODAY_PARTY_REL_XFORM_DEL",
      "to_field": "TO_PARTY_SOURCE_SYSTEM"
    },
    {
      "from_instance": "TODAY_PARTY_REL_XFORM_DEL",
      "from_field": "SRC_ROWID",
      "to_instance": "SQ_TODAY_PARTY_REL_XFORM_DEL",
      "to_field": "SRC_ROWID"
    },
    {
      "from_instance": "TODAY_PARTY_REL_XFORM_DEL",
      "from_field": "STATUS_ID",
      "to_instance": "SQ_TODAY_PARTY_REL_XFORM_DEL",
      "to_field": "STATUS_ID"
    },
    {
      "from_instance": "TODAY_PARTY_REL_XFORM_DEL",
      "from_field": "PRIMARY_INDICATOR",
      "to_instance": "SQ_TODAY_PARTY_REL_XFORM_DEL",
      "to_field": "PRIMARY_INDICATOR"
    },
    {
      "from_instance": "TODAY_PARTY_REL_XFORM_DEL",
      "from_field": "TO_SOURCE_PARTY_ID",
      "to_instance": "SQ_TODAY_PARTY_REL_XFORM_DEL",
      "to_field": "TO_SOURCE_PARTY_ID"
    },
    {
      "from_instance": "TODAY_PARTY_REL_XFORM_DEL",
      "from_field": "SOURCE_PARTY_RLNSP_ID",
      "to_instance": "SQ_TODAY_PARTY_REL_XFORM_DEL",
      "to_field": "SOURCE_PARTY_RLNSP_ID"
    },
    {
      "from_instance": "TODAY_PARTY_REL_XFORM_DEL",
      "from_field": "RELATIONSHIP_TYPE_ID",
      "to_instance": "SQ_TODAY_PARTY_REL_XFORM_DEL",
      "to_field": "RELATIONSHIP_TYPE_ID"
    },
    {
      "from_instance": "TODAY_PARTY_REL_XFORM_DEL",
      "from_field": "DELETED_INDICATOR",
      "to_instance": "SQ_TODAY_PARTY_REL_XFORM_DEL",
      "to_field": "DEL_INS_UPD_FLAG"
    },
    {
      "from_instance": "TODAY_PARTY_REL_XFORM_DEL",
      "from_field": "FROM_PARTY_SOURCE_SYSTEM",
      "to_instance": "SQ_TODAY_PARTY_REL_XFORM_DEL",
      "to_field": "FROM_PARTY_SOURCE_SYSTEM"
    },
    {
      "from_instance": "TODAY_PARTY_REL_XFORM_DEL",
      "from_field": "DEFERRED_OWNERSHIP_IND",
      "to_instance": "SQ_TODAY_PARTY_REL_XFORM_DEL",
      "to_field": "DEFERRED_OWNERSHIP_IND"
    },
    {
      "from_instance": "TODAY_PARTY_REL_XFORM_DEL",
      "from_field": "PRIMARY_MRG_DOWNGRADE_IND",
      "to_instance": "SQ_TODAY_PARTY_REL_XFORM_DEL",
      "to_field": "PRIMARY_MRG_DOWNGRADE_IND"
    },
    {
      "from_instance": "TODAY_PARTY_REL_XFORM_DEL",
      "from_field": "SURV_ASST_CODE_C",
      "to_instance": "SQ_TODAY_PARTY_REL_XFORM_DEL",
      "to_field": "SURV_ASST_CODE_C"
    },
    {
      "from_instance": "TODAY_PARTY_REL_XFORM_DEL",
      "from_field": "SURV_ASST_CODE_C",
      "to_instance": "SQ_TODAY_PARTY_REL_XFORM_DEL",
      "to_field": "Main_Office_Per_Role_Ind"
    },
    {
      "from_instance": "SQ_TODAY_PARTY_REL_XFORM_DEL",
      "from_field": "SOURCE_PARTY_RLNSP_ID",
      "to_instance": "EXPTRANS_DEL",
      "to_field": "SOURCE_PARTY_RLNSP_ID"
    },
    {
      "from_instance": "SQ_TODAY_PARTY_REL_XFORM_DEL",
      "from_field": "RELATIONSHIP_TYPE_ID",
      "to_instance": "EXPTRANS_DEL",
      "to_field": "RELATIONSHIP_TYPE_ID"
    },
    {
      "from_instance": "SQ_TODAY_PARTY_REL_XFORM_DEL",
      "from_field": "DEL_INS_UPD_FLAG",
      "to_instance": "EXPTRANS_DEL",
      "to_field": "DEL_INS_UPD_FLAG"
    },
    {
      "from_instance": "SQ_TODAY_PARTY_REL_XFORM_DEL",
      "from_field": "FROM_PARTY_SOURCE_SYSTEM",
      "to_instance": "EXPTRANS_DEL",
      "to_field": "FROM_PARTY_SOURCE_SYSTEM"
    },
    {
      "from_instance": "SQ_TODAY_PARTY_REL_XFORM_DEL",
      "from_field": "TO_PARTY_SOURCE_SYSTEM",
      "to_instance": "EXPTRANS_DEL",
      "to_field": "TO_PARTY_SOURCE_SYSTEM"
    },
    {
      "from_instance": "SQ_TODAY_PARTY_REL_XFORM_DEL",
      "from_field": "SRC_ROWID",
      "to_instance": "EXPTRANS_DEL",
      "to_field": "SRC_ROWID"
    },
    {
      "from_instance": "SQ_TODAY_PARTY_REL_XFORM_DEL",
      "from_field": "PRIMARY_INDICATOR",
      "to_instance": "EXPTRANS_DEL",
      "to_field": "PRIMARY_INDICATOR"
    },
    {
      "from_instance": "SQ_TODAY_PARTY_REL_XFORM_DEL",
      "from_field": "TO_SOURCE_PARTY_ID",
      "to_instance": "EXPTRANS_DEL",
      "to_field": "TO_SOURCE_PARTY_ID"
    },
    {
      "from_instance": "SQ_TODAY_PARTY_REL_XFORM_DEL",
      "from_field": "CREATED_BY",
      "to_instance": "EXPTRANS_DEL",
      "to_field": "CREATED_BY"
    },
    {
      "from_instance": "SQ_TODAY_PARTY_REL_XFORM_DEL",
      "from_field": "LAST_UPDATED_DATE",
      "to_instance": "EXPTRANS_DEL",
      "to_field": "LAST_UPDATED_DATE"
    },
    {
      "from_instance": "SQ_TODAY_PARTY_REL_XFORM_DEL",
      "from_field": "FROM_SOURCE_PARTY_ID",
      "to_instance": "EXPTRANS_DEL",
      "to_field": "FROM_SOURCE_PARTY_ID"
    },
    {
      "from_instance": "SQ_TODAY_PARTY_REL_XFORM_DEL",
      "from_field": "SOURCE_SYSTEM",
      "to_instance": "EXPTRANS_DEL",
      "to_field": "SOURCE_SYSTEM"
    },
    {
      "from_instance": "SQ_TODAY_PARTY_REL_XFORM_DEL",
      "from_field": "CREATED_DATE",
      "to_instance": "EXPTRANS_DEL",
      "to_field": "CREATED_DATE"
    },
    {
      "from_instance": "SQ_TODAY_PARTY_REL_XFORM_DEL",
      "from_field": "FROM_SOURCE_PARTY_ROLE_ID",
      "to_instance": "EXPTRANS_DEL",
      "to_field": "FROM_SOURCE_PARTY_ROLE_ID"
    },
    {
      "from_instance": "SQ_TODAY_PARTY_REL_XFORM_DEL",
      "from_field": "SALES_SPLIT_PERCENTAGE",
      "to_instance": "EXPTRANS_DEL",
      "to_field": "SALES_SPLIT_PERCENTAGE"
    },
    {
      "from_instance": "SQ_TODAY_PARTY_REL_XFORM_DEL",
      "from_field": "DELETED_INDICATOR",
      "to_instance": "EXPTRANS_DEL",
      "to_field": "DELETED_INDICATOR"
    },
    {
      "from_instance": "SQ_TODAY_PARTY_REL_XFORM_DEL",
      "from_field": "LAST_UPDATED_BY",
      "to_instance": "EXPTRANS_DEL",
      "to_field": "LAST_UPDATED_BY"
    },
    {
      "from_instance": "SQ_TODAY_PARTY_REL_XFORM_DEL",
      "from_field": "TO_SOURCE_PARTY_ROLE_ID",
      "to_instance": "EXPTRANS_DEL",
      "to_field": "TO_SOURCE_PARTY_ROLE_ID"
    },
    {
      "from_instance": "SQ_TODAY_PARTY_REL_XFORM_DEL",
      "from_field": "STATUS_ID",
      "to_instance": "EXPTRANS_DEL",
      "to_field": "STATUS_ID"
    },
    {
      "from_instance": "SQ_TODAY_PARTY_REL_XFORM_DEL",
      "from_field": "DEFERRED_OWNERSHIP_IND",
      "to_instance": "EXPTRANS_DEL",
      "to_field": "DEFERRED_OWNERSHIP_IND"
    },
    {
      "from_instance": "SQ_TODAY_PARTY_REL_XFORM_DEL",
      "from_field": "PRIMARY_MRG_DOWNGRADE_IND",
      "to_instance": "EXPTRANS_DEL",
      "to_field": "PRIMARY_MRG_DOWNGRADE_IND"
    },
    {
      "from_instance": "SQ_TODAY_PARTY_REL_XFORM_DEL",
      "from_field": "SURV_ASST_CODE_C",
      "to_instance": "EXPTRANS_DEL",
      "to_field": "SURV_ASST_CODE_C"
    },
    {
      "from_instance": "SQ_TODAY_PARTY_REL_XFORM_DEL",
      "from_field": "Main_Office_Per_Role_Ind",
      "to_instance": "EXPTRANS_DEL",
      "to_field": "Main_Office_Per_Role_Ind"
    },
    {
      "from_instance": "EXPTRANS_DEL",
      "from_field": "SALES_SPLIT_PERCENTAGE",
      "to_instance": "Union",
      "to_field": "SALES_SPLIT_PERCENTAGE1"
    },
    {
      "from_instance": "EXPTRANS_DEL",
      "from_field": "CREATED_BY",
      "to_instance": "Union",
      "to_field": "CREATED_BY1"
    },
    {
      "from_instance": "EXPTRANS_DEL",
      "from_field": "CREATED_DATE",
      "to_instance": "Union",
      "to_field": "CREATED_DATE1"
    },
    {
      "from_instance": "EXPTRANS_DEL",
      "from_field": "FROM_SOURCE_PARTY_ROLE_ID",
      "to_instance": "Union",
      "to_field": "FROM_SOURCE_PARTY_ROLE_ID1"
    },
    {
      "from_instance": "EXPTRANS_DEL",
      "from_field": "DELETED_INDICATOR",
      "to_instance": "Union",
      "to_field": "DELETED_INDICATOR1"
    },
    {
      "from_instance": "EXPTRANS_DEL",
      "from_field": "LAST_UPDATED_BY",
      "to_instance": "Union",
      "to_field": "LAST_UPDATED_BY1"
    },
    {
      "from_instance": "EXPTRANS_DEL",
      "from_field": "TO_SOURCE_PARTY_ROLE_ID",
      "to_instance": "Union",
      "to_field": "TO_SOURCE_PARTY_ROLE_ID1"
    },
    {
      "from_instance": "EXPTRANS_DEL",
      "from_field": "SOURCE_PARTY_RLNSP_ID",
      "to_instance": "Union",
      "to_field": "SOURCE_PARTY_RLNSP_ID1"
    },
    {
      "from_instance": "EXPTRANS_DEL",
      "from_field": "RELATIONSHIP_TYPE_ID",
      "to_instance": "Union",
      "to_field": "RELATIONSHIP_TYPE_ID1"
    },
    {
      "from_instance": "EXPTRANS_DEL",
      "from_field": "FROM_PARTY_SOURCE_SYSTEM",
      "to_instance": "Union",
      "to_field": "FROM_PARTY_SOURCE_SYSTEM1"
    },
    {
      "from_instance": "EXPTRANS_DEL",
      "from_field": "TO_PARTY_SOURCE_SYSTEM",
      "to_instance": "Union",
      "to_field": "TO_PARTY_SOURCE_SYSTEM1"
    },
    {
      "from_instance": "EXPTRANS_DEL",
      "from_field": "DEL_INS_UPD_FLAG",
      "to_instance": "Union",
      "to_field": "DEL_INS_UPD_FLAG1"
    },
    {
      "from_instance": "EXPTRANS_DEL",
      "from_field": "PRIMARY_MRG_DOWNGRADE_IND",
      "to_instance": "Union",
      "to_field": "PRIMARY_MRG_DOWNGRADE_IND2"
    },
    {
      "from_instance": "EXPTRANS_DEL",
      "from_field": "DEFERRED_OWNERSHIP_IND",
      "to_instance": "Union",
      "to_field": "DEFERRED_OWNERSHIP_IND2"
    },
    {
      "from_instance": "EXPTRANS_DEL",
      "from_field": "LAST_UPDATED_DATE",
      "to_instance": "Union",
      "to_field": "LAST_UPDATED_DATE1"
    },
    {
      "from_instance": "EXPTRANS_DEL",
      "from_field": "SRC_ROWID",
      "to_instance": "Union",
      "to_field": "SRC_ROWID1"
    },
    {
      "from_instance": "EXPTRANS_DEL",
      "from_field": "STATUS_ID",
      "to_instance": "Union",
      "to_field": "STATUS_ID1"
    },
    {
      "from_instance": "EXPTRANS_DEL",
      "from_field": "PRIMARY_INDICATOR",
      "to_instance": "Union",
      "to_field": "PRIMARY_INDICATOR1"
    },
    {
      "from_instance": "EXPTRANS_DEL",
      "from_field": "TO_SOURCE_PARTY_ID",
      "to_instance": "Union",
      "to_field": "TO_SOURCE_PARTY_ID1"
    },
    {
      "from_instance": "EXPTRANS_DEL",
      "from_field": "FROM_SOURCE_PARTY_ID",
      "to_instance": "Union",
      "to_field": "FROM_SOURCE_PARTY_ID1"
    },
    {
      "from_instance": "EXPTRANS_DEL",
      "from_field": "SOURCE_SYSTEM",
      "to_instance": "Union",
      "to_field": "SOURCE_SYSTEM1"
    },
    {
      "from_instance": "EXPTRANS_DEL",
      "from_field": "SURV_ASST_CODE_C",
      "to_instance": "Union",
      "to_field": "SURV_ASST_CODE_C2"
    },
    {
      "from_instance": "EXPTRANS_DEL",
      "from_field": "Main_Office_Per_Role_Ind",
      "to_instance": "Union",
      "to_field": "Main_Office_Per_Role_Ind1"
    },
    {
      "from_instance": "SQ_TODAY_PARTY_REL_XFORM_UPD",
      "from_field": "LAST_UPDATED_DATE",
      "to_instance": "EXPTRANS_UPD",
      "to_field": "LAST_UPDATED_DATE"
    },
    {
      "from_instance": "SQ_TODAY_PARTY_REL_XFORM_UPD",
      "from_field": "FROM_SOURCE_PARTY_ID",
      "to_instance": "EXPTRANS_UPD",
      "to_field": "FROM_SOURCE_PARTY_ID"
    },
    {
      "from_instance": "SQ_TODAY_PARTY_REL_XFORM_UPD",
      "from_field": "SOURCE_SYSTEM",
      "to_instance": "EXPTRANS_UPD",
      "to_field": "SOURCE_SYSTEM"
    },
    {
      "from_instance": "SQ_TODAY_PARTY_REL_XFORM_UPD",
      "from_field": "CREATED_BY",
      "to_instance": "EXPTRANS_UPD",
      "to_field": "CREATED_BY"
    },
    {
      "from_instance": "SQ_TODAY_PARTY_REL_XFORM_UPD",
      "from_field": "SURV_ASST_CODE_C",
      "to_instance": "EXPTRANS_UPD",
      "to_field": "SURV_ASST_CODE_C"
    },
    {
      "from_instance": "SQ_TODAY_PARTY_REL_XFORM_UPD",
      "from_field": "CREATED_DATE",
      "to_instance": "EXPTRANS_UPD",
      "to_field": "CREATED_DATE"
    },
    {
      "from_instance": "SQ_TODAY_PARTY_REL_XFORM_UPD",
      "from_field": "FROM_SOURCE_PARTY_ROLE_ID",
      "to_instance": "EXPTRANS_UPD",
      "to_field": "FROM_SOURCE_PARTY_ROLE_ID"
    },
    {
      "from_instance": "SQ_TODAY_PARTY_REL_XFORM_UPD",
      "from_field": "SALES_SPLIT_PERCENTAGE",
      "to_instance": "EXPTRANS_UPD",
      "to_field": "SALES_SPLIT_PERCENTAGE"
    },
    {
      "from_instance": "SQ_TODAY_PARTY_REL_XFORM_UPD",
      "from_field": "DELETED_INDICATOR",
      "to_instance": "EXPTRANS_UPD",
      "to_field": "DELETED_INDICATOR"
    },
    {
      "from_instance": "SQ_TODAY_PARTY_REL_XFORM_UPD",
      "from_field": "LAST_UPDATED_BY",
      "to_instance": "EXPTRANS_UPD",
      "to_field": "LAST_UPDATED_BY"
    },
    {
      "from_instance": "SQ_TODAY_PARTY_REL_XFORM_UPD",
      "from_field": "TO_SOURCE_PARTY_ROLE_ID",
      "to_instance": "EXPTRANS_UPD",
      "to_field": "TO_SOURCE_PARTY_ROLE_ID"
    },
    {
      "from_instance": "SQ_TODAY_PARTY_REL_XFORM_UPD",
      "from_field": "SOURCE_PARTY_RLNSP_ID",
      "to_instance": "EXPTRANS_UPD",
      "to_field": "SOURCE_PARTY_RLNSP_ID"
    },
    {
      "from_instance": "SQ_TODAY_PARTY_REL_XFORM_UPD",
      "from_field": "RELATIONSHIP_TYPE_ID",
      "to_instance": "EXPTRANS_UPD",
      "to_field": "RELATIONSHIP_TYPE_ID"
    },
    {
      "from_instance": "SQ_TODAY_PARTY_REL_XFORM_UPD",
      "from_field": "DEL_INS_UPD_FLAG",
      "to_instance": "EXPTRANS_UPD",
      "to_field": "DEL_INS_UPD_FLAG"
    },
    {
      "from_instance": "SQ_TODAY_PARTY_REL_XFORM_UPD",
      "from_field": "FROM_PARTY_SOURCE_SYSTEM",
      "to_instance": "EXPTRANS_UPD",
      "to_field": "FROM_PARTY_SOURCE_SYSTEM"
    },
    {
      "from_instance": "SQ_TODAY_PARTY_REL_XFORM_UPD",
      "from_field": "TO_PARTY_SOURCE_SYSTEM",
      "to_instance": "EXPTRANS_UPD",
      "to_field": "TO_PARTY_SOURCE_SYSTEM"
    },
    {
      "from_instance": "SQ_TODAY_PARTY_REL_XFORM_UPD",
      "from_field": "DEFERRED_OWNERSHIP_IND",
      "to_instance": "EXPTRANS_UPD",
      "to_field": "DEFERRED_OWNERSHIP_IND"
    },
    {
      "from_instance": "SQ_TODAY_PARTY_REL_XFORM_UPD",
      "from_field": "PRIMARY_MRG_DOWNGRADE_IND",
      "to_instance": "EXPTRANS_UPD",
      "to_field": "PRIMARY_MRG_DOWNGRADE_IND"
    },
    {
      "from_instance": "SQ_TODAY_PARTY_REL_XFORM_UPD",
      "from_field": "TO_SOURCE_PARTY_ID",
      "to_instance": "EXPTRANS_UPD",
      "to_field": "TO_SOURCE_PARTY_ID"
    },
    {
      "from_instance": "SQ_TODAY_PARTY_REL_XFORM_UPD",
      "from_field": "SRC_ROWID",
      "to_instance": "EXPTRANS_UPD",
      "to_field": "SRC_ROWID"
    },
    {
      "from_instance": "SQ_TODAY_PARTY_REL_XFORM_UPD",
      "from_field": "STATUS_ID",
      "to_instance": "EXPTRANS_UPD",
      "to_field": "STATUS_ID"
    },
    {
      "from_instance": "SQ_TODAY_PARTY_REL_XFORM_UPD",
      "from_field": "PRIMARY_INDICATOR",
      "to_instance": "EXPTRANS_UPD",
      "to_field": "PRIMARY_INDICATOR"
    },
    {
      "from_instance": "SQ_TODAY_PARTY_REL_XFORM_UPD",
      "from_field": "Main_Office_Per_Role_Ind",
      "to_instance": "EXPTRANS_UPD",
      "to_field": "Main_Office_Per_Role_Ind"
    },
    {
      "from_instance": "EXPTRANS_UPD",
      "from_field": "FROM_SOURCE_PARTY_ROLE_ID",
      "to_instance": "Union",
      "to_field": "FROM_SOURCE_PARTY_ROLE_ID3"
    },
    {
      "from_instance": "EXPTRANS_UPD",
      "from_field": "SALES_SPLIT_PERCENTAGE",
      "to_instance": "Union",
      "to_field": "SALES_SPLIT_PERCENTAGE3"
    },
    {
      "from_instance": "EXPTRANS_UPD",
      "from_field": "DELETED_INDICATOR",
      "to_instance": "Union",
      "to_field": "DELETED_INDICATOR3"
    },
    {
      "from_instance": "EXPTRANS_UPD",
      "from_field": "LAST_UPDATED_BY",
      "to_instance": "Union",
      "to_field": "LAST_UPDATED_BY3"
    },
    {
      "from_instance": "EXPTRANS_UPD",
      "from_field": "DEFERRED_OWNERSHIP_IND",
      "to_instance": "Union",
      "to_field": "DEFERRED_OWNERSHIP_IND4"
    },
    {
      "from_instance": "EXPTRANS_UPD",
      "from_field": "PRIMARY_MRG_DOWNGRADE_IND",
      "to_instance": "Union",
      "to_field": "PRIMARY_MRG_DOWNGRADE_IND4"
    },
    {
      "from_instance": "EXPTRANS_UPD",
      "from_field": "LAST_UPDATED_DATE_O",
      "to_instance": "Union",
      "to_field": "LAST_UPDATED_DATE3"
    },
    {
      "from_instance": "EXPTRANS_UPD",
      "from_field": "TO_SOURCE_PARTY_ROLE_ID",
      "to_instance": "Union",
      "to_field": "TO_SOURCE_PARTY_ROLE_ID3"
    },
    {
      "from_instance": "EXPTRANS_UPD",
      "from_field": "SOURCE_PARTY_RLNSP_ID",
      "to_instance": "Union",
      "to_field": "SOURCE_PARTY_RLNSP_ID3"
    },
    {
      "from_instance": "EXPTRANS_UPD",
      "from_field": "RELATIONSHIP_TYPE_ID",
      "to_instance": "Union",
      "to_field": "RELATIONSHIP_TYPE_ID3"
    },
    {
      "from_instance": "EXPTRANS_UPD",
      "from_field": "FROM_PARTY_SOURCE_SYSTEM",
      "to_instance": "Union",
      "to_field": "FROM_PARTY_SOURCE_SYSTEM3"
    },
    {
      "from_instance": "EXPTRANS_UPD",
      "from_field": "TO_PARTY_SOURCE_SYSTEM",
      "to_instance": "Union",
      "to_field": "TO_PARTY_SOURCE_SYSTEM3"
    },
    {
      "from_instance": "EXPTRANS_UPD",
      "from_field": "DEL_INS_UPD_FLAG",
      "to_instance": "Union",
      "to_field": "DEL_INS_UPD_FLAG3"
    },
    {
      "from_instance": "EXPTRANS_UPD",
      "from_field": "TO_SOURCE_PARTY_ID",
      "to_instance": "Union",
      "to_field": "TO_SOURCE_PARTY_ID3"
    },
    {
      "from_instance": "EXPTRANS_UPD",
      "from_field": "SRC_ROWID",
      "to_instance": "Union",
      "to_field": "SRC_ROWID3"
    },
    {
      "from_instance": "EXPTRANS_UPD",
      "from_field": "STATUS_ID",
      "to_instance": "Union",
      "to_field": "STATUS_ID3"
    },
    {
      "from_instance": "EXPTRANS_UPD",
      "from_field": "PRIMARY_INDICATOR",
      "to_instance": "Union",
      "to_field": "PRIMARY_INDICATOR3"
    },
    {
      "from_instance": "EXPTRANS_UPD",
      "from_field": "FROM_SOURCE_PARTY_ID",
      "to_instance": "Union",
      "to_field": "FROM_SOURCE_PARTY_ID3"
    },
    {
      "from_instance": "EXPTRANS_UPD",
      "from_field": "SOURCE_SYSTEM",
      "to_instance": "Union",
      "to_field": "SOURCE_SYSTEM3"
    },
    {
      "from_instance": "EXPTRANS_UPD",
      "from_field": "CREATED_BY",
      "to_instance": "Union",
      "to_field": "CREATED_BY3"
    },
    {
      "from_instance": "EXPTRANS_UPD",
      "from_field": "CREATED_DATE",
      "to_instance": "Union",
      "to_field": "CREATED_DATE3"
    },
    {
      "from_instance": "EXPTRANS_UPD",
      "from_field": "SURV_ASST_CODE_C",
      "to_instance": "Union",
      "to_field": "SURV_ASST_CODE_C4"
    },
    {
      "from_instance": "EXPTRANS_UPD",
      "from_field": "Main_Office_Per_Role_Ind",
      "to_instance": "Union",
      "to_field": "Main_Office_Per_Role_Ind3"
    },
    {
      "from_instance": "SQ_TODAY_PARTY_REL_XFORM_INS",
      "from_field": "SOURCE_PARTY_RLNSP_ID",
      "to_instance": "EXPTRANS_INS",
      "to_field": "SOURCE_PARTY_RLNSP_ID"
    },
    {
      "from_instance": "SQ_TODAY_PARTY_REL_XFORM_INS",
      "from_field": "RELATIONSHIP_TYPE_ID",
      "to_instance": "EXPTRANS_INS",
      "to_field": "RELATIONSHIP_TYPE_ID"
    },
    {
      "from_instance": "SQ_TODAY_PARTY_REL_XFORM_INS",
      "from_field": "DEL_INS_UPD_FLAG",
      "to_instance": "EXPTRANS_INS",
      "to_field": "DEL_INS_UPD_FLAG"
    },
    {
      "from_instance": "SQ_TODAY_PARTY_REL_XFORM_INS",
      "from_field": "FROM_PARTY_SOURCE_SYSTEM",
      "to_instance": "EXPTRANS_INS",
      "to_field": "FROM_PARTY_SOURCE_SYSTEM"
    },
    {
      "from_instance": "SQ_TODAY_PARTY_REL_XFORM_INS",
      "from_field": "TO_PARTY_SOURCE_SYSTEM",
      "to_instance": "EXPTRANS_INS",
      "to_field": "TO_PARTY_SOURCE_SYSTEM"
    },
    {
      "from_instance": "SQ_TODAY_PARTY_REL_XFORM_INS",
      "from_field": "SRC_ROWID",
      "to_instance": "EXPTRANS_INS",
      "to_field": "SRC_ROWID"
    },
    {
      "from_instance": "SQ_TODAY_PARTY_REL_XFORM_INS",
      "from_field": "STATUS_ID",
      "to_instance": "EXPTRANS_INS",
      "to_field": "STATUS_ID"
    },
    {
      "from_instance": "SQ_TODAY_PARTY_REL_XFORM_INS",
      "from_field": "PRIMARY_INDICATOR",
      "to_instance": "EXPTRANS_INS",
      "to_field": "PRIMARY_INDICATOR"
    },
    {
      "from_instance": "SQ_TODAY_PARTY_REL_XFORM_INS",
      "from_field": "PRIMARY_MRG_DOWNGRADE_IND",
      "to_instance": "EXPTRANS_INS",
      "to_field": "PRIMARY_MRG_DOWNGRADE_IND"
    },
    {
      "from_instance": "SQ_TODAY_PARTY_REL_XFORM_INS",
      "from_field": "DEFERRED_OWNERSHIP_IND",
      "to_instance": "EXPTRANS_INS",
      "to_field": "DEFERRED_OWNERSHIP_IND"
    },
    {
      "from_instance": "SQ_TODAY_PARTY_REL_XFORM_INS",
      "from_field": "TO_SOURCE_PARTY_ID",
      "to_instance": "EXPTRANS_INS",
      "to_field": "TO_SOURCE_PARTY_ID"
    },
    {
      "from_instance": "SQ_TODAY_PARTY_REL_XFORM_INS",
      "from_field": "LAST_UPDATED_DATE",
      "to_instance": "EXPTRANS_INS",
      "to_field": "LAST_UPDATED_DATE"
    },
    {
      "from_instance": "SQ_TODAY_PARTY_REL_XFORM_INS",
      "from_field": "FROM_SOURCE_PARTY_ID",
      "to_instance": "EXPTRANS_INS",
      "to_field": "FROM_SOURCE_PARTY_ID"
    },
    {
      "from_instance": "SQ_TODAY_PARTY_REL_XFORM_INS",
      "from_field": "SOURCE_SYSTEM",
      "to_instance": "EXPTRANS_INS",
      "to_field": "SOURCE_SYSTEM"
    },
    {
      "from_instance": "SQ_TODAY_PARTY_REL_XFORM_INS",
      "from_field": "CREATED_BY",
      "to_instance": "EXPTRANS_INS",
      "to_field": "CREATED_BY"
    },
    {
      "from_instance": "SQ_TODAY_PARTY_REL_XFORM_INS",
      "from_field": "CREATED_DATE",
      "to_instance": "EXPTRANS_INS",
      "to_field": "CREATED_DATE"
    },
    {
      "from_instance": "SQ_TODAY_PARTY_REL_XFORM_INS",
      "from_field": "LAST_UPDATED_BY",
      "to_instance": "EXPTRANS_INS",
      "to_field": "LAST_UPDATED_BY"
    },
    {
      "from_instance": "SQ_TODAY_PARTY_REL_XFORM_INS",
      "from_field": "FROM_SOURCE_PARTY_ROLE_ID",
      "to_instance": "EXPTRANS_INS",
      "to_field": "FROM_SOURCE_PARTY_ROLE_ID"
    },
    {
      "from_instance": "SQ_TODAY_PARTY_REL_XFORM_INS",
      "from_field": "SALES_SPLIT_PERCENTAGE",
      "to_instance": "EXPTRANS_INS",
      "to_field": "SALES_SPLIT_PERCENTAGE"
    },
    {
      "from_instance": "SQ_TODAY_PARTY_REL_XFORM_INS",
      "from_field": "DELETED_INDICATOR",
      "to_instance": "EXPTRANS_INS",
      "to_field": "DELETED_INDICATOR"
    },
    {
      "from_instance": "SQ_TODAY_PARTY_REL_XFORM_INS",
      "from_field": "TO_SOURCE_PARTY_ROLE_ID",
      "to_instance": "EXPTRANS_INS",
      "to_field": "TO_SOURCE_PARTY_ROLE_ID"
    },
    {
      "from_instance": "SQ_TODAY_PARTY_REL_XFORM_INS",
      "from_field": "SURV_ASST_CODE_C",
      "to_instance": "EXPTRANS_INS",
      "to_field": "SURV_ASST_CODE_C"
    },
    {
      "from_instance": "SQ_TODAY_PARTY_REL_XFORM_INS",
      "from_field": "Main_Office_Per_Role_Ind",
      "to_instance": "EXPTRANS_INS",
      "to_field": "Main_Office_Per_Role_Ind"
    },
    {
      "from_instance": "Union",
      "from_field": "STATUS_ID",
      "to_instance": "INS_PARTY_REL",
      "to_field": "STATUS_ID1"
    },
    {
      "from_instance": "Union",
      "from_field": "PRIMARY_INDICATOR",
      "to_instance": "INS_PARTY_REL",
      "to_field": "PRIMARY_INDICATOR1"
    },
    {
      "from_instance": "Union",
      "from_field": "CREATED_BY",
      "to_instance": "INS_PARTY_REL",
      "to_field": "CREATED_BY1"
    },
    {
      "from_instance": "Union",
      "from_field": "FROM_SOURCE_PARTY_ID",
      "to_instance": "INS_PARTY_REL",
      "to_field": "FROM_SOURCE_PARTY_ID1"
    },
    {
      "from_instance": "Union",
      "from_field": "SOURCE_SYSTEM",
      "to_instance": "INS_PARTY_REL",
      "to_field": "SOURCE_SYSTEM1"
    },
    {
      "from_instance": "Union",
      "from_field": "FROM_SOURCE_PARTY_ROLE_ID",
      "to_instance": "INS_PARTY_REL",
      "to_field": "FROM_SOURCE_PARTY_ROLE_ID1"
    },
    {
      "from_instance": "Union",
      "from_field": "SURV_ASST_CODE_C",
      "to_instance": "INS_PARTY_REL",
      "to_field": "SURV_ASST_CODE_C"
    },
    {
      "from_instance": "Union",
      "from_field": "SALES_SPLIT_PERCENTAGE",
      "to_instance": "INS_PARTY_REL",
      "to_field": "SALES_SPLIT_PERCENTAGE1"
    },
    {
      "from_instance": "Union",
      "from_field": "DELETED_INDICATOR",
      "to_instance": "INS_PARTY_REL",
      "to_field": "DELETED_INDICATOR1"
    },
    {
      "from_instance": "Union",
      "from_field": "LAST_UPDATED_BY",
      "to_instance": "INS_PARTY_REL",
      "to_field": "LAST_UPDATED_BY1"
    },
    {
      "from_instance": "Union",
      "from_field": "TO_SOURCE_PARTY_ROLE_ID",
      "to_instance": "INS_PARTY_REL",
      "to_field": "TO_SOURCE_PARTY_ROLE_ID1"
    },
    {
      "from_instance": "Union",
      "from_field": "SOURCE_PARTY_RLNSP_ID",
      "to_instance": "INS_PARTY_REL",
      "to_field": "SOURCE_PARTY_RLNSP_ID1"
    },
    {
      "from_instance": "Union",
      "from_field": "RELATIONSHIP_TYPE_ID",
      "to_instance": "INS_PARTY_REL",
      "to_field": "RELATIONSHIP_TYPE_ID1"
    },
    {
      "from_instance": "Union",
      "from_field": "FROM_PARTY_SOURCE_SYSTEM",
      "to_instance": "INS_PARTY_REL",
      "to_field": "FROM_PARTY_SOURCE_SYSTEM"
    },
    {
      "from_instance": "Union",
      "from_field": "TO_SOURCE_PARTY_ID",
      "to_instance": "INS_PARTY_REL",
      "to_field": "TO_SOURCE_PARTY_ID1"
    },
    {
      "from_instance": "Union",
      "from_field": "LAST_UPDATED_DATE",
      "to_instance": "INS_PARTY_REL",
      "to_field": "LAST_UPDATED_DATE1"
    },
    {
      "from_instance": "Union",
      "from_field": "CREATED_DATE",
      "to_instance": "INS_PARTY_REL",
      "to_field": "CREATED_DATE1"
    },
    {
      "from_instance": "Union",
      "from_field": "TO_PARTY_SOURCE_SYSTEM",
      "to_instance": "INS_PARTY_REL",
      "to_field": "TO_PARTY_SOURCE_SYSTEM"
    },
    {
      "from_instance": "Union",
      "from_field": "DEFERRED_OWNERSHIP_IND",
      "to_instance": "INS_PARTY_REL",
      "to_field": "DEFERRED_OWNERSHIP_IND"
    },
    {
      "from_instance": "Union",
      "from_field": "PRIMARY_MRG_DOWNGRADE_IND",
      "to_instance": "INS_PARTY_REL",
      "to_field": "PRIMARY_MRG_DOWNGRADE_IND"
    },
    {
      "from_instance": "Union",
      "from_field": "SRC_ROWID",
      "to_instance": "INS_PARTY_REL",
      "to_field": "SRC_ROWID1"
    },
    {
      "from_instance": "Union",
      "from_field": "Main_Office_Per_Role_Ind",
      "to_instance": "INS_PARTY_REL",
      "to_field": "Main_Office_Per_Role_Ind"
    },
    {
      "from_instance": "EXPTRANS_INS",
      "from_field": "SOURCE_SYSTEM",
      "to_instance": "Union",
      "to_field": "SOURCE_SYSTEM2"
    },
    {
      "from_instance": "EXPTRANS_INS",
      "from_field": "CREATED_BY",
      "to_instance": "Union",
      "to_field": "CREATED_BY2"
    },
    {
      "from_instance": "EXPTRANS_INS",
      "from_field": "SOURCE_PARTY_RLNSP_ID",
      "to_instance": "Union",
      "to_field": "SOURCE_PARTY_RLNSP_ID2"
    },
    {
      "from_instance": "EXPTRANS_INS",
      "from_field": "CREATED_DATE",
      "to_instance": "Union",
      "to_field": "CREATED_DATE2"
    },
    {
      "from_instance": "EXPTRANS_INS",
      "from_field": "LAST_UPDATED_BY",
      "to_instance": "Union",
      "to_field": "LAST_UPDATED_BY2"
    },
    {
      "from_instance": "EXPTRANS_INS",
      "from_field": "FROM_SOURCE_PARTY_ROLE_ID",
      "to_instance": "Union",
      "to_field": "FROM_SOURCE_PARTY_ROLE_ID2"
    },
    {
      "from_instance": "EXPTRANS_INS",
      "from_field": "PRIMARY_MRG_DOWNGRADE_IND",
      "to_instance": "Union",
      "to_field": "PRIMARY_MRG_DOWNGRADE_IND3"
    },
    {
      "from_instance": "EXPTRANS_INS",
      "from_field": "SALES_SPLIT_PERCENTAGE",
      "to_instance": "Union",
      "to_field": "SALES_SPLIT_PERCENTAGE2"
    },
    {
      "from_instance": "EXPTRANS_INS",
      "from_field": "DELETED_INDICATOR",
      "to_instance": "Union",
      "to_field": "DELETED_INDICATOR2"
    },
    {
      "from_instance": "EXPTRANS_INS",
      "from_field": "SURV_ASST_CODE_C",
      "to_instance": "Union",
      "to_field": "SURV_ASST_CODE_C3"
    },
    {
      "from_instance": "EXPTRANS_INS",
      "from_field": "TO_PARTY_SOURCE_SYSTEM",
      "to_instance": "Union",
      "to_field": "TO_PARTY_SOURCE_SYSTEM2"
    },
    {
      "from_instance": "EXPTRANS_INS",
      "from_field": "DEL_INS_UPD_FLAG",
      "to_instance": "Union",
      "to_field": "DEL_INS_UPD_FLAG2"
    },
    {
      "from_instance": "EXPTRANS_INS",
      "from_field": "DEFERRED_OWNERSHIP_IND",
      "to_instance": "Union",
      "to_field": "DEFERRED_OWNERSHIP_IND3"
    },
    {
      "from_instance": "EXPTRANS_INS",
      "from_field": "RELATIONSHIP_TYPE_ID",
      "to_instance": "Union",
      "to_field": "RELATIONSHIP_TYPE_ID2"
    },
    {
      "from_instance": "EXPTRANS_INS",
      "from_field": "FROM_PARTY_SOURCE_SYSTEM",
      "to_instance": "Union",
      "to_field": "FROM_PARTY_SOURCE_SYSTEM2"
    },
    {
      "from_instance": "EXPTRANS_INS",
      "from_field": "SRC_ROWID",
      "to_instance": "Union",
      "to_field": "SRC_ROWID2"
    },
    {
      "from_instance": "EXPTRANS_INS",
      "from_field": "LAST_UPDATED_DATE",
      "to_instance": "Union",
      "to_field": "LAST_UPDATED_DATE2"
    },
    {
      "from_instance": "EXPTRANS_INS",
      "from_field": "TO_SOURCE_PARTY_ROLE_ID",
      "to_instance": "Union",
      "to_field": "TO_SOURCE_PARTY_ROLE_ID2"
    },
    {
      "from_instance": "EXPTRANS_INS",
      "from_field": "FROM_SOURCE_PARTY_ID",
      "to_instance": "Union",
      "to_field": "FROM_SOURCE_PARTY_ID2"
    },
    {
      "from_instance": "EXPTRANS_INS",
      "from_field": "STATUS_ID",
      "to_instance": "Union",
      "to_field": "STATUS_ID2"
    },
    {
      "from_instance": "EXPTRANS_INS",
      "from_field": "PRIMARY_INDICATOR",
      "to_instance": "Union",
      "to_field": "PRIMARY_INDICATOR2"
    },
    {
      "from_instance": "EXPTRANS_INS",
      "from_field": "TO_SOURCE_PARTY_ID",
      "to_instance": "Union",
      "to_field": "TO_SOURCE_PARTY_ID2"
    },
    {
      "from_instance": "EXPTRANS_INS",
      "from_field": "Main_Office_Per_Role_Ind",
      "to_instance": "Union",
      "to_field": "Main_Office_Per_Role_Ind2"
    }
  ],
  "mappings": [
    {
      "name": "m_landing_party_rel_delta",
      "instances": [
        {
          "name": "C_LDG_PARTY_REL",
          "type": "TARGET",
          "transformation": ""
        },
        {
          "name": "TODAY_PARTY_REL_XFORM_INS",
          "type": "SOURCE",
          "transformation": ""
        },
        {
          "name": "TODAY_PARTY_REL_XFORM_UPD",
          "type": "SOURCE",
          "transformation": ""
        },
        {
          "name": "TODAY_PARTY_REL_XFORM_DEL",
          "type": "SOURCE",
          "transformation": ""
        },
        {
          "name": "EXPTRANS_DEL",
          "type": "TRANSFORMATION",
          "transformation": ""
        },
        {
          "name": "EXPTRANS_UPD",
          "type": "TRANSFORMATION",
          "transformation": ""
        },
        {
          "name": "SQ_TODAY_PARTY_REL_XFORM_INS",
          "type": "TRANSFORMATION",
          "transformation": ""
        },
        {
          "name": "INS_PARTY_REL",
          "type": "TRANSFORMATION",
          "transformation": ""
        },
        {
          "name": "SQ_TODAY_PARTY_REL_XFORM_UPD",
          "type": "TRANSFORMATION",
          "transformation": ""
        },
        {
          "name": "EXPTRANS_INS",
          "type": "TRANSFORMATION",
          "transformation": ""
        },
        {
          "name": "Union",
          "type": "TRANSFORMATION",
          "transformation": ""
        },
        {
          "name": "SQ_TODAY_PARTY_REL_XFORM_DEL",
          "type": "TRANSFORMATION",
          "transformation": ""
        }
      ]
    }
  ]
}