{
  "mapping_name": "wf_landing_sfdc_to_cdm_office_party_rel",
  "sources": [
    {
      "name": "pre_land_sfdc_office",
      "type": "",
      "columns": [
        {
          "name": "Id",
          "datatype": "nvarchar",
          "precision": "18",
          "scale": "0"
        },
        {
          "name": "ParentId",
          "datatype": "nvarchar",
          "precision": "18",
          "scale": "0"
        },
        {
          "name": "Tier__c",
          "datatype": "nvarchar",
          "precision": "255",
          "scale": "0"
        },
        {
          "name": "Status__c",
          "datatype": "nvarchar",
          "precision": "255",
          "scale": "0"
        },
        {
          "name": "RecordTypeName",
          "datatype": "nvarchar",
          "precision": "80",
          "scale": "0"
        },
        {
          "name": "Type",
          "datatype": "nvarchar",
          "precision": "40",
          "scale": "0"
        },
        {
          "name": "Direct__c",
          "datatype": "nvarchar",
          "precision": "15",
          "scale": "0"
        },
        {
          "name": "Office_Name_Short__c",
          "datatype": "nvarchar",
          "precision": "100",
          "scale": "0"
        },
        {
          "name": "Name",
          "datatype": "nvarchar",
          "precision": "255",
          "scale": "0"
        },
        {
          "name": "Marketing_Email_Restriction__c",
          "datatype": "nvarchar",
          "precision": "255",
          "scale": "0"
        },
        {
          "name": "Office_ID__c",
          "datatype": "nvarchar",
          "precision": "25",
          "scale": "0"
        },
        {
          "name": "BillingStreet",
          "datatype": "nvarchar",
          "precision": "255",
          "scale": "0"
        },
        {
          "name": "BillingCity",
          "datatype": "nvarchar",
          "precision": "40",
          "scale": "0"
        },
        {
          "name": "BillingState",
          "datatype": "nvarchar",
          "precision": "80",
          "scale": "0"
        },
        {
          "name": "BillingPostalCode",
          "datatype": "nvarchar",
          "precision": "20",
          "scale": "0"
        },
        {
          "name": "BillingCountry",
          "datatype": "nvarchar",
          "precision": "80",
          "scale": "0"
        },
        {
          "name": "IsDeleted",
          "datatype": "nvarchar",
          "precision": "5",
          "scale": "0"
        },
        {
          "name": "CreatedByAlias",
          "datatype": "nvarchar",
          "precision": "8",
          "scale": "0"
        },
        {
          "name": "CreatedDate",
          "datatype": "nvarchar",
          "precision": "29",
          "scale": "0"
        },
        {
          "name": "LastModifiedByAlias",
          "datatype": "nvarchar",
          "precision": "18",
          "scale": "0"
        },
        {
          "name": "LastModifiedDate",
          "datatype": "nvarchar",
          "precision": "29",
          "scale": "0"
        },
        {
          "name": "GU_ID__c",
          "datatype": "nvarchar",
          "precision": "18",
          "scale": "0"
        },
        {
          "name": "Source_System_Name",
          "datatype": "nvarchar",
          "precision": "18",
          "scale": "0"
        },
        {
          "name": "Primary_Address_Type__c",
          "datatype": "nvarchar",
          "precision": "255",
          "scale": "0"
        },
        {
          "name": "Secondary_Address_Type__c",
          "datatype": "nvarchar",
          "precision": "255",
          "scale": "0"
        },
        {
          "name": "Location_Type__c",
          "datatype": "nvarchar",
          "precision": "255",
          "scale": "0"
        },
        {
          "name": "shippingstreet",
          "datatype": "nvarchar",
          "precision": "255",
          "scale": "0"
        },
        {
          "name": "shippingcity",
          "datatype": "nvarchar",
          "precision": "40",
          "scale": "0"
        },
        {
          "name": "shippingstate",
          "datatype": "nvarchar",
          "precision": "80",
          "scale": "0"
        },
        {
          "name": "shippingpostalcode",
          "datatype": "nvarchar",
          "precision": "20",
          "scale": "0"
        },
        {
          "name": "ShipingCountry",
          "datatype": "nvarchar",
          "precision": "80",
          "scale": "0"
        },
        {
          "name": "Phone",
          "datatype": "nvarchar",
          "precision": "40",
          "scale": "0"
        },
        {
          "name": "Fax",
          "datatype": "nvarchar",
          "precision": "40",
          "scale": "0"
        },
        {
          "name": "Website",
          "datatype": "nvarchar",
          "precision": "255",
          "scale": "0"
        },
        {
          "name": "W_9__c",
          "datatype": "nvarchar",
          "precision": "255",
          "scale": "0"
        },
        {
          "name": "Primary_Channel__c",
          "datatype": "nvarchar",
          "precision": "255",
          "scale": "0"
        },
        {
          "name": "Advisory_Segmentation__c",
          "datatype": "nvarchar",
          "precision": "255",
          "scale": "0"
        },
        {
          "name": "Advisory_Reason_Code__c",
          "datatype": "nvarchar",
          "precision": "255",
          "scale": "0"
        },
        {
          "name": "Advisory_Reason_Code_Clarification__c",
          "datatype": "nvarchar",
          "precision": "255",
          "scale": "0"
        },
        {
          "name": "Advisory_Other_Reason_Code_Details__c",
          "datatype": "nvarchar",
          "precision": "255",
          "scale": "0"
        },
        {
          "name": "Segment__c",
          "datatype": "nvarchar",
          "precision": "255",
          "scale": "0"
        },
        {
          "name": "Restrict_Mail__c",
          "datatype": "nvarchar",
          "precision": "5",
          "scale": "0"
        },
        {
          "name": "Inactivated_Date__c",
          "datatype": "nvarchar",
          "precision": "29",
          "scale": "0"
        },
        {
          "name": "segmentation__c",
          "datatype": "nvarchar",
          "precision": "255",
          "scale": "0"
        },
        {
          "name": "Roles__c",
          "datatype": "varchar",
          "precision": "255",
          "scale": "0"
        }
      ]
    }
  ],
  "targets": [
    {
      "name": "today_party_rel_xform",
      "type": "",
      "columns": [
        {
          "name": "src_rowid",
          "datatype": "bigint",
          "precision": "19",
          "scale": "0"
        },
        {
          "name": "status_id",
          "datatype": "bigint",
          "precision": "19",
          "scale": "0"
        },
        {
          "name": "primary_indicator",
          "datatype": "nchar",
          "precision": "1",
          "scale": "0"
        },
        {
          "name": "to_source_party_id",
          "datatype": "nvarchar",
          "precision": "50",
          "scale": "0"
        },
        {
          "name": "last_updated_date",
          "datatype": "datetime2",
          "precision": "27",
          "scale": "7"
        },
        {
          "name": "from_source_party_id",
          "datatype": "nvarchar",
          "precision": "50",
          "scale": "0"
        },
        {
          "name": "source_system",
          "datatype": "nvarchar",
          "precision": "50",
          "scale": "0"
        },
        {
          "name": "created_by",
          "datatype": "nvarchar",
          "precision": "50",
          "scale": "0"
        },
        {
          "name": "created_date",
          "datatype": "datetime2",
          "precision": "27",
          "scale": "7"
        },
        {
          "name": "from_source_party_role_id",
          "datatype": "nvarchar",
          "precision": "255",
          "scale": "0"
        },
        {
          "name": "sales_split_percentage",
          "datatype": "numeric",
          "precision": "4",
          "scale": "4"
        },
        {
          "name": "deleted_indicator",
          "datatype": "nchar",
          "precision": "1",
          "scale": "0"
        },
        {
          "name": "last_updated_by",
          "datatype": "nvarchar",
          "precision": "50",
          "scale": "0"
        },
        {
          "name": "to_source_party_role_id",
          "datatype": "nvarchar",
          "precision": "255",
          "scale": "0"
        },
        {
          "name": "source_party_rlnsp_id",
          "datatype": "nvarchar",
          "precision": "255",
          "scale": "0"
        },
        {
          "name": "relationship_type_id",
          "datatype": "bigint",
          "precision": "19",
          "scale": "0"
        },
        {
          "name": "from_party_source_system",
          "datatype": "nvarchar",
          "precision": "50",
          "scale": "0"
        },
        {
          "name": "to_party_source_system",
          "datatype": "nvarchar",
          "precision": "50",
          "scale": "0"
        },
        {
          "name": "mapping_name",
          "datatype": "nvarchar",
          "precision": "80",
          "scale": "0"
        },
        {
          "name": "DEFERRED_OWNERSHIP_IND",
          "datatype": "nchar",
          "precision": "1",
          "scale": "0"
        },
        {
          "name": "primary_mrg_downgrade_ind",
          "datatype": "nchar",
          "precision": "1",
          "scale": "0"
        }
      ]
    }
  ],
  "transformations": [
    {
      "name": "exp_transformation1",
      "type": "Expression",
      "properties": {
        "Id": {
          "datatype": "string",
          "expression": ""
        },
        "Direct__c": {
          "datatype": "string",
          "expression": "Direct__c"
        },
        "RecordTypeName": {
          "datatype": "string",
          "expression": "RecordTypeName"
        },
        "Id_Var": {
          "datatype": "string",
          "expression": "iif(IN(RecordTypeName,'Financial Institutions Office','Institutional Client Office','Institutional Consultant Office','Institutional Other Intermediary Office','NT Advisory Office RO','Retail Office RO','CIAM Office RO'),'OFF_'||Id)"
        },
        "Id_Out": {
          "datatype": "string",
          "expression": "Id_Var"
        },
        "ParentId": {
          "datatype": "string",
          "expression": ""
        },
        "ParentId_Var": {
          "datatype": "string",
          "expression": "'ORG_'||ParentId"
        },
        "ParentId_Out": {
          "datatype": "string",
          "expression": "ParentId_Var"
        },
        "CreatedDate": {
          "datatype": "string",
          "expression": "CreatedDate"
        },
        "LastModifiedDate": {
          "datatype": "string",
          "expression": "LastModifiedDate"
        },
        "Status__c": {
          "datatype": "string",
          "expression": ""
        },
        "Relationship_Status_var": {
          "datatype": "integer",
          "expression": ":LKP.lkp_values(iif(Status__c = 'Deleted','Merged',Status__c),'PARTY_RLNSPL_STATUS_ID')"
        },
        "Relationship_Status_var2": {
          "datatype": "integer",
          "expression": "IIF(ISNULL(Status__c),NULL,IIF(ISNULL(Relationship_Status_var), 9999,Relationship_Status_var ))\r\n"
        },
        "Relationship_Status_out": {
          "datatype": "integer",
          "expression": "Relationship_Status_var2"
        },
        "PRIMARY_INDICATOR_OLD": {
          "datatype": "string",
          "expression": "PRIMARY_INDICATOR_OLD"
        },
        "Relationship_Type_var": {
          "datatype": "integer",
          "expression": ":LKP.lkp_values('Supports Role(s) Of','RELATIONSHIP_TYPE_ID')"
        },
        "Relationship_Type_out": {
          "datatype": "integer",
          "expression": "Relationship_Type_var"
        },
        "Source_System_Name": {
          "datatype": "string",
          "expression": "Source_System_Name"
        },
        "Eff_End_Date": {
          "datatype": "date/time",
          "expression": "to_date('12/31/9999','MM/DD/YYYY')"
        },
        "LastModifiedByAlias": {
          "datatype": "string",
          "expression": "LastModifiedByAlias"
        },
        "CreatedByAlias": {
          "datatype": "string",
          "expression": "CreatedByAlias"
        },
        "Role__c": {
          "datatype": "string",
          "expression": "Role__c"
        },
        "from_party_role_id_var": {
          "datatype": "string",
          "expression": "Id||'Standard Office Role'"
        },
        "from_party_role_id_out": {
          "datatype": "string",
          "expression": "from_party_role_id_var"
        },
        "to_party_role_id_var": {
          "datatype": "string",
          "expression": "ParentId||Role__c"
        },
        "to_party_role_id_out": {
          "datatype": "string",
          "expression": "to_party_role_id_var"
        },
        "SOURCE_PARTY_RLNSP_ID": {
          "datatype": "string",
          "expression": "from_party_role_id_var || to_party_role_id_var"
        },
        "fromsourcesystem": {
          "datatype": "string",
          "expression": "iif(IN(RecordTypeName,'Financial Institutions Office','Institutional Client Office','Institutional Consultant Office','Institutional Other Intermediary Office','NT Advisory Office RO','Retail Office RO','CIAM Office RO'),'SFDC')"
        },
        "tosourcesystem": {
          "datatype": "string",
          "expression": ":LKP.TODAY_PARTY_XFORM_LOOKUP(ParentId_Var)"
        },
        "MAPPING_NAME": {
          "datatype": "string",
          "expression": "$PMMappingName"
        },
        "PRIMARY_INDICATOR": {
          "datatype": "string",
          "expression": "'N'"
        },
        "DEFERRED_OWNERSHIP_IND": {
          "datatype": "nstring",
          "expression": "DEFERRED_OWNERSHIP_IND"
        }
      }
    },
    {
      "name": "lkp_TODAY_PARTY_ROLE_XFORM",
      "type": "Lookup Procedure",
      "properties": {
        "SOURCE_PARTY_ROLE_ID": {
          "datatype": "nstring",
          "expression": ""
        },
        "SOURCE_PARTY_ID": {
          "datatype": "nstring",
          "expression": ""
        },
        "SOURCE_SYSTEM": {
          "datatype": "nstring",
          "expression": ""
        },
        "PARTY_ID_IN": {
          "datatype": "string",
          "expression": ""
        }
      }
    },
    {
      "name": "exp_transformation",
      "type": "Expression",
      "properties": {
        "Id": {
          "datatype": "string",
          "expression": ""
        },
        "Direct__c": {
          "datatype": "string",
          "expression": "Direct__c"
        },
        "RecordTypeName": {
          "datatype": "string",
          "expression": "RecordTypeName"
        },
        "Id_Var": {
          "datatype": "string",
          "expression": "iif(IN(RecordTypeName,'Financial Institutions Office','Institutional Client Office','Institutional Consultant Office','Institutional Other Intermediary Office','NT Advisory Office RO','Retail Office RO','CIAM Office RO'\r\n,'Institutional Organization'\r\n),'OFF_'||Id)"
        },
        "Id_Out": {
          "datatype": "string",
          "expression": "Id_Var"
        },
        "ParentId": {
          "datatype": "string",
          "expression": ""
        },
        "ParentId_Var": {
          "datatype": "string",
          "expression": "'ORG_'||ParentId"
        },
        "ParentId_Out": {
          "datatype": "string",
          "expression": "ParentId_Var"
        },
        "CreatedDate": {
          "datatype": "string",
          "expression": "CreatedDate"
        },
        "LastModifiedDate": {
          "datatype": "string",
          "expression": "LastModifiedDate"
        },
        "Status__c": {
          "datatype": "string",
          "expression": ""
        },
        "Relationship_Status_var": {
          "datatype": "integer",
          "expression": ":LKP.lkp_values(iif(Status__c = 'Deleted','Inactive',Status__c),'PARTY_RLNSPL_STATUS_ID')"
        },
        "Relationship_Status_var2": {
          "datatype": "integer",
          "expression": "IIF(ISNULL(Status__c),NULL,IIF(ISNULL(Relationship_Status_var), 9999,Relationship_Status_var ))\r\n"
        },
        "Relationship_Status_out": {
          "datatype": "integer",
          "expression": "Relationship_Status_var2"
        },
        "PRIMARY_INDICATOR": {
          "datatype": "string",
          "expression": "'N'"
        },
        "Relationship_Type_var": {
          "datatype": "integer",
          "expression": ":LKP.lkp_values('Supports Role(s) Of','RELATIONSHIP_TYPE_ID')"
        },
        "Relationship_Type_out": {
          "datatype": "integer",
          "expression": "Relationship_Type_var"
        },
        "Source_System_Name": {
          "datatype": "string",
          "expression": "Source_System_Name"
        },
        "Eff_End_Date": {
          "datatype": "date/time",
          "expression": "to_date('12/31/9999','MM/DD/YYYY')"
        },
        "LastModifiedByAlias": {
          "datatype": "string",
          "expression": "LastModifiedByAlias"
        },
        "CreatedByAlias": {
          "datatype": "string",
          "expression": "CreatedByAlias"
        },
        "SOURCE_PARTY_RLNSP_ID": {
          "datatype": "string",
          "expression": "--Source_System_Name||'|'||Id_Var||'|'||ParentId_Var||'|||'||Relationship_Type_var\r\nId||ParentId"
        },
        "FromParentSourceSystem": {
          "datatype": "string",
          "expression": "iif(IN(RecordTypeName,'Financial Institutions Office','Institutional Client Office','Institutional Consultant Office','Institutional Other Intermediary Office','NT Advisory Office RO','Retail Office RO','CIAM Office RO'\r\n,'Institutional Organization'\r\n),'SFDC')"
        },
        "ToParentSourceSystem": {
          "datatype": "string",
          "expression": ":LKP.TODAY_PARTY_XFORM_LOOKUP(ParentId_Var)"
        },
        "MAPPING_NAME": {
          "datatype": "string",
          "expression": "$PMMappingName"
        },
        "DEFERRED_OWNERSHIP_IND": {
          "datatype": "nstring",
          "expression": "iif(IN(RecordTypeName,'Retail Office RO','CIAM Office RO','NT Advisory Office RO'),'Y','N')"
        }
      }
    },
    {
      "name": "lkp_values",
      "type": "Lookup Procedure",
      "properties": {
        "src_val_in": {
          "datatype": "string",
          "expression": ""
        },
        "attrib_nm_in": {
          "datatype": "string",
          "expression": ""
        },
        "src_sys_nm": {
          "datatype": "string",
          "expression": ""
        },
        "attrib_nm": {
          "datatype": "string",
          "expression": ""
        },
        "src_val": {
          "datatype": "string",
          "expression": ""
        },
        "std_lkup_id": {
          "datatype": "integer",
          "expression": ""
        }
      }
    },
    {
      "name": "SQ_pre_land_sfdc_office",
      "type": "Source Qualifier",
      "properties": {
        "Id": {
          "datatype": "string",
          "expression": ""
        },
        "ParentId": {
          "datatype": "string",
          "expression": ""
        },
        "Tier__c": {
          "datatype": "string",
          "expression": ""
        },
        "Status__c": {
          "datatype": "string",
          "expression": ""
        },
        "RecordTypeName": {
          "datatype": "string",
          "expression": ""
        },
        "Type": {
          "datatype": "string",
          "expression": ""
        },
        "Direct__c": {
          "datatype": "string",
          "expression": ""
        },
        "Office_Name_Short__c": {
          "datatype": "nstring",
          "expression": ""
        },
        "Name": {
          "datatype": "nstring",
          "expression": ""
        },
        "Marketing_Email_Restriction__c": {
          "datatype": "string",
          "expression": ""
        },
        "Office_ID__c": {
          "datatype": "string",
          "expression": ""
        },
        "BillingStreet": {
          "datatype": "nstring",
          "expression": ""
        },
        "BillingCity": {
          "datatype": "nstring",
          "expression": ""
        },
        "BillingState": {
          "datatype": "nstring",
          "expression": ""
        },
        "BillingPostalCode": {
          "datatype": "nstring",
          "expression": ""
        },
        "BillingCountry": {
          "datatype": "nstring",
          "expression": ""
        },
        "IsDeleted": {
          "datatype": "string",
          "expression": ""
        },
        "CreatedByAlias": {
          "datatype": "string",
          "expression": ""
        },
        "CreatedDate": {
          "datatype": "string",
          "expression": ""
        },
        "LastModifiedByAlias": {
          "datatype": "string",
          "expression": ""
        },
        "LastModifiedDate": {
          "datatype": "string",
          "expression": ""
        },
        "GU_ID__c": {
          "datatype": "string",
          "expression": ""
        },
        "Source_System_Name": {
          "datatype": "string",
          "expression": ""
        },
        "Primary_Address_Type__c": {
          "datatype": "string",
          "expression": ""
        },
        "Secondary_Address_Type__c": {
          "datatype": "string",
          "expression": ""
        },
        "Location_Type__c": {
          "datatype": "string",
          "expression": ""
        },
        "shippingstreet": {
          "datatype": "nstring",
          "expression": ""
        },
        "shippingcity": {
          "datatype": "nstring",
          "expression": ""
        },
        "shippingstate": {
          "datatype": "nstring",
          "expression": ""
        },
        "shippingpostalcode": {
          "datatype": "string",
          "expression": ""
        },
        "ShipingCountry": {
          "datatype": "nstring",
          "expression": ""
        },
        "Phone": {
          "datatype": "nstring",
          "expression": ""
        },
        "Fax": {
          "datatype": "nstring",
          "expression": ""
        },
        "Website": {
          "datatype": "nstring",
          "expression": ""
        },
        "W_9__c": {
          "datatype": "string",
          "expression": ""
        },
        "Primary_Channel__c": {
          "datatype": "string",
          "expression": ""
        },
        "Advisory_Segmentation__c": {
          "datatype": "string",
          "expression": ""
        },
        "Advisory_Reason_Code__c": {
          "datatype": "string",
          "expression": ""
        },
        "Advisory_Reason_Code_Clarification__c": {
          "datatype": "string",
          "expression": ""
        },
        "Advisory_Other_Reason_Code_Details__c": {
          "datatype": "string",
          "expression": ""
        },
        "Segment__c": {
          "datatype": "string",
          "expression": ""
        },
        "Restrict_Mail__c": {
          "datatype": "string",
          "expression": ""
        }
      }
    },
    {
      "name": "fltr_as_reqd",
      "type": "Filter",
      "properties": {
        "Id": {
          "datatype": "string",
          "expression": ""
        },
        "ParentId": {
          "datatype": "string",
          "expression": ""
        },
        "Status__c": {
          "datatype": "string",
          "expression": ""
        },
        "RecordTypeName": {
          "datatype": "string",
          "expression": ""
        },
        "Direct__c": {
          "datatype": "string",
          "expression": ""
        },
        "CreatedByAlias": {
          "datatype": "string",
          "expression": ""
        },
        "CreatedDate": {
          "datatype": "string",
          "expression": ""
        },
        "LastModifiedByAlias": {
          "datatype": "string",
          "expression": ""
        },
        "LastModifiedDate": {
          "datatype": "string",
          "expression": ""
        },
        "Source_System_Name": {
          "datatype": "string",
          "expression": ""
        },
        "FILTER_CONDITION": ""
      }
    },
    {
      "name": "FILTRANS",
      "type": "Filter",
      "properties": {
        "Id_Out": {
          "datatype": "string",
          "expression": ""
        },
        "ParentId_Out": {
          "datatype": "string",
          "expression": ""
        },
        "CreatedDate": {
          "datatype": "string",
          "expression": ""
        },
        "LastModifiedDate": {
          "datatype": "string",
          "expression": ""
        },
        "Relationship_Status_out": {
          "datatype": "bigint",
          "expression": ""
        },
        "PRIMARY_INDICATOR": {
          "datatype": "string",
          "expression": ""
        },
        "Relationship_Type_out": {
          "datatype": "bigint",
          "expression": ""
        },
        "Source_System_Name": {
          "datatype": "string",
          "expression": ""
        },
        "LastModifiedByAlias": {
          "datatype": "string",
          "expression": ""
        },
        "CreatedByAlias": {
          "datatype": "string",
          "expression": ""
        },
        "SOURCE_PARTY_RLNSP_ID": {
          "datatype": "string",
          "expression": ""
        },
        "FromParentSourceSystem": {
          "datatype": "string",
          "expression": ""
        },
        "ToParentSourceSystem": {
          "datatype": "string",
          "expression": ""
        },
        "MAPPING_NAME": {
          "datatype": "string",
          "expression": ""
        },
        "DEFERRED_OWNERSHIP_IND": {
          "datatype": "nstring",
          "expression": ""
        },
        "FILTER_CONDITION": ""
      }
    },
    {
      "name": "FILTRANS1",
      "type": "Filter",
      "properties": {
        "CreatedDate": {
          "datatype": "string",
          "expression": ""
        },
        "LastModifiedDate": {
          "datatype": "string",
          "expression": ""
        },
        "Relationship_Status_out": {
          "datatype": "bigint",
          "expression": ""
        },
        "PRIMARY_INDICATOR": {
          "datatype": "string",
          "expression": ""
        },
        "Relationship_Type_out": {
          "datatype": "bigint",
          "expression": ""
        },
        "Source_System_Name": {
          "datatype": "string",
          "expression": ""
        },
        "LastModifiedByAlias": {
          "datatype": "string",
          "expression": ""
        },
        "CreatedByAlias": {
          "datatype": "string",
          "expression": ""
        },
        "from_party_role_id_out": {
          "datatype": "nstring",
          "expression": ""
        },
        "to_party_role_id_out": {
          "datatype": "nstring",
          "expression": ""
        },
        "SOURCE_PARTY_RLNSP_ID": {
          "datatype": "nstring",
          "expression": ""
        },
        "fromsourcesystem": {
          "datatype": "nstring",
          "expression": ""
        },
        "tosourcesystem": {
          "datatype": "nstring",
          "expression": ""
        },
        "MAPPING_NAME": {
          "datatype": "string",
          "expression": ""
        },
        "DEFERRED_OWNERSHIP_IND": {
          "datatype": "nstring",
          "expression": ""
        },
        "FILTER_CONDITION": ""
      }
    },
    {
      "name": "TODAY_PARTY_XFORM_LOOKUP",
      "type": "Lookup Procedure",
      "properties": {
        "SOURCE_PARTY_ID": {
          "datatype": "nstring",
          "expression": ""
        },
        "SOURCE_SYSTEM": {
          "datatype": "nstring",
          "expression": ""
        },
        "IN_Id": {
          "datatype": "string",
          "expression": ""
        }
      }
    },
    {
      "name": "fltr_as_reqd1",
      "type": "Filter",
      "properties": {
        "Id": {
          "datatype": "string",
          "expression": ""
        },
        "ParentId": {
          "datatype": "string",
          "expression": ""
        },
        "Status__c": {
          "datatype": "string",
          "expression": ""
        },
        "RecordTypeName": {
          "datatype": "string",
          "expression": ""
        },
        "Direct__c": {
          "datatype": "string",
          "expression": ""
        },
        "CreatedByAlias": {
          "datatype": "string",
          "expression": ""
        },
        "CreatedDate": {
          "datatype": "string",
          "expression": ""
        },
        "LastModifiedByAlias": {
          "datatype": "string",
          "expression": ""
        },
        "LastModifiedDate": {
          "datatype": "string",
          "expression": ""
        },
        "Source_System_Name": {
          "datatype": "string",
          "expression": ""
        },
        "Role__c": {
          "datatype": "string",
          "expression": ""
        },
        "PRIMARY_INDICATOR": {
          "datatype": "string",
          "expression": ""
        },
        "DEFERRED_OWNERSHIP_IND": {
          "datatype": "nstring",
          "expression": ""
        },
        "FILTER_CONDITION": ""
      }
    },
    {
      "name": "SQ_pre_land_sfdc_office_prtpr",
      "type": "Source Qualifier",
      "properties": {
        "Id": {
          "datatype": "string",
          "expression": ""
        },
        "ParentId": {
          "datatype": "string",
          "expression": ""
        },
        "Tier__c": {
          "datatype": "string",
          "expression": ""
        },
        "Status__c": {
          "datatype": "string",
          "expression": ""
        },
        "RecordTypeName": {
          "datatype": "string",
          "expression": ""
        },
        "Type": {
          "datatype": "string",
          "expression": ""
        },
        "Direct__c": {
          "datatype": "string",
          "expression": ""
        },
        "Office_Name_Short__c": {
          "datatype": "nstring",
          "expression": ""
        },
        "Name": {
          "datatype": "nstring",
          "expression": ""
        },
        "Marketing_Email_Restriction__c": {
          "datatype": "string",
          "expression": ""
        },
        "Office_ID__c": {
          "datatype": "string",
          "expression": ""
        },
        "BillingStreet": {
          "datatype": "nstring",
          "expression": ""
        },
        "BillingCity": {
          "datatype": "nstring",
          "expression": ""
        },
        "BillingState": {
          "datatype": "nstring",
          "expression": ""
        },
        "BillingPostalCode": {
          "datatype": "nstring",
          "expression": ""
        },
        "BillingCountry": {
          "datatype": "nstring",
          "expression": ""
        },
        "IsDeleted": {
          "datatype": "string",
          "expression": ""
        },
        "CreatedByAlias": {
          "datatype": "string",
          "expression": ""
        },
        "CreatedDate": {
          "datatype": "string",
          "expression": ""
        },
        "LastModifiedByAlias": {
          "datatype": "string",
          "expression": ""
        },
        "LastModifiedDate": {
          "datatype": "string",
          "expression": ""
        },
        "GU_ID__c": {
          "datatype": "string",
          "expression": ""
        },
        "Source_System_Name": {
          "datatype": "string",
          "expression": ""
        },
        "Primary_Address_Type__c": {
          "datatype": "string",
          "expression": ""
        },
        "Secondary_Address_Type__c": {
          "datatype": "string",
          "expression": ""
        },
        "Location_Type__c": {
          "datatype": "string",
          "expression": ""
        },
        "shippingstreet": {
          "datatype": "nstring",
          "expression": ""
        },
        "shippingcity": {
          "datatype": "nstring",
          "expression": ""
        },
        "shippingstate": {
          "datatype": "nstring",
          "expression": ""
        },
        "shippingpostalcode": {
          "datatype": "string",
          "expression": ""
        },
        "ShipingCountry": {
          "datatype": "nstring",
          "expression": ""
        },
        "Phone": {
          "datatype": "nstring",
          "expression": ""
        },
        "Fax": {
          "datatype": "nstring",
          "expression": ""
        },
        "Website": {
          "datatype": "nstring",
          "expression": ""
        },
        "W_9__c": {
          "datatype": "string",
          "expression": ""
        },
        "Primary_Channel__c": {
          "datatype": "string",
          "expression": ""
        },
        "Advisory_Segmentation__c": {
          "datatype": "string",
          "expression": ""
        },
        "Advisory_Reason_Code__c": {
          "datatype": "string",
          "expression": ""
        },
        "Advisory_Reason_Code_Clarification__c": {
          "datatype": "string",
          "expression": ""
        },
        "Advisory_Other_Reason_Code_Details__c": {
          "datatype": "string",
          "expression": ""
        },
        "Segment__c": {
          "datatype": "string",
          "expression": ""
        },
        "Restrict_Mail__c": {
          "datatype": "string",
          "expression": ""
        }
      }
    }
  ],
  "connections": [
    {
      "from_instance": "FILTRANS1",
      "from_field": "LastModifiedByAlias",
      "to_instance": "TODAY_PARTY_REL_XFORM_PRTPR",
      "to_field": "last_updated_by"
    },
    {
      "from_instance": "FILTRANS1",
      "from_field": "CreatedByAlias",
      "to_instance": "TODAY_PARTY_REL_XFORM_PRTPR",
      "to_field": "created_by"
    },
    {
      "from_instance": "FILTRANS1",
      "from_field": "MAPPING_NAME",
      "to_instance": "TODAY_PARTY_REL_XFORM_PRTPR",
      "to_field": "mapping_name"
    },
    {
      "from_instance": "FILTRANS1",
      "from_field": "DEFERRED_OWNERSHIP_IND",
      "to_instance": "TODAY_PARTY_REL_XFORM_PRTPR",
      "to_field": "DEFERRED_OWNERSHIP_IND"
    },
    {
      "from_instance": "FILTRANS1",
      "from_field": "tosourcesystem",
      "to_instance": "TODAY_PARTY_REL_XFORM_PRTPR",
      "to_field": "to_party_source_system"
    },
    {
      "from_instance": "FILTRANS1",
      "from_field": "from_party_role_id_out",
      "to_instance": "TODAY_PARTY_REL_XFORM_PRTPR",
      "to_field": "from_source_party_role_id"
    },
    {
      "from_instance": "FILTRANS1",
      "from_field": "to_party_role_id_out",
      "to_instance": "TODAY_PARTY_REL_XFORM_PRTPR",
      "to_field": "to_source_party_role_id"
    },
    {
      "from_instance": "FILTRANS1",
      "from_field": "fromsourcesystem",
      "to_instance": "TODAY_PARTY_REL_XFORM_PRTPR",
      "to_field": "from_party_source_system"
    },
    {
      "from_instance": "FILTRANS1",
      "from_field": "SOURCE_PARTY_RLNSP_ID",
      "to_instance": "TODAY_PARTY_REL_XFORM_PRTPR",
      "to_field": "source_party_rlnsp_id"
    },
    {
      "from_instance": "FILTRANS1",
      "from_field": "CreatedDate",
      "to_instance": "TODAY_PARTY_REL_XFORM_PRTPR",
      "to_field": "created_date"
    },
    {
      "from_instance": "FILTRANS1",
      "from_field": "LastModifiedDate",
      "to_instance": "TODAY_PARTY_REL_XFORM_PRTPR",
      "to_field": "last_updated_date"
    },
    {
      "from_instance": "FILTRANS1",
      "from_field": "Relationship_Status_out",
      "to_instance": "TODAY_PARTY_REL_XFORM_PRTPR",
      "to_field": "status_id"
    },
    {
      "from_instance": "FILTRANS1",
      "from_field": "PRIMARY_INDICATOR",
      "to_instance": "TODAY_PARTY_REL_XFORM_PRTPR",
      "to_field": "primary_indicator"
    },
    {
      "from_instance": "FILTRANS1",
      "from_field": "Relationship_Type_out",
      "to_instance": "TODAY_PARTY_REL_XFORM_PRTPR",
      "to_field": "relationship_type_id"
    },
    {
      "from_instance": "FILTRANS1",
      "from_field": "Source_System_Name",
      "to_instance": "TODAY_PARTY_REL_XFORM_PRTPR",
      "to_field": "source_system"
    },
    {
      "from_instance": "FILTRANS",
      "from_field": "PRIMARY_INDICATOR",
      "to_instance": "TODAY_PARTY_REL_XFORM_SFDC_PTP",
      "to_field": "primary_indicator"
    },
    {
      "from_instance": "FILTRANS",
      "from_field": "LastModifiedByAlias",
      "to_instance": "TODAY_PARTY_REL_XFORM_SFDC_PTP",
      "to_field": "last_updated_by"
    },
    {
      "from_instance": "FILTRANS",
      "from_field": "CreatedByAlias",
      "to_instance": "TODAY_PARTY_REL_XFORM_SFDC_PTP",
      "to_field": "created_by"
    },
    {
      "from_instance": "FILTRANS",
      "from_field": "SOURCE_PARTY_RLNSP_ID",
      "to_instance": "TODAY_PARTY_REL_XFORM_SFDC_PTP",
      "to_field": "source_party_rlnsp_id"
    },
    {
      "from_instance": "FILTRANS",
      "from_field": "FromParentSourceSystem",
      "to_instance": "TODAY_PARTY_REL_XFORM_SFDC_PTP",
      "to_field": "from_party_source_system"
    },
    {
      "from_instance": "FILTRANS",
      "from_field": "ToParentSourceSystem",
      "to_instance": "TODAY_PARTY_REL_XFORM_SFDC_PTP",
      "to_field": "to_party_source_system"
    },
    {
      "from_instance": "FILTRANS",
      "from_field": "MAPPING_NAME",
      "to_instance": "TODAY_PARTY_REL_XFORM_SFDC_PTP",
      "to_field": "mapping_name"
    },
    {
      "from_instance": "FILTRANS",
      "from_field": "CreatedDate",
      "to_instance": "TODAY_PARTY_REL_XFORM_SFDC_PTP",
      "to_field": "created_date"
    },
    {
      "from_instance": "FILTRANS",
      "from_field": "LastModifiedDate",
      "to_instance": "TODAY_PARTY_REL_XFORM_SFDC_PTP",
      "to_field": "last_updated_date"
    },
    {
      "from_instance": "FILTRANS",
      "from_field": "Relationship_Status_out",
      "to_instance": "TODAY_PARTY_REL_XFORM_SFDC_PTP",
      "to_field": "status_id"
    },
    {
      "from_instance": "FILTRANS",
      "from_field": "ParentId_Out",
      "to_instance": "TODAY_PARTY_REL_XFORM_SFDC_PTP",
      "to_field": "to_source_party_id"
    },
    {
      "from_instance": "FILTRANS",
      "from_field": "Id_Out",
      "to_instance": "TODAY_PARTY_REL_XFORM_SFDC_PTP",
      "to_field": "from_source_party_id"
    },
    {
      "from_instance": "FILTRANS",
      "from_field": "Relationship_Type_out",
      "to_instance": "TODAY_PARTY_REL_XFORM_SFDC_PTP",
      "to_field": "relationship_type_id"
    },
    {
      "from_instance": "FILTRANS",
      "from_field": "Source_System_Name",
      "to_instance": "TODAY_PARTY_REL_XFORM_SFDC_PTP",
      "to_field": "source_system"
    },
    {
      "from_instance": "FILTRANS",
      "from_field": "DEFERRED_OWNERSHIP_IND",
      "to_instance": "TODAY_PARTY_REL_XFORM_SFDC_PTP",
      "to_field": "DEFERRED_OWNERSHIP_IND"
    },
    {
      "from_instance": "pre_land_sfdc_office1",
      "from_field": "Segment__c",
      "to_instance": "SQ_pre_land_sfdc_office_prtpr",
      "to_field": "Segment__c"
    },
    {
      "from_instance": "pre_land_sfdc_office1",
      "from_field": "Restrict_Mail__c",
      "to_instance": "SQ_pre_land_sfdc_office_prtpr",
      "to_field": "Restrict_Mail__c"
    },
    {
      "from_instance": "pre_land_sfdc_office1",
      "from_field": "Id",
      "to_instance": "SQ_pre_land_sfdc_office_prtpr",
      "to_field": "Id"
    },
    {
      "from_instance": "pre_land_sfdc_office1",
      "from_field": "ParentId",
      "to_instance": "SQ_pre_land_sfdc_office_prtpr",
      "to_field": "ParentId"
    },
    {
      "from_instance": "pre_land_sfdc_office1",
      "from_field": "Tier__c",
      "to_instance": "SQ_pre_land_sfdc_office_prtpr",
      "to_field": "Tier__c"
    },
    {
      "from_instance": "pre_land_sfdc_office1",
      "from_field": "Status__c",
      "to_instance": "SQ_pre_land_sfdc_office_prtpr",
      "to_field": "Status__c"
    },
    {
      "from_instance": "pre_land_sfdc_office1",
      "from_field": "RecordTypeName",
      "to_instance": "SQ_pre_land_sfdc_office_prtpr",
      "to_field": "RecordTypeName"
    },
    {
      "from_instance": "pre_land_sfdc_office1",
      "from_field": "Type",
      "to_instance": "SQ_pre_land_sfdc_office_prtpr",
      "to_field": "Type"
    },
    {
      "from_instance": "pre_land_sfdc_office1",
      "from_field": "Direct__c",
      "to_instance": "SQ_pre_land_sfdc_office_prtpr",
      "to_field": "Direct__c"
    },
    {
      "from_instance": "pre_land_sfdc_office1",
      "from_field": "Office_Name_Short__c",
      "to_instance": "SQ_pre_land_sfdc_office_prtpr",
      "to_field": "Office_Name_Short__c"
    },
    {
      "from_instance": "pre_land_sfdc_office1",
      "from_field": "Name",
      "to_instance": "SQ_pre_land_sfdc_office_prtpr",
      "to_field": "Name"
    },
    {
      "from_instance": "pre_land_sfdc_office1",
      "from_field": "Marketing_Email_Restriction__c",
      "to_instance": "SQ_pre_land_sfdc_office_prtpr",
      "to_field": "Marketing_Email_Restriction__c"
    },
    {
      "from_instance": "pre_land_sfdc_office1",
      "from_field": "Office_ID__c",
      "to_instance": "SQ_pre_land_sfdc_office_prtpr",
      "to_field": "Office_ID__c"
    },
    {
      "from_instance": "pre_land_sfdc_office1",
      "from_field": "BillingStreet",
      "to_instance": "SQ_pre_land_sfdc_office_prtpr",
      "to_field": "BillingStreet"
    },
    {
      "from_instance": "pre_land_sfdc_office1",
      "from_field": "BillingCity",
      "to_instance": "SQ_pre_land_sfdc_office_prtpr",
      "to_field": "BillingCity"
    },
    {
      "from_instance": "pre_land_sfdc_office1",
      "from_field": "CreatedDate",
      "to_instance": "SQ_pre_land_sfdc_office_prtpr",
      "to_field": "CreatedDate"
    },
    {
      "from_instance": "pre_land_sfdc_office1",
      "from_field": "BillingState",
      "to_instance": "SQ_pre_land_sfdc_office_prtpr",
      "to_field": "BillingState"
    },
    {
      "from_instance": "pre_land_sfdc_office1",
      "from_field": "BillingPostalCode",
      "to_instance": "SQ_pre_land_sfdc_office_prtpr",
      "to_field": "BillingPostalCode"
    },
    {
      "from_instance": "pre_land_sfdc_office1",
      "from_field": "BillingCountry",
      "to_instance": "SQ_pre_land_sfdc_office_prtpr",
      "to_field": "BillingCountry"
    },
    {
      "from_instance": "pre_land_sfdc_office1",
      "from_field": "IsDeleted",
      "to_instance": "SQ_pre_land_sfdc_office_prtpr",
      "to_field": "IsDeleted"
    },
    {
      "from_instance": "pre_land_sfdc_office1",
      "from_field": "CreatedByAlias",
      "to_instance": "SQ_pre_land_sfdc_office_prtpr",
      "to_field": "CreatedByAlias"
    },
    {
      "from_instance": "pre_land_sfdc_office1",
      "from_field": "LastModifiedByAlias",
      "to_instance": "SQ_pre_land_sfdc_office_prtpr",
      "to_field": "LastModifiedByAlias"
    },
    {
      "from_instance": "pre_land_sfdc_office1",
      "from_field": "LastModifiedDate",
      "to_instance": "SQ_pre_land_sfdc_office_prtpr",
      "to_field": "LastModifiedDate"
    },
    {
      "from_instance": "pre_land_sfdc_office1",
      "from_field": "GU_ID__c",
      "to_instance": "SQ_pre_land_sfdc_office_prtpr",
      "to_field": "GU_ID__c"
    },
    {
      "from_instance": "pre_land_sfdc_office1",
      "from_field": "Source_System_Name",
      "to_instance": "SQ_pre_land_sfdc_office_prtpr",
      "to_field": "Source_System_Name"
    },
    {
      "from_instance": "pre_land_sfdc_office1",
      "from_field": "Primary_Address_Type__c",
      "to_instance": "SQ_pre_land_sfdc_office_prtpr",
      "to_field": "Primary_Address_Type__c"
    },
    {
      "from_instance": "pre_land_sfdc_office1",
      "from_field": "Secondary_Address_Type__c",
      "to_instance": "SQ_pre_land_sfdc_office_prtpr",
      "to_field": "Secondary_Address_Type__c"
    },
    {
      "from_instance": "pre_land_sfdc_office1",
      "from_field": "Location_Type__c",
      "to_instance": "SQ_pre_land_sfdc_office_prtpr",
      "to_field": "Location_Type__c"
    },
    {
      "from_instance": "pre_land_sfdc_office1",
      "from_field": "shippingstreet",
      "to_instance": "SQ_pre_land_sfdc_office_prtpr",
      "to_field": "shippingstreet"
    },
    {
      "from_instance": "pre_land_sfdc_office1",
      "from_field": "shippingcity",
      "to_instance": "SQ_pre_land_sfdc_office_prtpr",
      "to_field": "shippingcity"
    },
    {
      "from_instance": "pre_land_sfdc_office1",
      "from_field": "shippingstate",
      "to_instance": "SQ_pre_land_sfdc_office_prtpr",
      "to_field": "shippingstate"
    },
    {
      "from_instance": "pre_land_sfdc_office1",
      "from_field": "shippingpostalcode",
      "to_instance": "SQ_pre_land_sfdc_office_prtpr",
      "to_field": "shippingpostalcode"
    },
    {
      "from_instance": "pre_land_sfdc_office1",
      "from_field": "ShipingCountry",
      "to_instance": "SQ_pre_land_sfdc_office_prtpr",
      "to_field": "ShipingCountry"
    },
    {
      "from_instance": "pre_land_sfdc_office1",
      "from_field": "Phone",
      "to_instance": "SQ_pre_land_sfdc_office_prtpr",
      "to_field": "Phone"
    },
    {
      "from_instance": "pre_land_sfdc_office1",
      "from_field": "Fax",
      "to_instance": "SQ_pre_land_sfdc_office_prtpr",
      "to_field": "Fax"
    },
    {
      "from_instance": "pre_land_sfdc_office1",
      "from_field": "Website",
      "to_instance": "SQ_pre_land_sfdc_office_prtpr",
      "to_field": "Website"
    },
    {
      "from_instance": "pre_land_sfdc_office1",
      "from_field": "W_9__c",
      "to_instance": "SQ_pre_land_sfdc_office_prtpr",
      "to_field": "W_9__c"
    },
    {
      "from_instance": "pre_land_sfdc_office1",
      "from_field": "Primary_Channel__c",
      "to_instance": "SQ_pre_land_sfdc_office_prtpr",
      "to_field": "Primary_Channel__c"
    },
    {
      "from_instance": "pre_land_sfdc_office1",
      "from_field": "Advisory_Segmentation__c",
      "to_instance": "SQ_pre_land_sfdc_office_prtpr",
      "to_field": "Advisory_Segmentation__c"
    },
    {
      "from_instance": "pre_land_sfdc_office1",
      "from_field": "Advisory_Reason_Code__c",
      "to_instance": "SQ_pre_land_sfdc_office_prtpr",
      "to_field": "Advisory_Reason_Code__c"
    },
    {
      "from_instance": "pre_land_sfdc_office1",
      "from_field": "Advisory_Reason_Code_Clarification__c",
      "to_instance": "SQ_pre_land_sfdc_office_prtpr",
      "to_field": "Advisory_Reason_Code_Clarification__c"
    },
    {
      "from_instance": "pre_land_sfdc_office1",
      "from_field": "Advisory_Other_Reason_Code_Details__c",
      "to_instance": "SQ_pre_land_sfdc_office_prtpr",
      "to_field": "Advisory_Other_Reason_Code_Details__c"
    },
    {
      "from_instance": "pre_land_sfdc_office_sfdc_ptp",
      "from_field": "shippingpostalcode",
      "to_instance": "SQ_pre_land_sfdc_office",
      "to_field": "shippingpostalcode"
    },
    {
      "from_instance": "pre_land_sfdc_office_sfdc_ptp",
      "from_field": "ShipingCountry",
      "to_instance": "SQ_pre_land_sfdc_office",
      "to_field": "ShipingCountry"
    },
    {
      "from_instance": "pre_land_sfdc_office_sfdc_ptp",
      "from_field": "Phone",
      "to_instance": "SQ_pre_land_sfdc_office",
      "to_field": "Phone"
    },
    {
      "from_instance": "pre_land_sfdc_office_sfdc_ptp",
      "from_field": "Fax",
      "to_instance": "SQ_pre_land_sfdc_office",
      "to_field": "Fax"
    },
    {
      "from_instance": "pre_land_sfdc_office_sfdc_ptp",
      "from_field": "Website",
      "to_instance": "SQ_pre_land_sfdc_office",
      "to_field": "Website"
    },
    {
      "from_instance": "pre_land_sfdc_office_sfdc_ptp",
      "from_field": "W_9__c",
      "to_instance": "SQ_pre_land_sfdc_office",
      "to_field": "W_9__c"
    },
    {
      "from_instance": "pre_land_sfdc_office_sfdc_ptp",
      "from_field": "Primary_Channel__c",
      "to_instance": "SQ_pre_land_sfdc_office",
      "to_field": "Primary_Channel__c"
    },
    {
      "from_instance": "pre_land_sfdc_office_sfdc_ptp",
      "from_field": "Advisory_Segmentation__c",
      "to_instance": "SQ_pre_land_sfdc_office",
      "to_field": "Advisory_Segmentation__c"
    },
    {
      "from_instance": "pre_land_sfdc_office_sfdc_ptp",
      "from_field": "Advisory_Reason_Code__c",
      "to_instance": "SQ_pre_land_sfdc_office",
      "to_field": "Advisory_Reason_Code__c"
    },
    {
      "from_instance": "pre_land_sfdc_office_sfdc_ptp",
      "from_field": "Advisory_Reason_Code_Clarification__c",
      "to_instance": "SQ_pre_land_sfdc_office",
      "to_field": "Advisory_Reason_Code_Clarification__c"
    },
    {
      "from_instance": "pre_land_sfdc_office_sfdc_ptp",
      "from_field": "Advisory_Other_Reason_Code_Details__c",
      "to_instance": "SQ_pre_land_sfdc_office",
      "to_field": "Advisory_Other_Reason_Code_Details__c"
    },
    {
      "from_instance": "pre_land_sfdc_office_sfdc_ptp",
      "from_field": "Segment__c",
      "to_instance": "SQ_pre_land_sfdc_office",
      "to_field": "Segment__c"
    },
    {
      "from_instance": "pre_land_sfdc_office_sfdc_ptp",
      "from_field": "Restrict_Mail__c",
      "to_instance": "SQ_pre_land_sfdc_office",
      "to_field": "Restrict_Mail__c"
    },
    {
      "from_instance": "pre_land_sfdc_office_sfdc_ptp",
      "from_field": "Name",
      "to_instance": "SQ_pre_land_sfdc_office",
      "to_field": "Name"
    },
    {
      "from_instance": "pre_land_sfdc_office_sfdc_ptp",
      "from_field": "Marketing_Email_Restriction__c",
      "to_instance": "SQ_pre_land_sfdc_office",
      "to_field": "Marketing_Email_Restriction__c"
    },
    {
      "from_instance": "pre_land_sfdc_office_sfdc_ptp",
      "from_field": "Office_ID__c",
      "to_instance": "SQ_pre_land_sfdc_office",
      "to_field": "Office_ID__c"
    },
    {
      "from_instance": "pre_land_sfdc_office_sfdc_ptp",
      "from_field": "BillingStreet",
      "to_instance": "SQ_pre_land_sfdc_office",
      "to_field": "BillingStreet"
    },
    {
      "from_instance": "pre_land_sfdc_office_sfdc_ptp",
      "from_field": "ParentId",
      "to_instance": "SQ_pre_land_sfdc_office",
      "to_field": "ParentId"
    },
    {
      "from_instance": "pre_land_sfdc_office_sfdc_ptp",
      "from_field": "BillingCity",
      "to_instance": "SQ_pre_land_sfdc_office",
      "to_field": "BillingCity"
    },
    {
      "from_instance": "pre_land_sfdc_office_sfdc_ptp",
      "from_field": "BillingState",
      "to_instance": "SQ_pre_land_sfdc_office",
      "to_field": "BillingState"
    },
    {
      "from_instance": "pre_land_sfdc_office_sfdc_ptp",
      "from_field": "Id",
      "to_instance": "SQ_pre_land_sfdc_office",
      "to_field": "Id"
    },
    {
      "from_instance": "pre_land_sfdc_office_sfdc_ptp",
      "from_field": "Tier__c",
      "to_instance": "SQ_pre_land_sfdc_office",
      "to_field": "Tier__c"
    },
    {
      "from_instance": "pre_land_sfdc_office_sfdc_ptp",
      "from_field": "Status__c",
      "to_instance": "SQ_pre_land_sfdc_office",
      "to_field": "Status__c"
    },
    {
      "from_instance": "pre_land_sfdc_office_sfdc_ptp",
      "from_field": "RecordTypeName",
      "to_instance": "SQ_pre_land_sfdc_office",
      "to_field": "RecordTypeName"
    },
    {
      "from_instance": "pre_land_sfdc_office_sfdc_ptp",
      "from_field": "Type",
      "to_instance": "SQ_pre_land_sfdc_office",
      "to_field": "Type"
    },
    {
      "from_instance": "pre_land_sfdc_office_sfdc_ptp",
      "from_field": "Direct__c",
      "to_instance": "SQ_pre_land_sfdc_office",
      "to_field": "Direct__c"
    },
    {
      "from_instance": "pre_land_sfdc_office_sfdc_ptp",
      "from_field": "Office_Name_Short__c",
      "to_instance": "SQ_pre_land_sfdc_office",
      "to_field": "Office_Name_Short__c"
    },
    {
      "from_instance": "pre_land_sfdc_office_sfdc_ptp",
      "from_field": "BillingPostalCode",
      "to_instance": "SQ_pre_land_sfdc_office",
      "to_field": "BillingPostalCode"
    },
    {
      "from_instance": "pre_land_sfdc_office_sfdc_ptp",
      "from_field": "BillingCountry",
      "to_instance": "SQ_pre_land_sfdc_office",
      "to_field": "BillingCountry"
    },
    {
      "from_instance": "pre_land_sfdc_office_sfdc_ptp",
      "from_field": "IsDeleted",
      "to_instance": "SQ_pre_land_sfdc_office",
      "to_field": "IsDeleted"
    },
    {
      "from_instance": "pre_land_sfdc_office_sfdc_ptp",
      "from_field": "CreatedByAlias",
      "to_instance": "SQ_pre_land_sfdc_office",
      "to_field": "CreatedByAlias"
    },
    {
      "from_instance": "pre_land_sfdc_office_sfdc_ptp",
      "from_field": "CreatedDate",
      "to_instance": "SQ_pre_land_sfdc_office",
      "to_field": "CreatedDate"
    },
    {
      "from_instance": "pre_land_sfdc_office_sfdc_ptp",
      "from_field": "LastModifiedByAlias",
      "to_instance": "SQ_pre_land_sfdc_office",
      "to_field": "LastModifiedByAlias"
    },
    {
      "from_instance": "pre_land_sfdc_office_sfdc_ptp",
      "from_field": "LastModifiedDate",
      "to_instance": "SQ_pre_land_sfdc_office",
      "to_field": "LastModifiedDate"
    },
    {
      "from_instance": "pre_land_sfdc_office_sfdc_ptp",
      "from_field": "GU_ID__c",
      "to_instance": "SQ_pre_land_sfdc_office",
      "to_field": "GU_ID__c"
    },
    {
      "from_instance": "pre_land_sfdc_office_sfdc_ptp",
      "from_field": "Source_System_Name",
      "to_instance": "SQ_pre_land_sfdc_office",
      "to_field": "Source_System_Name"
    },
    {
      "from_instance": "pre_land_sfdc_office_sfdc_ptp",
      "from_field": "Primary_Address_Type__c",
      "to_instance": "SQ_pre_land_sfdc_office",
      "to_field": "Primary_Address_Type__c"
    },
    {
      "from_instance": "pre_land_sfdc_office_sfdc_ptp",
      "from_field": "Secondary_Address_Type__c",
      "to_instance": "SQ_pre_land_sfdc_office",
      "to_field": "Secondary_Address_Type__c"
    },
    {
      "from_instance": "pre_land_sfdc_office_sfdc_ptp",
      "from_field": "Location_Type__c",
      "to_instance": "SQ_pre_land_sfdc_office",
      "to_field": "Location_Type__c"
    },
    {
      "from_instance": "pre_land_sfdc_office_sfdc_ptp",
      "from_field": "shippingstreet",
      "to_instance": "SQ_pre_land_sfdc_office",
      "to_field": "shippingstreet"
    },
    {
      "from_instance": "pre_land_sfdc_office_sfdc_ptp",
      "from_field": "shippingcity",
      "to_instance": "SQ_pre_land_sfdc_office",
      "to_field": "shippingcity"
    },
    {
      "from_instance": "pre_land_sfdc_office_sfdc_ptp",
      "from_field": "shippingstate",
      "to_instance": "SQ_pre_land_sfdc_office",
      "to_field": "shippingstate"
    },
    {
      "from_instance": "fltr_as_reqd1",
      "from_field": "ParentId",
      "to_instance": "exp_transformation1",
      "to_field": "ParentId"
    },
    {
      "from_instance": "fltr_as_reqd1",
      "from_field": "CreatedDate",
      "to_instance": "exp_transformation1",
      "to_field": "CreatedDate"
    },
    {
      "from_instance": "fltr_as_reqd1",
      "from_field": "LastModifiedDate",
      "to_instance": "exp_transformation1",
      "to_field": "LastModifiedDate"
    },
    {
      "from_instance": "fltr_as_reqd1",
      "from_field": "Status__c",
      "to_instance": "exp_transformation1",
      "to_field": "Status__c"
    },
    {
      "from_instance": "fltr_as_reqd1",
      "from_field": "Source_System_Name",
      "to_instance": "exp_transformation1",
      "to_field": "Source_System_Name"
    },
    {
      "from_instance": "fltr_as_reqd1",
      "from_field": "LastModifiedByAlias",
      "to_instance": "exp_transformation1",
      "to_field": "LastModifiedByAlias"
    },
    {
      "from_instance": "fltr_as_reqd1",
      "from_field": "CreatedByAlias",
      "to_instance": "exp_transformation1",
      "to_field": "CreatedByAlias"
    },
    {
      "from_instance": "fltr_as_reqd1",
      "from_field": "Direct__c",
      "to_instance": "exp_transformation1",
      "to_field": "Direct__c"
    },
    {
      "from_instance": "fltr_as_reqd1",
      "from_field": "RecordTypeName",
      "to_instance": "exp_transformation1",
      "to_field": "RecordTypeName"
    },
    {
      "from_instance": "fltr_as_reqd1",
      "from_field": "Role__c",
      "to_instance": "exp_transformation1",
      "to_field": "Role__c"
    },
    {
      "from_instance": "fltr_as_reqd1",
      "from_field": "PRIMARY_INDICATOR",
      "to_instance": "exp_transformation1",
      "to_field": "PRIMARY_INDICATOR_OLD"
    },
    {
      "from_instance": "fltr_as_reqd1",
      "from_field": "Id",
      "to_instance": "exp_transformation1",
      "to_field": "Id"
    },
    {
      "from_instance": "fltr_as_reqd1",
      "from_field": "DEFERRED_OWNERSHIP_IND",
      "to_instance": "exp_transformation1",
      "to_field": "DEFERRED_OWNERSHIP_IND"
    },
    {
      "from_instance": "exp_transformation1",
      "from_field": "CreatedDate",
      "to_instance": "FILTRANS1",
      "to_field": "CreatedDate"
    },
    {
      "from_instance": "exp_transformation1",
      "from_field": "LastModifiedDate",
      "to_instance": "FILTRANS1",
      "to_field": "LastModifiedDate"
    },
    {
      "from_instance": "exp_transformation1",
      "from_field": "Relationship_Status_out",
      "to_instance": "FILTRANS1",
      "to_field": "Relationship_Status_out"
    },
    {
      "from_instance": "exp_transformation1",
      "from_field": "Relationship_Type_out",
      "to_instance": "FILTRANS1",
      "to_field": "Relationship_Type_out"
    },
    {
      "from_instance": "exp_transformation1",
      "from_field": "Source_System_Name",
      "to_instance": "FILTRANS1",
      "to_field": "Source_System_Name"
    },
    {
      "from_instance": "exp_transformation1",
      "from_field": "LastModifiedByAlias",
      "to_instance": "FILTRANS1",
      "to_field": "LastModifiedByAlias"
    },
    {
      "from_instance": "exp_transformation1",
      "from_field": "CreatedByAlias",
      "to_instance": "FILTRANS1",
      "to_field": "CreatedByAlias"
    },
    {
      "from_instance": "exp_transformation1",
      "from_field": "from_party_role_id_out",
      "to_instance": "FILTRANS1",
      "to_field": "from_party_role_id_out"
    },
    {
      "from_instance": "exp_transformation1",
      "from_field": "to_party_role_id_out",
      "to_instance": "FILTRANS1",
      "to_field": "to_party_role_id_out"
    },
    {
      "from_instance": "exp_transformation1",
      "from_field": "SOURCE_PARTY_RLNSP_ID",
      "to_instance": "FILTRANS1",
      "to_field": "SOURCE_PARTY_RLNSP_ID"
    },
    {
      "from_instance": "exp_transformation1",
      "from_field": "fromsourcesystem",
      "to_instance": "FILTRANS1",
      "to_field": "fromsourcesystem"
    },
    {
      "from_instance": "exp_transformation1",
      "from_field": "tosourcesystem",
      "to_instance": "FILTRANS1",
      "to_field": "tosourcesystem"
    },
    {
      "from_instance": "exp_transformation1",
      "from_field": "MAPPING_NAME",
      "to_instance": "FILTRANS1",
      "to_field": "MAPPING_NAME"
    },
    {
      "from_instance": "exp_transformation1",
      "from_field": "PRIMARY_INDICATOR_OLD",
      "to_instance": "FILTRANS1",
      "to_field": "PRIMARY_INDICATOR"
    },
    {
      "from_instance": "exp_transformation1",
      "from_field": "DEFERRED_OWNERSHIP_IND",
      "to_instance": "FILTRANS1",
      "to_field": "DEFERRED_OWNERSHIP_IND"
    },
    {
      "from_instance": "fltr_as_reqd",
      "from_field": "LastModifiedDate",
      "to_instance": "exp_transformation",
      "to_field": "LastModifiedDate"
    },
    {
      "from_instance": "fltr_as_reqd",
      "from_field": "Id",
      "to_instance": "exp_transformation",
      "to_field": "Id"
    },
    {
      "from_instance": "fltr_as_reqd",
      "from_field": "ParentId",
      "to_instance": "exp_transformation",
      "to_field": "ParentId"
    },
    {
      "from_instance": "fltr_as_reqd",
      "from_field": "CreatedDate",
      "to_instance": "exp_transformation",
      "to_field": "CreatedDate"
    },
    {
      "from_instance": "fltr_as_reqd",
      "from_field": "Status__c",
      "to_instance": "exp_transformation",
      "to_field": "Status__c"
    },
    {
      "from_instance": "fltr_as_reqd",
      "from_field": "Source_System_Name",
      "to_instance": "exp_transformation",
      "to_field": "Source_System_Name"
    },
    {
      "from_instance": "fltr_as_reqd",
      "from_field": "LastModifiedByAlias",
      "to_instance": "exp_transformation",
      "to_field": "LastModifiedByAlias"
    },
    {
      "from_instance": "fltr_as_reqd",
      "from_field": "CreatedByAlias",
      "to_instance": "exp_transformation",
      "to_field": "CreatedByAlias"
    },
    {
      "from_instance": "fltr_as_reqd",
      "from_field": "Direct__c",
      "to_instance": "exp_transformation",
      "to_field": "Direct__c"
    },
    {
      "from_instance": "fltr_as_reqd",
      "from_field": "RecordTypeName",
      "to_instance": "exp_transformation",
      "to_field": "RecordTypeName"
    },
    {
      "from_instance": "exp_transformation",
      "from_field": "LastModifiedByAlias",
      "to_instance": "FILTRANS",
      "to_field": "LastModifiedByAlias"
    },
    {
      "from_instance": "exp_transformation",
      "from_field": "CreatedByAlias",
      "to_instance": "FILTRANS",
      "to_field": "CreatedByAlias"
    },
    {
      "from_instance": "exp_transformation",
      "from_field": "SOURCE_PARTY_RLNSP_ID",
      "to_instance": "FILTRANS",
      "to_field": "SOURCE_PARTY_RLNSP_ID"
    },
    {
      "from_instance": "exp_transformation",
      "from_field": "FromParentSourceSystem",
      "to_instance": "FILTRANS",
      "to_field": "FromParentSourceSystem"
    },
    {
      "from_instance": "exp_transformation",
      "from_field": "DEFERRED_OWNERSHIP_IND",
      "to_instance": "FILTRANS",
      "to_field": "DEFERRED_OWNERSHIP_IND"
    },
    {
      "from_instance": "exp_transformation",
      "from_field": "ToParentSourceSystem",
      "to_instance": "FILTRANS",
      "to_field": "ToParentSourceSystem"
    },
    {
      "from_instance": "exp_transformation",
      "from_field": "MAPPING_NAME",
      "to_instance": "FILTRANS",
      "to_field": "MAPPING_NAME"
    },
    {
      "from_instance": "exp_transformation",
      "from_field": "Id_Out",
      "to_instance": "FILTRANS",
      "to_field": "Id_Out"
    },
    {
      "from_instance": "exp_transformation",
      "from_field": "Relationship_Status_out",
      "to_instance": "FILTRANS",
      "to_field": "Relationship_Status_out"
    },
    {
      "from_instance": "exp_transformation",
      "from_field": "ParentId_Out",
      "to_instance": "FILTRANS",
      "to_field": "ParentId_Out"
    },
    {
      "from_instance": "exp_transformation",
      "from_field": "CreatedDate",
      "to_instance": "FILTRANS",
      "to_field": "CreatedDate"
    },
    {
      "from_instance": "exp_transformation",
      "from_field": "LastModifiedDate",
      "to_instance": "FILTRANS",
      "to_field": "LastModifiedDate"
    },
    {
      "from_instance": "exp_transformation",
      "from_field": "PRIMARY_INDICATOR",
      "to_instance": "FILTRANS",
      "to_field": "PRIMARY_INDICATOR"
    },
    {
      "from_instance": "exp_transformation",
      "from_field": "Relationship_Type_out",
      "to_instance": "FILTRANS",
      "to_field": "Relationship_Type_out"
    },
    {
      "from_instance": "exp_transformation",
      "from_field": "Source_System_Name",
      "to_instance": "FILTRANS",
      "to_field": "Source_System_Name"
    },
    {
      "from_instance": "SQ_pre_land_sfdc_office",
      "from_field": "RecordTypeName",
      "to_instance": "fltr_as_reqd",
      "to_field": "RecordTypeName"
    },
    {
      "from_instance": "SQ_pre_land_sfdc_office",
      "from_field": "Direct__c",
      "to_instance": "fltr_as_reqd",
      "to_field": "Direct__c"
    },
    {
      "from_instance": "SQ_pre_land_sfdc_office",
      "from_field": "CreatedByAlias",
      "to_instance": "fltr_as_reqd",
      "to_field": "CreatedByAlias"
    },
    {
      "from_instance": "SQ_pre_land_sfdc_office",
      "from_field": "CreatedDate",
      "to_instance": "fltr_as_reqd",
      "to_field": "CreatedDate"
    },
    {
      "from_instance": "SQ_pre_land_sfdc_office",
      "from_field": "LastModifiedByAlias",
      "to_instance": "fltr_as_reqd",
      "to_field": "LastModifiedByAlias"
    },
    {
      "from_instance": "SQ_pre_land_sfdc_office",
      "from_field": "LastModifiedDate",
      "to_instance": "fltr_as_reqd",
      "to_field": "LastModifiedDate"
    },
    {
      "from_instance": "SQ_pre_land_sfdc_office",
      "from_field": "Source_System_Name",
      "to_instance": "fltr_as_reqd",
      "to_field": "Source_System_Name"
    },
    {
      "from_instance": "SQ_pre_land_sfdc_office",
      "from_field": "Id",
      "to_instance": "fltr_as_reqd",
      "to_field": "Id"
    },
    {
      "from_instance": "SQ_pre_land_sfdc_office",
      "from_field": "ParentId",
      "to_instance": "fltr_as_reqd",
      "to_field": "ParentId"
    },
    {
      "from_instance": "SQ_pre_land_sfdc_office",
      "from_field": "Status__c",
      "to_instance": "fltr_as_reqd",
      "to_field": "Status__c"
    },
    {
      "from_instance": "SQ_pre_land_sfdc_office_prtpr",
      "from_field": "Id",
      "to_instance": "fltr_as_reqd1",
      "to_field": "Id"
    },
    {
      "from_instance": "SQ_pre_land_sfdc_office_prtpr",
      "from_field": "ParentId",
      "to_instance": "fltr_as_reqd1",
      "to_field": "ParentId"
    },
    {
      "from_instance": "SQ_pre_land_sfdc_office_prtpr",
      "from_field": "Tier__c",
      "to_instance": "fltr_as_reqd1",
      "to_field": "Status__c"
    },
    {
      "from_instance": "SQ_pre_land_sfdc_office_prtpr",
      "from_field": "Status__c",
      "to_instance": "fltr_as_reqd1",
      "to_field": "RecordTypeName"
    },
    {
      "from_instance": "SQ_pre_land_sfdc_office_prtpr",
      "from_field": "RecordTypeName",
      "to_instance": "fltr_as_reqd1",
      "to_field": "Direct__c"
    },
    {
      "from_instance": "SQ_pre_land_sfdc_office_prtpr",
      "from_field": "Type",
      "to_instance": "fltr_as_reqd1",
      "to_field": "CreatedByAlias"
    },
    {
      "from_instance": "SQ_pre_land_sfdc_office_prtpr",
      "from_field": "Direct__c",
      "to_instance": "fltr_as_reqd1",
      "to_field": "CreatedDate"
    },
    {
      "from_instance": "SQ_pre_land_sfdc_office_prtpr",
      "from_field": "Office_Name_Short__c",
      "to_instance": "fltr_as_reqd1",
      "to_field": "LastModifiedByAlias"
    },
    {
      "from_instance": "SQ_pre_land_sfdc_office_prtpr",
      "from_field": "Name",
      "to_instance": "fltr_as_reqd1",
      "to_field": "LastModifiedDate"
    },
    {
      "from_instance": "SQ_pre_land_sfdc_office_prtpr",
      "from_field": "BillingCity",
      "to_instance": "fltr_as_reqd1",
      "to_field": "DEFERRED_OWNERSHIP_IND"
    },
    {
      "from_instance": "SQ_pre_land_sfdc_office_prtpr",
      "from_field": "Marketing_Email_Restriction__c",
      "to_instance": "fltr_as_reqd1",
      "to_field": "Source_System_Name"
    },
    {
      "from_instance": "SQ_pre_land_sfdc_office_prtpr",
      "from_field": "Office_ID__c",
      "to_instance": "fltr_as_reqd1",
      "to_field": "Role__c"
    },
    {
      "from_instance": "SQ_pre_land_sfdc_office_prtpr",
      "from_field": "BillingStreet",
      "to_instance": "fltr_as_reqd1",
      "to_field": "PRIMARY_INDICATOR"
    }
  ],
  "mappings": [
    {
      "name": "m_landing_sfdc_to_cdm_office_party_rel",
      "instances": [
        {
          "name": "TODAY_PARTY_REL_XFORM_PRTPR",
          "type": "TARGET",
          "transformation": ""
        },
        {
          "name": "TODAY_PARTY_REL_XFORM_SFDC_PTP",
          "type": "TARGET",
          "transformation": ""
        },
        {
          "name": "pre_land_sfdc_office1",
          "type": "SOURCE",
          "transformation": ""
        },
        {
          "name": "pre_land_sfdc_office_sfdc_ptp",
          "type": "SOURCE",
          "transformation": ""
        },
        {
          "name": "exp_transformation1",
          "type": "TRANSFORMATION",
          "transformation": ""
        },
        {
          "name": "lkp_TODAY_PARTY_ROLE_XFORM",
          "type": "TRANSFORMATION",
          "transformation": ""
        },
        {
          "name": "exp_transformation",
          "type": "TRANSFORMATION",
          "transformation": ""
        },
        {
          "name": "lkp_values",
          "type": "TRANSFORMATION",
          "transformation": ""
        },
        {
          "name": "SQ_pre_land_sfdc_office",
          "type": "TRANSFORMATION",
          "transformation": ""
        },
        {
          "name": "fltr_as_reqd",
          "type": "TRANSFORMATION",
          "transformation": ""
        },
        {
          "name": "FILTRANS",
          "type": "TRANSFORMATION",
          "transformation": ""
        },
        {
          "name": "FILTRANS1",
          "type": "TRANSFORMATION",
          "transformation": ""
        },
        {
          "name": "TODAY_PARTY_XFORM_LOOKUP",
          "type": "TRANSFORMATION",
          "transformation": ""
        },
        {
          "name": "fltr_as_reqd1",
          "type": "TRANSFORMATION",
          "transformation": ""
        },
        {
          "name": "SQ_pre_land_sfdc_office_prtpr",
          "type": "TRANSFORMATION",
          "transformation": ""
        }
      ]
    }
  ]
}