{
  "mapping_name": "wf_landing_sfdc_to_cdm_office_party_role",
  "sources": [
    {
      "name": "pre_land_sfdc_org_office_role",
      "type": "",
      "columns": [
        {
          "name": "Id",
          "datatype": "nvarchar",
          "precision": "18",
          "scale": "0"
        },
        {
          "name": "CreatedDate",
          "datatype": "nvarchar",
          "precision": "29",
          "scale": "0"
        },
        {
          "name": "CreatedByAlias",
          "datatype": "nvarchar",
          "precision": "8",
          "scale": "0"
        },
        {
          "name": "LastModifiedDate",
          "datatype": "nvarchar",
          "precision": "29",
          "scale": "0"
        },
        {
          "name": "LastModifiedAlias",
          "datatype": "nvarchar",
          "precision": "8",
          "scale": "0"
        },
        {
          "name": "LastActivityDate",
          "datatype": "nvarchar",
          "precision": "29",
          "scale": "0"
        },
        {
          "name": "Role_Start_Date__c",
          "datatype": "nvarchar",
          "precision": "29",
          "scale": "0"
        },
        {
          "name": "Role_End_Date__c",
          "datatype": "nvarchar",
          "precision": "29",
          "scale": "0"
        },
        {
          "name": "Primary_Role__c",
          "datatype": "nvarchar",
          "precision": "5",
          "scale": "0"
        },
        {
          "name": "Role_Inactivation_Reason__c",
          "datatype": "nvarchar",
          "precision": "255",
          "scale": "0"
        },
        {
          "name": "Role_Status__c",
          "datatype": "nvarchar",
          "precision": "255",
          "scale": "0"
        },
        {
          "name": "Role__c",
          "datatype": "nvarchar",
          "precision": "255",
          "scale": "0"
        },
        {
          "name": "Account_Name__c",
          "datatype": "nvarchar",
          "precision": "18",
          "scale": "0"
        }
      ]
    }
  ],
  "targets": [
    {
      "name": "today_party_role_xform",
      "type": "",
      "columns": [
        {
          "name": "src_rowid",
          "datatype": "bigint",
          "precision": "19",
          "scale": "0"
        },
        {
          "name": "inactivation_reason_id",
          "datatype": "bigint",
          "precision": "19",
          "scale": "0"
        },
        {
          "name": "status_id",
          "datatype": "bigint",
          "precision": "19",
          "scale": "0"
        },
        {
          "name": "primary_indicator",
          "datatype": "nchar",
          "precision": "1",
          "scale": "0"
        },
        {
          "name": "source_party_role_id",
          "datatype": "nvarchar",
          "precision": "255",
          "scale": "0"
        },
        {
          "name": "role_type_id",
          "datatype": "bigint",
          "precision": "19",
          "scale": "0"
        },
        {
          "name": "last_updated_date",
          "datatype": "nvarchar",
          "precision": "23",
          "scale": "0"
        },
        {
          "name": "source_party_id",
          "datatype": "nvarchar",
          "precision": "255",
          "scale": "0"
        },
        {
          "name": "source_system",
          "datatype": "nvarchar",
          "precision": "250",
          "scale": "0"
        },
        {
          "name": "created_by",
          "datatype": "nvarchar",
          "precision": "50",
          "scale": "0"
        },
        {
          "name": "created_date",
          "datatype": "nvarchar",
          "precision": "23",
          "scale": "0"
        },
        {
          "name": "inactivation_date",
          "datatype": "nvarchar",
          "precision": "23",
          "scale": "0"
        },
        {
          "name": "deleted_indicator",
          "datatype": "nchar",
          "precision": "1",
          "scale": "0"
        },
        {
          "name": "last_updated_by",
          "datatype": "nvarchar",
          "precision": "50",
          "scale": "0"
        },
        {
          "name": "sub_role_type_id",
          "datatype": "bigint",
          "precision": "19",
          "scale": "0"
        },
        {
          "name": "parent_source_system",
          "datatype": "nvarchar",
          "precision": "50",
          "scale": "0"
        },
        {
          "name": "org_intermediary_number",
          "datatype": "numeric",
          "precision": "15",
          "scale": "0"
        },
        {
          "name": "org_sga_status_id",
          "datatype": "bigint",
          "precision": "19",
          "scale": "0"
        },
        {
          "name": "dually_registered_ind",
          "datatype": "nchar",
          "precision": "1",
          "scale": "0"
        },
        {
          "name": "org_w9_form_on_file_ind",
          "datatype": "nchar",
          "precision": "1",
          "scale": "0"
        },
        {
          "name": "prsn_primary_rep_id",
          "datatype": "nvarchar",
          "precision": "9",
          "scale": "0"
        },
        {
          "name": "mapping_name",
          "datatype": "nvarchar",
          "precision": "80",
          "scale": "0"
        },
        {
          "name": "org_tpa_soltn_idfct_num",
          "datatype": "nvarchar",
          "precision": "32",
          "scale": "0"
        },
        {
          "name": "GRP_PRIMARY_REP_ID",
          "datatype": "varchar",
          "precision": "9",
          "scale": "0"
        },
        {
          "name": "DEFERRED_OWNERSHIP_IND",
          "datatype": "nchar",
          "precision": "1",
          "scale": "0"
        }
      ]
    }
  ],
  "transformations": [
    {
      "name": "SQ_pre_land_sfdc_org_office_role_SFDC",
      "type": "Source Qualifier",
      "properties": {
        "Id": {
          "datatype": "string",
          "expression": ""
        },
        "CreatedDate": {
          "datatype": "string",
          "expression": ""
        },
        "CreatedByAlias": {
          "datatype": "string",
          "expression": ""
        },
        "LastModifiedDate": {
          "datatype": "string",
          "expression": ""
        },
        "LastModifiedAlias": {
          "datatype": "string",
          "expression": ""
        },
        "Role_End_Date__c": {
          "datatype": "string",
          "expression": ""
        },
        "Role_Status__c": {
          "datatype": "string",
          "expression": ""
        },
        "Role__c": {
          "datatype": "string",
          "expression": ""
        },
        "Account_Name__c": {
          "datatype": "nstring",
          "expression": ""
        }
      }
    },
    {
      "name": "lkp_values",
      "type": "Lookup Procedure",
      "properties": {
        "src_val_in": {
          "datatype": "string",
          "expression": ""
        },
        "attrib_nm_in": {
          "datatype": "string",
          "expression": ""
        },
        "src_sys_nm": {
          "datatype": "string",
          "expression": ""
        },
        "attrib_nm": {
          "datatype": "string",
          "expression": ""
        },
        "src_val": {
          "datatype": "string",
          "expression": ""
        },
        "std_lkup_id": {
          "datatype": "integer",
          "expression": ""
        }
      }
    },
    {
      "name": "FILTRANS",
      "type": "Filter",
      "properties": {
        "Role_End_Date__out": {
          "datatype": "date/time",
          "expression": ""
        },
        "PRIMARY_INDICATOR": {
          "datatype": "string",
          "expression": ""
        },
        "Inactive_Reason_Id_out": {
          "datatype": "bigint",
          "expression": ""
        },
        "Role_Status_Id_out": {
          "datatype": "bigint",
          "expression": ""
        },
        "Role_Type_Id_out": {
          "datatype": "bigint",
          "expression": ""
        },
        "Id_Out": {
          "datatype": "nstring",
          "expression": ""
        },
        "LastModifiedDate": {
          "datatype": "string",
          "expression": ""
        },
        "Source_System_Name": {
          "datatype": "nstring",
          "expression": ""
        },
        "CreatedByAlias": {
          "datatype": "nstring",
          "expression": ""
        },
        "CreatedDate": {
          "datatype": "string",
          "expression": ""
        },
        "LastModifiedByAlias": {
          "datatype": "string",
          "expression": ""
        },
        "SOURCE_PARTY_ROLE_ID": {
          "datatype": "nstring",
          "expression": ""
        },
        "PARENT_SOURCE_SYSTEM": {
          "datatype": "string",
          "expression": ""
        },
        "MAPPING_NAME": {
          "datatype": "string",
          "expression": ""
        },
        "DEFERRED_OWNERSHIP_IND": {
          "datatype": "string",
          "expression": ""
        },
        "FILTER_CONDITION": ""
      }
    },
    {
      "name": "TODAY_PARTY_XFORM_LOOKUP",
      "type": "Lookup Procedure",
      "properties": {
        "SOURCE_PARTY_ID": {
          "datatype": "nstring",
          "expression": ""
        },
        "SOURCE_SYSTEM": {
          "datatype": "nstring",
          "expression": ""
        },
        "IN_Id": {
          "datatype": "string",
          "expression": ""
        }
      }
    },
    {
      "name": "exp_org_role1",
      "type": "Expression",
      "properties": {
        "Account_Name__c": {
          "datatype": "string",
          "expression": "Account_Name__c"
        },
        "CreatedDate": {
          "datatype": "string",
          "expression": "CreatedDate"
        },
        "CreatedByAlias": {
          "datatype": "string",
          "expression": "CreatedByAlias"
        },
        "LastModifiedDate": {
          "datatype": "string",
          "expression": "LastModifiedDate"
        },
        "LastModifiedAlias": {
          "datatype": "string",
          "expression": "LastModifiedAlias"
        },
        "Role_End_Date__c": {
          "datatype": "string",
          "expression": "Role_End_Date__c"
        },
        "Role_Status__c": {
          "datatype": "string",
          "expression": "Role_Status__c"
        },
        "Direct__c": {
          "datatype": "string",
          "expression": "Direct__c"
        },
        "DEFERRED_OWNERSHIP_IND": {
          "datatype": "string",
          "expression": "DEFERRED_OWNERSHIP_IND"
        }
      }
    },
    {
      "name": "exp_lookup_values1",
      "type": "Expression",
      "properties": {
        "Role_End_Date__c": {
          "datatype": "string",
          "expression": ""
        },
        "Role_End_Date__var": {
          "datatype": "date/time",
          "expression": "iif(isnull(Role_End_Date__c),NULL,to_date(Role_End_Date__c))"
        },
        "Role_End_Date__out": {
          "datatype": "date/time",
          "expression": "Role_End_Date__var"
        },
        "PRIMARY_INDICATOR": {
          "datatype": "string",
          "expression": "'N'"
        },
        "Status__c": {
          "datatype": "string",
          "expression": ""
        },
        "Inactive_Reason_Type_var": {
          "datatype": "integer",
          "expression": ":LKP.lkp_values('Inactive','INACTIVATION_REASON_ID')"
        },
        "Inactive_Reason_Type_var2": {
          "datatype": "integer",
          "expression": "iif(Status__c = 'Active',NULL,Inactive_Reason_Type_var)"
        },
        "Inactive_Reason_Id_out": {
          "datatype": "bigint",
          "expression": "Inactive_Reason_Type_var2"
        },
        "Role_Status_Id_var": {
          "datatype": "integer",
          "expression": ":LKP.lkp_values(ltrim(rtrim(Status__c)),'PARTY_ROLE_STATUS_ID')\r\n-- DKAO.  ADDED _ID at the end."
        },
        "Role_Status_Id_var2": {
          "datatype": "bigint",
          "expression": "iif(isnull(Role_Status_Id_var),9999,Role_Status_Id_var)"
        },
        "Role_Status_Id_out": {
          "datatype": "bigint",
          "expression": "Role_Status_Id_var2"
        },
        "Role_Type_Id_var": {
          "datatype": "integer",
          "expression": ":LKP.lkp_values('Standard Office Role','PARTY_ROLE_TYPE_ID')"
        },
        "Role_Type_Id_var2": {
          "datatype": "bigint",
          "expression": "iif(isnull(Role_Type_Id_var),9999,Role_Type_Id_var)"
        },
        "Role_Type_Id_out": {
          "datatype": "bigint",
          "expression": "Role_Type_Id_var2"
        },
        "Source_System": {
          "datatype": "nstring",
          "expression": "'SFDC'"
        },
        "Id": {
          "datatype": "string",
          "expression": ""
        },
        "Id_Out": {
          "datatype": "nstring",
          "expression": "'OFF_'||Id"
        },
        "LastModifiedDate": {
          "datatype": "string",
          "expression": "LastModifiedDate"
        },
        "MAPPING_NAME": {
          "datatype": "string",
          "expression": "$PMMappingName"
        },
        "CreatedByAlias": {
          "datatype": "nstring",
          "expression": "CreatedByAlias"
        },
        "CreatedDate": {
          "datatype": "string",
          "expression": "CreatedDate"
        },
        "LastModifiedByAlias": {
          "datatype": "string",
          "expression": "LastModifiedByAlias"
        },
        "SOURCE_PARTY_ROLE_ID": {
          "datatype": "nstring",
          "expression": "Id||'Standard Office Role'"
        },
        "PARENT_SOURCE_SYSTEM": {
          "datatype": "string",
          "expression": ":LKP.TODAY_PARTY_XFORM_LOOKUP('OFF_'||Id)"
        },
        "DEFERRED_OWNERSHIP_IND": {
          "datatype": "string",
          "expression": "DEFERRED_OWNERSHIP_IND"
        }
      }
    },
    {
      "name": "flt_org_role1",
      "type": "Filter",
      "properties": {
        "Id": {
          "datatype": "string",
          "expression": ""
        },
        "CreatedDate": {
          "datatype": "string",
          "expression": ""
        },
        "CreatedByAlias": {
          "datatype": "string",
          "expression": ""
        },
        "LastModifiedDate": {
          "datatype": "string",
          "expression": ""
        },
        "LastModifiedAlias": {
          "datatype": "string",
          "expression": ""
        },
        "Role_End_Date__c": {
          "datatype": "string",
          "expression": ""
        },
        "Role_Status__c": {
          "datatype": "string",
          "expression": ""
        },
        "Direct__c": {
          "datatype": "string",
          "expression": ""
        },
        "DEFERRED_OWNERSHIP_IND": {
          "datatype": "string",
          "expression": ""
        },
        "FILTER_CONDITION": ""
      }
    }
  ],
  "connections": [
    {
      "from_instance": "FILTRANS",
      "from_field": "Source_System_Name",
      "to_instance": "TODAY_PARTY_ROLE_XFORM_SFDC",
      "to_field": "source_system"
    },
    {
      "from_instance": "FILTRANS",
      "from_field": "CreatedByAlias",
      "to_instance": "TODAY_PARTY_ROLE_XFORM_SFDC",
      "to_field": "created_by"
    },
    {
      "from_instance": "FILTRANS",
      "from_field": "MAPPING_NAME",
      "to_instance": "TODAY_PARTY_ROLE_XFORM_SFDC",
      "to_field": "mapping_name"
    },
    {
      "from_instance": "FILTRANS",
      "from_field": "DEFERRED_OWNERSHIP_IND",
      "to_instance": "TODAY_PARTY_ROLE_XFORM_SFDC",
      "to_field": "DEFERRED_OWNERSHIP_IND"
    },
    {
      "from_instance": "FILTRANS",
      "from_field": "CreatedDate",
      "to_instance": "TODAY_PARTY_ROLE_XFORM_SFDC",
      "to_field": "created_date"
    },
    {
      "from_instance": "FILTRANS",
      "from_field": "LastModifiedByAlias",
      "to_instance": "TODAY_PARTY_ROLE_XFORM_SFDC",
      "to_field": "last_updated_by"
    },
    {
      "from_instance": "FILTRANS",
      "from_field": "SOURCE_PARTY_ROLE_ID",
      "to_instance": "TODAY_PARTY_ROLE_XFORM_SFDC",
      "to_field": "source_party_role_id"
    },
    {
      "from_instance": "FILTRANS",
      "from_field": "PARENT_SOURCE_SYSTEM",
      "to_instance": "TODAY_PARTY_ROLE_XFORM_SFDC",
      "to_field": "parent_source_system"
    },
    {
      "from_instance": "FILTRANS",
      "from_field": "Role_End_Date__out",
      "to_instance": "TODAY_PARTY_ROLE_XFORM_SFDC",
      "to_field": "inactivation_date"
    },
    {
      "from_instance": "FILTRANS",
      "from_field": "PRIMARY_INDICATOR",
      "to_instance": "TODAY_PARTY_ROLE_XFORM_SFDC",
      "to_field": "primary_indicator"
    },
    {
      "from_instance": "FILTRANS",
      "from_field": "Inactive_Reason_Id_out",
      "to_instance": "TODAY_PARTY_ROLE_XFORM_SFDC",
      "to_field": "inactivation_reason_id"
    },
    {
      "from_instance": "FILTRANS",
      "from_field": "Role_Type_Id_out",
      "to_instance": "TODAY_PARTY_ROLE_XFORM_SFDC",
      "to_field": "role_type_id"
    },
    {
      "from_instance": "FILTRANS",
      "from_field": "Role_Status_Id_out",
      "to_instance": "TODAY_PARTY_ROLE_XFORM_SFDC",
      "to_field": "status_id"
    },
    {
      "from_instance": "FILTRANS",
      "from_field": "Id_Out",
      "to_instance": "TODAY_PARTY_ROLE_XFORM_SFDC",
      "to_field": "source_party_id"
    },
    {
      "from_instance": "FILTRANS",
      "from_field": "LastModifiedDate",
      "to_instance": "TODAY_PARTY_ROLE_XFORM_SFDC",
      "to_field": "last_updated_date"
    },
    {
      "from_instance": "pre_land_sfdc_org_office_role_SFDC",
      "from_field": "LastModifiedAlias",
      "to_instance": "SQ_pre_land_sfdc_org_office_role_SFDC",
      "to_field": "LastModifiedAlias"
    },
    {
      "from_instance": "pre_land_sfdc_org_office_role_SFDC",
      "from_field": "Id",
      "to_instance": "SQ_pre_land_sfdc_org_office_role_SFDC",
      "to_field": "Id"
    },
    {
      "from_instance": "pre_land_sfdc_org_office_role_SFDC",
      "from_field": "CreatedDate",
      "to_instance": "SQ_pre_land_sfdc_org_office_role_SFDC",
      "to_field": "CreatedDate"
    },
    {
      "from_instance": "pre_land_sfdc_org_office_role_SFDC",
      "from_field": "CreatedByAlias",
      "to_instance": "SQ_pre_land_sfdc_org_office_role_SFDC",
      "to_field": "CreatedByAlias"
    },
    {
      "from_instance": "pre_land_sfdc_org_office_role_SFDC",
      "from_field": "LastModifiedDate",
      "to_instance": "SQ_pre_land_sfdc_org_office_role_SFDC",
      "to_field": "LastModifiedDate"
    },
    {
      "from_instance": "pre_land_sfdc_org_office_role_SFDC",
      "from_field": "Role_End_Date__c",
      "to_instance": "SQ_pre_land_sfdc_org_office_role_SFDC",
      "to_field": "Role_End_Date__c"
    },
    {
      "from_instance": "pre_land_sfdc_org_office_role_SFDC",
      "from_field": "Account_Name__c",
      "to_instance": "SQ_pre_land_sfdc_org_office_role_SFDC",
      "to_field": "Account_Name__c"
    },
    {
      "from_instance": "pre_land_sfdc_org_office_role_SFDC",
      "from_field": "Role_Status__c",
      "to_instance": "SQ_pre_land_sfdc_org_office_role_SFDC",
      "to_field": "Role_Status__c"
    },
    {
      "from_instance": "pre_land_sfdc_org_office_role_SFDC",
      "from_field": "Role__c",
      "to_instance": "SQ_pre_land_sfdc_org_office_role_SFDC",
      "to_field": "Role__c"
    },
    {
      "from_instance": "SQ_pre_land_sfdc_org_office_role_SFDC",
      "from_field": "Id",
      "to_instance": "flt_org_role1",
      "to_field": "Id"
    },
    {
      "from_instance": "SQ_pre_land_sfdc_org_office_role_SFDC",
      "from_field": "Role_End_Date__c",
      "to_instance": "flt_org_role1",
      "to_field": "Role_End_Date__c"
    },
    {
      "from_instance": "SQ_pre_land_sfdc_org_office_role_SFDC",
      "from_field": "Role_Status__c",
      "to_instance": "flt_org_role1",
      "to_field": "Role_Status__c"
    },
    {
      "from_instance": "SQ_pre_land_sfdc_org_office_role_SFDC",
      "from_field": "Role__c",
      "to_instance": "flt_org_role1",
      "to_field": "Direct__c"
    },
    {
      "from_instance": "SQ_pre_land_sfdc_org_office_role_SFDC",
      "from_field": "CreatedDate",
      "to_instance": "flt_org_role1",
      "to_field": "CreatedDate"
    },
    {
      "from_instance": "SQ_pre_land_sfdc_org_office_role_SFDC",
      "from_field": "CreatedByAlias",
      "to_instance": "flt_org_role1",
      "to_field": "CreatedByAlias"
    },
    {
      "from_instance": "SQ_pre_land_sfdc_org_office_role_SFDC",
      "from_field": "LastModifiedDate",
      "to_instance": "flt_org_role1",
      "to_field": "LastModifiedDate"
    },
    {
      "from_instance": "SQ_pre_land_sfdc_org_office_role_SFDC",
      "from_field": "LastModifiedAlias",
      "to_instance": "flt_org_role1",
      "to_field": "LastModifiedAlias"
    },
    {
      "from_instance": "SQ_pre_land_sfdc_org_office_role_SFDC",
      "from_field": "Account_Name__c",
      "to_instance": "flt_org_role1",
      "to_field": "DEFERRED_OWNERSHIP_IND"
    },
    {
      "from_instance": "exp_lookup_values1",
      "from_field": "Id_Out",
      "to_instance": "FILTRANS",
      "to_field": "Id_Out"
    },
    {
      "from_instance": "exp_lookup_values1",
      "from_field": "LastModifiedDate",
      "to_instance": "FILTRANS",
      "to_field": "LastModifiedDate"
    },
    {
      "from_instance": "exp_lookup_values1",
      "from_field": "CreatedByAlias",
      "to_instance": "FILTRANS",
      "to_field": "CreatedByAlias"
    },
    {
      "from_instance": "exp_lookup_values1",
      "from_field": "CreatedDate",
      "to_instance": "FILTRANS",
      "to_field": "CreatedDate"
    },
    {
      "from_instance": "exp_lookup_values1",
      "from_field": "LastModifiedByAlias",
      "to_instance": "FILTRANS",
      "to_field": "LastModifiedByAlias"
    },
    {
      "from_instance": "exp_lookup_values1",
      "from_field": "SOURCE_PARTY_ROLE_ID",
      "to_instance": "FILTRANS",
      "to_field": "SOURCE_PARTY_ROLE_ID"
    },
    {
      "from_instance": "exp_lookup_values1",
      "from_field": "PARENT_SOURCE_SYSTEM",
      "to_instance": "FILTRANS",
      "to_field": "PARENT_SOURCE_SYSTEM"
    },
    {
      "from_instance": "exp_lookup_values1",
      "from_field": "Source_System",
      "to_instance": "FILTRANS",
      "to_field": "Source_System_Name"
    },
    {
      "from_instance": "exp_lookup_values1",
      "from_field": "MAPPING_NAME",
      "to_instance": "FILTRANS",
      "to_field": "MAPPING_NAME"
    },
    {
      "from_instance": "exp_lookup_values1",
      "from_field": "Role_End_Date__out",
      "to_instance": "FILTRANS",
      "to_field": "Role_End_Date__out"
    },
    {
      "from_instance": "exp_lookup_values1",
      "from_field": "PRIMARY_INDICATOR",
      "to_instance": "FILTRANS",
      "to_field": "PRIMARY_INDICATOR"
    },
    {
      "from_instance": "exp_lookup_values1",
      "from_field": "Inactive_Reason_Id_out",
      "to_instance": "FILTRANS",
      "to_field": "Inactive_Reason_Id_out"
    },
    {
      "from_instance": "exp_lookup_values1",
      "from_field": "Role_Status_Id_out",
      "to_instance": "FILTRANS",
      "to_field": "Role_Status_Id_out"
    },
    {
      "from_instance": "exp_lookup_values1",
      "from_field": "Role_Type_Id_out",
      "to_instance": "FILTRANS",
      "to_field": "Role_Type_Id_out"
    },
    {
      "from_instance": "exp_lookup_values1",
      "from_field": "DEFERRED_OWNERSHIP_IND",
      "to_instance": "FILTRANS",
      "to_field": "DEFERRED_OWNERSHIP_IND"
    },
    {
      "from_instance": "flt_org_role1",
      "from_field": "Direct__c",
      "to_instance": "exp_org_role1",
      "to_field": "Direct__c"
    },
    {
      "from_instance": "flt_org_role1",
      "from_field": "Role_End_Date__c",
      "to_instance": "exp_org_role1",
      "to_field": "Role_End_Date__c"
    },
    {
      "from_instance": "flt_org_role1",
      "from_field": "Role_Status__c",
      "to_instance": "exp_org_role1",
      "to_field": "Role_Status__c"
    },
    {
      "from_instance": "flt_org_role1",
      "from_field": "CreatedDate",
      "to_instance": "exp_org_role1",
      "to_field": "CreatedDate"
    },
    {
      "from_instance": "flt_org_role1",
      "from_field": "CreatedByAlias",
      "to_instance": "exp_org_role1",
      "to_field": "CreatedByAlias"
    },
    {
      "from_instance": "flt_org_role1",
      "from_field": "LastModifiedDate",
      "to_instance": "exp_org_role1",
      "to_field": "LastModifiedDate"
    },
    {
      "from_instance": "flt_org_role1",
      "from_field": "LastModifiedAlias",
      "to_instance": "exp_org_role1",
      "to_field": "LastModifiedAlias"
    },
    {
      "from_instance": "flt_org_role1",
      "from_field": "DEFERRED_OWNERSHIP_IND",
      "to_instance": "exp_org_role1",
      "to_field": "DEFERRED_OWNERSHIP_IND"
    },
    {
      "from_instance": "flt_org_role1",
      "from_field": "Id",
      "to_instance": "exp_org_role1",
      "to_field": "Account_Name__c"
    },
    {
      "from_instance": "exp_org_role1",
      "from_field": "DEFERRED_OWNERSHIP_IND",
      "to_instance": "exp_lookup_values1",
      "to_field": "DEFERRED_OWNERSHIP_IND"
    },
    {
      "from_instance": "exp_org_role1",
      "from_field": "Account_Name__c",
      "to_instance": "exp_lookup_values1",
      "to_field": "Id"
    },
    {
      "from_instance": "exp_org_role1",
      "from_field": "LastModifiedDate",
      "to_instance": "exp_lookup_values1",
      "to_field": "LastModifiedDate"
    },
    {
      "from_instance": "exp_org_role1",
      "from_field": "CreatedDate",
      "to_instance": "exp_lookup_values1",
      "to_field": "CreatedDate"
    },
    {
      "from_instance": "exp_org_role1",
      "from_field": "CreatedByAlias",
      "to_instance": "exp_lookup_values1",
      "to_field": "CreatedByAlias"
    },
    {
      "from_instance": "exp_org_role1",
      "from_field": "LastModifiedAlias",
      "to_instance": "exp_lookup_values1",
      "to_field": "LastModifiedByAlias"
    },
    {
      "from_instance": "exp_org_role1",
      "from_field": "Role_End_Date__c",
      "to_instance": "exp_lookup_values1",
      "to_field": "Role_End_Date__c"
    },
    {
      "from_instance": "exp_org_role1",
      "from_field": "Role_Status__c",
      "to_instance": "exp_lookup_values1",
      "to_field": "Status__c"
    }
  ],
  "mappings": [
    {
      "name": "m_landing_sfdc_to_cdm_office_party_role",
      "instances": [
        {
          "name": "TODAY_PARTY_ROLE_XFORM_SFDC",
          "type": "TARGET",
          "transformation": ""
        },
        {
          "name": "pre_land_sfdc_org_office_role_SFDC",
          "type": "SOURCE",
          "transformation": ""
        },
        {
          "name": "SQ_pre_land_sfdc_org_office_role_SFDC",
          "type": "TRANSFORMATION",
          "transformation": ""
        },
        {
          "name": "lkp_values",
          "type": "TRANSFORMATION",
          "transformation": ""
        },
        {
          "name": "FILTRANS",
          "type": "TRANSFORMATION",
          "transformation": ""
        },
        {
          "name": "TODAY_PARTY_XFORM_LOOKUP",
          "type": "TRANSFORMATION",
          "transformation": ""
        },
        {
          "name": "exp_org_role1",
          "type": "TRANSFORMATION",
          "transformation": ""
        },
        {
          "name": "exp_lookup_values1",
          "type": "TRANSFORMATION",
          "transformation": ""
        },
        {
          "name": "flt_org_role1",
          "type": "TRANSFORMATION",
          "transformation": ""
        }
      ]
    }
  ]
}