{
  "mapping_name": "wf_landing_sfdc_to_cdm_organization_party_rel",
  "sources": [
    {
      "name": "pre_land_sfdc_organization",
      "type": "",
      "columns": [
        {
          "name": "Id",
          "datatype": "nvarchar",
          "precision": "18",
          "scale": "0"
        },
        {
          "name": "ParentId",
          "datatype": "nvarchar",
          "precision": "18",
          "scale": "0"
        },
        {
          "name": "Tier__c",
          "datatype": "nvarchar",
          "precision": "255",
          "scale": "0"
        },
        {
          "name": "Status__c",
          "datatype": "nvarchar",
          "precision": "255",
          "scale": "0"
        },
        {
          "name": "RecordTypeName",
          "datatype": "nvarchar",
          "precision": "80",
          "scale": "0"
        },
        {
          "name": "CRD__c",
          "datatype": "nvarchar",
          "precision": "15",
          "scale": "0"
        },
        {
          "name": "Registration_Type__c",
          "datatype": "nvarchar",
          "precision": "4000",
          "scale": "0"
        },
        {
          "name": "Primary_CG_Org_Owner__c",
          "datatype": "nvarchar",
          "precision": "18",
          "scale": "0"
        },
        {
          "name": "Primary_CG_Org_Owner__r_alias",
          "datatype": "nvarchar",
          "precision": "8",
          "scale": "0"
        },
        {
          "name": "Primary_CG_Org_Owner__r_Associate_ID__c",
          "datatype": "nvarchar",
          "precision": "15",
          "scale": "0"
        },
        {
          "name": "Primary_Channel__c",
          "datatype": "nvarchar",
          "precision": "255",
          "scale": "0"
        },
        {
          "name": "Type",
          "datatype": "nvarchar",
          "precision": "40",
          "scale": "0"
        },
        {
          "name": "Organization_Direct__c",
          "datatype": "nvarchar",
          "precision": "15",
          "scale": "0"
        },
        {
          "name": "Name",
          "datatype": "nvarchar",
          "precision": "255",
          "scale": "0"
        },
        {
          "name": "Marketing_Email_Restriction__c",
          "datatype": "nvarchar",
          "precision": "255",
          "scale": "0"
        },
        {
          "name": "Organization_ID__c",
          "datatype": "nvarchar",
          "precision": "15",
          "scale": "0"
        },
        {
          "name": "BillingStreet",
          "datatype": "nvarchar",
          "precision": "255",
          "scale": "0"
        },
        {
          "name": "BillingCity",
          "datatype": "nvarchar",
          "precision": "40",
          "scale": "0"
        },
        {
          "name": "BillingState",
          "datatype": "nvarchar",
          "precision": "80",
          "scale": "0"
        },
        {
          "name": "BillingPostalCode",
          "datatype": "nvarchar",
          "precision": "20",
          "scale": "0"
        },
        {
          "name": "BillingCountry",
          "datatype": "nvarchar",
          "precision": "80",
          "scale": "0"
        },
        {
          "name": "IsDeleted",
          "datatype": "nvarchar",
          "precision": "5",
          "scale": "0"
        },
        {
          "name": "CreatedByAlias",
          "datatype": "nvarchar",
          "precision": "8",
          "scale": "0"
        },
        {
          "name": "CreatedDate",
          "datatype": "nvarchar",
          "precision": "29",
          "scale": "0"
        },
        {
          "name": "LastModifiedByAlias",
          "datatype": "nvarchar",
          "precision": "8",
          "scale": "0"
        },
        {
          "name": "LastModifiedDate",
          "datatype": "nvarchar",
          "precision": "29",
          "scale": "0"
        },
        {
          "name": "GU_ID__c",
          "datatype": "nvarchar",
          "precision": "18",
          "scale": "0"
        },
        {
          "name": "Source_System_Name",
          "datatype": "nvarchar",
          "precision": "18",
          "scale": "0"
        },
        {
          "name": "Primary_Address_Type__c",
          "datatype": "nvarchar",
          "precision": "255",
          "scale": "0"
        },
        {
          "name": "Secondary_Address_Type__c",
          "datatype": "nvarchar",
          "precision": "255",
          "scale": "0"
        },
        {
          "name": "Location_Type__c",
          "datatype": "nvarchar",
          "precision": "255",
          "scale": "0"
        },
        {
          "name": "Legal_Name__c",
          "datatype": "nvarchar",
          "precision": "255",
          "scale": "0"
        },
        {
          "name": "SEC__c",
          "datatype": "nvarchar",
          "precision": "25",
          "scale": "0"
        },
        {
          "name": "ShippingStreet",
          "datatype": "nvarchar",
          "precision": "255",
          "scale": "0"
        },
        {
          "name": "ShippingCity",
          "datatype": "nvarchar",
          "precision": "40",
          "scale": "0"
        },
        {
          "name": "ShippingState",
          "datatype": "nvarchar",
          "precision": "80",
          "scale": "0"
        },
        {
          "name": "ShippingPostalCode",
          "datatype": "nvarchar",
          "precision": "20",
          "scale": "0"
        },
        {
          "name": "ShippingCountry",
          "datatype": "nvarchar",
          "precision": "80",
          "scale": "0"
        },
        {
          "name": "Corporate_Structure__c",
          "datatype": "nvarchar",
          "precision": "255",
          "scale": "0"
        },
        {
          "name": "Inactivated_Date__c",
          "datatype": "nvarchar",
          "precision": "29",
          "scale": "0"
        },
        {
          "name": "Org_Tax_ID_Number__c",
          "datatype": "nvarchar",
          "precision": "50",
          "scale": "0"
        },
        {
          "name": "Phone",
          "datatype": "nvarchar",
          "precision": "40",
          "scale": "0"
        },
        {
          "name": "Fax",
          "datatype": "nvarchar",
          "precision": "40",
          "scale": "0"
        },
        {
          "name": "Website",
          "datatype": "nvarchar",
          "precision": "255",
          "scale": "0"
        },
        {
          "name": "Advisory_Other_Reason_Code_Details__c",
          "datatype": "nvarchar",
          "precision": "255",
          "scale": "0"
        },
        {
          "name": "Advisory_Reason_Code__c",
          "datatype": "nvarchar",
          "precision": "255",
          "scale": "0"
        },
        {
          "name": "Advisory_Reason_Code_Clarification__c",
          "datatype": "nvarchar",
          "precision": "255",
          "scale": "0"
        },
        {
          "name": "Advisory_Segmentation__c",
          "datatype": "nvarchar",
          "precision": "255",
          "scale": "0"
        },
        {
          "name": "Segmentation__c",
          "datatype": "nvarchar",
          "precision": "255",
          "scale": "0"
        },
        {
          "name": "channel__c",
          "datatype": "nvarchar",
          "precision": "255",
          "scale": "0"
        },
        {
          "name": "W_9__c",
          "datatype": "nvarchar",
          "precision": "255",
          "scale": "0"
        },
        {
          "name": "Segment__c",
          "datatype": "nvarchar",
          "precision": "255",
          "scale": "0"
        },
        {
          "name": "Restrict_Mail__c",
          "datatype": "nvarchar",
          "precision": "5",
          "scale": "0"
        },
        {
          "name": "Roles__c",
          "datatype": "nvarchar",
          "precision": "255",
          "scale": "0"
        },
        {
          "name": "Email_address__c",
          "datatype": "nvarchar",
          "precision": "255",
          "scale": "0"
        },
        {
          "name": "Entitiy_Name_DORIS_SOFI__c",
          "datatype": "nvarchar",
          "precision": "255",
          "scale": "0"
        },
        {
          "name": "Role_Stage__c",
          "datatype": "varchar",
          "precision": "255",
          "scale": "0"
        },
        {
          "name": "Client_RM_CRA__c",
          "datatype": "varchar",
          "precision": "255",
          "scale": "0"
        },
        {
          "name": "Service_Tier__c",
          "datatype": "varchar",
          "precision": "255",
          "scale": "0"
        },
        {
          "name": "RM_Institutional__c",
          "datatype": "varchar",
          "precision": "255",
          "scale": "0"
        },
        {
          "name": "Covered_Plan_Sponsor__c",
          "datatype": "nvarchar",
          "precision": "5",
          "scale": "0"
        },
        {
          "name": "external_id_c",
          "datatype": "nvarchar",
          "precision": "255",
          "scale": "0"
        },
        {
          "name": "Aggregator__c",
          "datatype": "nvarchar",
          "precision": "255",
          "scale": "0"
        },
        {
          "name": "Sector__c",
          "datatype": "nvarchar",
          "precision": "255",
          "scale": "0"
        },
        {
          "name": "Definer__c",
          "datatype": "nvarchar",
          "precision": "255",
          "scale": "0"
        },
        {
          "name": "Reserverd_3",
          "datatype": "nvarchar",
          "precision": "18",
          "scale": "0"
        },
        {
          "name": "Reserverd_4",
          "datatype": "nvarchar",
          "precision": "18",
          "scale": "0"
        },
        {
          "name": "Reserverd_5",
          "datatype": "nvarchar",
          "precision": "18",
          "scale": "0"
        }
      ]
    }
  ],
  "targets": [
    {
      "name": "today_party_rel_xform",
      "type": "",
      "columns": [
        {
          "name": "src_rowid",
          "datatype": "bigint",
          "precision": "19",
          "scale": "0"
        },
        {
          "name": "status_id",
          "datatype": "bigint",
          "precision": "19",
          "scale": "0"
        },
        {
          "name": "primary_indicator",
          "datatype": "nchar",
          "precision": "1",
          "scale": "0"
        },
        {
          "name": "to_source_party_id",
          "datatype": "nvarchar",
          "precision": "50",
          "scale": "0"
        },
        {
          "name": "last_updated_date",
          "datatype": "datetime2",
          "precision": "27",
          "scale": "7"
        },
        {
          "name": "from_source_party_id",
          "datatype": "nvarchar",
          "precision": "50",
          "scale": "0"
        },
        {
          "name": "source_system",
          "datatype": "nvarchar",
          "precision": "50",
          "scale": "0"
        },
        {
          "name": "created_by",
          "datatype": "nvarchar",
          "precision": "50",
          "scale": "0"
        },
        {
          "name": "created_date",
          "datatype": "datetime2",
          "precision": "27",
          "scale": "7"
        },
        {
          "name": "from_source_party_role_id",
          "datatype": "nvarchar",
          "precision": "255",
          "scale": "0"
        },
        {
          "name": "sales_split_percentage",
          "datatype": "numeric",
          "precision": "4",
          "scale": "4"
        },
        {
          "name": "deleted_indicator",
          "datatype": "nchar",
          "precision": "1",
          "scale": "0"
        },
        {
          "name": "last_updated_by",
          "datatype": "nvarchar",
          "precision": "50",
          "scale": "0"
        },
        {
          "name": "to_source_party_role_id",
          "datatype": "nvarchar",
          "precision": "255",
          "scale": "0"
        },
        {
          "name": "source_party_rlnsp_id",
          "datatype": "nvarchar",
          "precision": "255",
          "scale": "0"
        },
        {
          "name": "relationship_type_id",
          "datatype": "bigint",
          "precision": "19",
          "scale": "0"
        },
        {
          "name": "from_party_source_system",
          "datatype": "nvarchar",
          "precision": "50",
          "scale": "0"
        },
        {
          "name": "to_party_source_system",
          "datatype": "nvarchar",
          "precision": "50",
          "scale": "0"
        },
        {
          "name": "mapping_name",
          "datatype": "nvarchar",
          "precision": "80",
          "scale": "0"
        },
        {
          "name": "DEFERRED_OWNERSHIP_IND",
          "datatype": "nchar",
          "precision": "1",
          "scale": "0"
        },
        {
          "name": "primary_mrg_downgrade_ind",
          "datatype": "nchar",
          "precision": "1",
          "scale": "0"
        }
      ]
    }
  ],
  "transformations": [
    {
      "name": "fltr_as_reqrd",
      "type": "Filter",
      "properties": {
        "Id": {
          "datatype": "string",
          "expression": ""
        },
        "ParentId": {
          "datatype": "string",
          "expression": ""
        },
        "CreatedDate": {
          "datatype": "string",
          "expression": ""
        },
        "LastModifiedDate": {
          "datatype": "string",
          "expression": ""
        },
        "Status__c": {
          "datatype": "string",
          "expression": ""
        },
        "Source_System_Name": {
          "datatype": "string",
          "expression": ""
        },
        "LastModifiedByAlias": {
          "datatype": "string",
          "expression": ""
        },
        "CreatedByAlias": {
          "datatype": "string",
          "expression": ""
        },
        "Source_System_Name1": {
          "datatype": "string",
          "expression": ""
        },
        "RecordTypeName": {
          "datatype": "string",
          "expression": ""
        },
        "rec_type": {
          "datatype": "nstring",
          "expression": ""
        },
        "FILTER_CONDITION": ""
      }
    },
    {
      "name": "exp_transformation",
      "type": "Expression",
      "properties": {
        "rec_type": {
          "datatype": "nstring",
          "expression": ""
        },
        "Id": {
          "datatype": "string",
          "expression": ""
        },
        "Id_Var": {
          "datatype": "string",
          "expression": "'ORG_'||Id"
        },
        "Id_Out": {
          "datatype": "string",
          "expression": "Id_Var"
        },
        "ParentId": {
          "datatype": "string",
          "expression": ""
        },
        "ParentId_Var": {
          "datatype": "string",
          "expression": "'ORG_'||ParentId"
        },
        "ParentId_Out": {
          "datatype": "string",
          "expression": "ParentId_Var"
        },
        "CreatedDate": {
          "datatype": "string",
          "expression": "CreatedDate"
        },
        "LastModifiedDate": {
          "datatype": "string",
          "expression": "LastModifiedDate"
        },
        "Status__c": {
          "datatype": "string",
          "expression": ""
        },
        "Relationship_Status_var": {
          "datatype": "integer",
          "expression": ":LKP.lkp_values(Status__c,'PARTY_RLNSPL_STATUS_ID')"
        },
        "Relationship_Status_var2": {
          "datatype": "bigint",
          "expression": "IIF(ISNULL(Status__c),NULL,IIF(ISNULL(Relationship_Status_var), 9999,Relationship_Status_var ))\r\n"
        },
        "Relationship_Status_out": {
          "datatype": "bigint",
          "expression": "Relationship_Status_var2"
        },
        "PRIMARY_INDICATOR": {
          "datatype": "string",
          "expression": "IIF( rec_type='LIC' ,'Y','N')"
        },
        "Relationship_Type_var": {
          "datatype": "integer",
          "expression": "IIF( rec_type='LIC' ,:LKP.lkp_values('Is Child Of','RELATIONSHIP_TYPE_ID'),:LKP.lkp_values('CAR to AFS Licensee','RELATIONSHIP_TYPE_ID'))"
        },
        "Relationship_Type_out": {
          "datatype": "bigint",
          "expression": "Relationship_Type_var"
        },
        "Source_System_Name": {
          "datatype": "string",
          "expression": "Source_System_Name"
        },
        "Eff_End_Date": {
          "datatype": "date/time",
          "expression": "to_date('12/31/9999','MM/DD/YYYY')"
        },
        "LastModifiedByAlias": {
          "datatype": "string",
          "expression": "LastModifiedByAlias"
        },
        "CreatedByAlias": {
          "datatype": "string",
          "expression": "CreatedByAlias"
        },
        "SOURCE_PARTY_RLNSP_ID": {
          "datatype": "string",
          "expression": "Id || ParentId"
        },
        "PARENT_SOURCE_SYSTEM": {
          "datatype": "string",
          "expression": "'SFDC'"
        },
        "MAPPING_NAME": {
          "datatype": "string",
          "expression": "$PMMappingName"
        }
      }
    },
    {
      "name": "SQ_pre_land_sfdc_organization",
      "type": "Source Qualifier",
      "properties": {
        "Id": {
          "datatype": "string",
          "expression": ""
        },
        "ParentId": {
          "datatype": "string",
          "expression": ""
        },
        "Tier__c": {
          "datatype": "string",
          "expression": ""
        },
        "Status__c": {
          "datatype": "string",
          "expression": ""
        },
        "RecordTypeName": {
          "datatype": "string",
          "expression": ""
        },
        "CRD__c": {
          "datatype": "string",
          "expression": ""
        },
        "Registration_Type__c": {
          "datatype": "string",
          "expression": ""
        },
        "Primary_CG_Org_Owner__c": {
          "datatype": "string",
          "expression": ""
        },
        "Primary_CG_Org_Owner__r_alias": {
          "datatype": "string",
          "expression": ""
        },
        "Primary_CG_Org_Owner__r_Associate_ID__c": {
          "datatype": "string",
          "expression": ""
        },
        "Primary_Channel__c": {
          "datatype": "string",
          "expression": ""
        },
        "Type": {
          "datatype": "string",
          "expression": ""
        },
        "Organization_Direct__c": {
          "datatype": "string",
          "expression": ""
        },
        "Name": {
          "datatype": "nstring",
          "expression": ""
        },
        "Marketing_Email_Restriction__c": {
          "datatype": "string",
          "expression": ""
        },
        "Organization_ID__c": {
          "datatype": "string",
          "expression": ""
        },
        "BillingStreet": {
          "datatype": "nstring",
          "expression": ""
        },
        "BillingCity": {
          "datatype": "nstring",
          "expression": ""
        },
        "BillingState": {
          "datatype": "nstring",
          "expression": ""
        },
        "BillingPostalCode": {
          "datatype": "string",
          "expression": ""
        },
        "BillingCountry": {
          "datatype": "nstring",
          "expression": ""
        },
        "IsDeleted": {
          "datatype": "string",
          "expression": ""
        },
        "CreatedByAlias": {
          "datatype": "string",
          "expression": ""
        },
        "CreatedDate": {
          "datatype": "string",
          "expression": ""
        },
        "LastModifiedByAlias": {
          "datatype": "string",
          "expression": ""
        },
        "LastModifiedDate": {
          "datatype": "string",
          "expression": ""
        },
        "GU_ID__c": {
          "datatype": "string",
          "expression": ""
        },
        "Source_System_Name": {
          "datatype": "string",
          "expression": ""
        },
        "Primary_Address_Type__c": {
          "datatype": "string",
          "expression": ""
        },
        "Secondary_Address_Type__c": {
          "datatype": "string",
          "expression": ""
        },
        "Location_Type__c": {
          "datatype": "string",
          "expression": ""
        },
        "Legal_Name__c": {
          "datatype": "nstring",
          "expression": ""
        },
        "SEC__c": {
          "datatype": "string",
          "expression": ""
        },
        "ShippingStreet": {
          "datatype": "nstring",
          "expression": ""
        },
        "ShippingCity": {
          "datatype": "nstring",
          "expression": ""
        },
        "ShippingState": {
          "datatype": "nstring",
          "expression": ""
        },
        "ShippingPostalCode": {
          "datatype": "nstring",
          "expression": ""
        },
        "ShippingCountry": {
          "datatype": "nstring",
          "expression": ""
        },
        "Corporate_Structure__c": {
          "datatype": "string",
          "expression": ""
        },
        "Inactivated_Date__c": {
          "datatype": "string",
          "expression": ""
        },
        "Org_Tax_ID_Number__c": {
          "datatype": "string",
          "expression": ""
        },
        "Phone": {
          "datatype": "nstring",
          "expression": ""
        },
        "Fax": {
          "datatype": "nstring",
          "expression": ""
        },
        "Website": {
          "datatype": "nstring",
          "expression": ""
        },
        "rec_type": {
          "datatype": "nstring",
          "expression": ""
        }
      }
    },
    {
      "name": "lkp_values",
      "type": "Lookup Procedure",
      "properties": {
        "src_val_in": {
          "datatype": "string",
          "expression": ""
        },
        "attrib_nm_in": {
          "datatype": "string",
          "expression": ""
        },
        "src_sys_nm": {
          "datatype": "string",
          "expression": ""
        },
        "attrib_nm": {
          "datatype": "string",
          "expression": ""
        },
        "src_val": {
          "datatype": "string",
          "expression": ""
        },
        "std_lkup_id": {
          "datatype": "integer",
          "expression": ""
        }
      }
    }
  ],
  "connections": [
    {
      "from_instance": "exp_transformation",
      "from_field": "Source_System_Name",
      "to_instance": "TODAY_PARTY_REL_XFORM",
      "to_field": "source_system"
    },
    {
      "from_instance": "exp_transformation",
      "from_field": "SOURCE_PARTY_RLNSP_ID",
      "to_instance": "TODAY_PARTY_REL_XFORM",
      "to_field": "source_party_rlnsp_id"
    },
    {
      "from_instance": "exp_transformation",
      "from_field": "Relationship_Type_out",
      "to_instance": "TODAY_PARTY_REL_XFORM",
      "to_field": "relationship_type_id"
    },
    {
      "from_instance": "exp_transformation",
      "from_field": "ParentId_Out",
      "to_instance": "TODAY_PARTY_REL_XFORM",
      "to_field": "to_source_party_id"
    },
    {
      "from_instance": "exp_transformation",
      "from_field": "Id_Out",
      "to_instance": "TODAY_PARTY_REL_XFORM",
      "to_field": "from_source_party_id"
    },
    {
      "from_instance": "exp_transformation",
      "from_field": "PARENT_SOURCE_SYSTEM",
      "to_instance": "TODAY_PARTY_REL_XFORM",
      "to_field": "from_party_source_system"
    },
    {
      "from_instance": "exp_transformation",
      "from_field": "PARENT_SOURCE_SYSTEM",
      "to_instance": "TODAY_PARTY_REL_XFORM",
      "to_field": "to_party_source_system"
    },
    {
      "from_instance": "exp_transformation",
      "from_field": "MAPPING_NAME",
      "to_instance": "TODAY_PARTY_REL_XFORM",
      "to_field": "mapping_name"
    },
    {
      "from_instance": "exp_transformation",
      "from_field": "CreatedByAlias",
      "to_instance": "TODAY_PARTY_REL_XFORM",
      "to_field": "created_by"
    },
    {
      "from_instance": "exp_transformation",
      "from_field": "Relationship_Status_out",
      "to_instance": "TODAY_PARTY_REL_XFORM",
      "to_field": "status_id"
    },
    {
      "from_instance": "exp_transformation",
      "from_field": "PRIMARY_INDICATOR",
      "to_instance": "TODAY_PARTY_REL_XFORM",
      "to_field": "primary_indicator"
    },
    {
      "from_instance": "exp_transformation",
      "from_field": "LastModifiedDate",
      "to_instance": "TODAY_PARTY_REL_XFORM",
      "to_field": "last_updated_date"
    },
    {
      "from_instance": "exp_transformation",
      "from_field": "CreatedDate",
      "to_instance": "TODAY_PARTY_REL_XFORM",
      "to_field": "created_date"
    },
    {
      "from_instance": "exp_transformation",
      "from_field": "LastModifiedByAlias",
      "to_instance": "TODAY_PARTY_REL_XFORM",
      "to_field": "last_updated_by"
    },
    {
      "from_instance": "pre_land_sfdc_organization",
      "from_field": "Registration_Type__c",
      "to_instance": "SQ_pre_land_sfdc_organization",
      "to_field": "Registration_Type__c"
    },
    {
      "from_instance": "pre_land_sfdc_organization",
      "from_field": "Primary_CG_Org_Owner__c",
      "to_instance": "SQ_pre_land_sfdc_organization",
      "to_field": "Primary_CG_Org_Owner__c"
    },
    {
      "from_instance": "pre_land_sfdc_organization",
      "from_field": "Primary_CG_Org_Owner__r_alias",
      "to_instance": "SQ_pre_land_sfdc_organization",
      "to_field": "Primary_CG_Org_Owner__r_alias"
    },
    {
      "from_instance": "pre_land_sfdc_organization",
      "from_field": "Primary_CG_Org_Owner__r_Associate_ID__c",
      "to_instance": "SQ_pre_land_sfdc_organization",
      "to_field": "Primary_CG_Org_Owner__r_Associate_ID__c"
    },
    {
      "from_instance": "pre_land_sfdc_organization",
      "from_field": "Primary_Channel__c",
      "to_instance": "SQ_pre_land_sfdc_organization",
      "to_field": "Primary_Channel__c"
    },
    {
      "from_instance": "pre_land_sfdc_organization",
      "from_field": "Type",
      "to_instance": "SQ_pre_land_sfdc_organization",
      "to_field": "Type"
    },
    {
      "from_instance": "pre_land_sfdc_organization",
      "from_field": "Organization_Direct__c",
      "to_instance": "SQ_pre_land_sfdc_organization",
      "to_field": "Organization_Direct__c"
    },
    {
      "from_instance": "pre_land_sfdc_organization",
      "from_field": "Name",
      "to_instance": "SQ_pre_land_sfdc_organization",
      "to_field": "Name"
    },
    {
      "from_instance": "pre_land_sfdc_organization",
      "from_field": "Marketing_Email_Restriction__c",
      "to_instance": "SQ_pre_land_sfdc_organization",
      "to_field": "Marketing_Email_Restriction__c"
    },
    {
      "from_instance": "pre_land_sfdc_organization",
      "from_field": "Organization_ID__c",
      "to_instance": "SQ_pre_land_sfdc_organization",
      "to_field": "Organization_ID__c"
    },
    {
      "from_instance": "pre_land_sfdc_organization",
      "from_field": "BillingPostalCode",
      "to_instance": "SQ_pre_land_sfdc_organization",
      "to_field": "BillingPostalCode"
    },
    {
      "from_instance": "pre_land_sfdc_organization",
      "from_field": "BillingStreet",
      "to_instance": "SQ_pre_land_sfdc_organization",
      "to_field": "BillingStreet"
    },
    {
      "from_instance": "pre_land_sfdc_organization",
      "from_field": "BillingCity",
      "to_instance": "SQ_pre_land_sfdc_organization",
      "to_field": "BillingCity"
    },
    {
      "from_instance": "pre_land_sfdc_organization",
      "from_field": "BillingState",
      "to_instance": "SQ_pre_land_sfdc_organization",
      "to_field": "BillingState"
    },
    {
      "from_instance": "pre_land_sfdc_organization",
      "from_field": "BillingCountry",
      "to_instance": "SQ_pre_land_sfdc_organization",
      "to_field": "BillingCountry"
    },
    {
      "from_instance": "pre_land_sfdc_organization",
      "from_field": "IsDeleted",
      "to_instance": "SQ_pre_land_sfdc_organization",
      "to_field": "IsDeleted"
    },
    {
      "from_instance": "pre_land_sfdc_organization",
      "from_field": "CreatedByAlias",
      "to_instance": "SQ_pre_land_sfdc_organization",
      "to_field": "CreatedByAlias"
    },
    {
      "from_instance": "pre_land_sfdc_organization",
      "from_field": "CreatedDate",
      "to_instance": "SQ_pre_land_sfdc_organization",
      "to_field": "CreatedDate"
    },
    {
      "from_instance": "pre_land_sfdc_organization",
      "from_field": "LastModifiedByAlias",
      "to_instance": "SQ_pre_land_sfdc_organization",
      "to_field": "LastModifiedByAlias"
    },
    {
      "from_instance": "pre_land_sfdc_organization",
      "from_field": "LastModifiedDate",
      "to_instance": "SQ_pre_land_sfdc_organization",
      "to_field": "LastModifiedDate"
    },
    {
      "from_instance": "pre_land_sfdc_organization",
      "from_field": "GU_ID__c",
      "to_instance": "SQ_pre_land_sfdc_organization",
      "to_field": "GU_ID__c"
    },
    {
      "from_instance": "pre_land_sfdc_organization",
      "from_field": "Source_System_Name",
      "to_instance": "SQ_pre_land_sfdc_organization",
      "to_field": "Source_System_Name"
    },
    {
      "from_instance": "pre_land_sfdc_organization",
      "from_field": "Primary_Address_Type__c",
      "to_instance": "SQ_pre_land_sfdc_organization",
      "to_field": "Primary_Address_Type__c"
    },
    {
      "from_instance": "pre_land_sfdc_organization",
      "from_field": "Secondary_Address_Type__c",
      "to_instance": "SQ_pre_land_sfdc_organization",
      "to_field": "Secondary_Address_Type__c"
    },
    {
      "from_instance": "pre_land_sfdc_organization",
      "from_field": "Location_Type__c",
      "to_instance": "SQ_pre_land_sfdc_organization",
      "to_field": "Location_Type__c"
    },
    {
      "from_instance": "pre_land_sfdc_organization",
      "from_field": "Legal_Name__c",
      "to_instance": "SQ_pre_land_sfdc_organization",
      "to_field": "Legal_Name__c"
    },
    {
      "from_instance": "pre_land_sfdc_organization",
      "from_field": "SEC__c",
      "to_instance": "SQ_pre_land_sfdc_organization",
      "to_field": "SEC__c"
    },
    {
      "from_instance": "pre_land_sfdc_organization",
      "from_field": "ShippingStreet",
      "to_instance": "SQ_pre_land_sfdc_organization",
      "to_field": "ShippingStreet"
    },
    {
      "from_instance": "pre_land_sfdc_organization",
      "from_field": "ShippingCity",
      "to_instance": "SQ_pre_land_sfdc_organization",
      "to_field": "ShippingCity"
    },
    {
      "from_instance": "pre_land_sfdc_organization",
      "from_field": "ShippingState",
      "to_instance": "SQ_pre_land_sfdc_organization",
      "to_field": "ShippingState"
    },
    {
      "from_instance": "pre_land_sfdc_organization",
      "from_field": "ShippingPostalCode",
      "to_instance": "SQ_pre_land_sfdc_organization",
      "to_field": "ShippingPostalCode"
    },
    {
      "from_instance": "pre_land_sfdc_organization",
      "from_field": "Website",
      "to_instance": "SQ_pre_land_sfdc_organization",
      "to_field": "rec_type"
    },
    {
      "from_instance": "pre_land_sfdc_organization",
      "from_field": "ShippingCountry",
      "to_instance": "SQ_pre_land_sfdc_organization",
      "to_field": "ShippingCountry"
    },
    {
      "from_instance": "pre_land_sfdc_organization",
      "from_field": "Website",
      "to_instance": "SQ_pre_land_sfdc_organization",
      "to_field": "Website"
    },
    {
      "from_instance": "pre_land_sfdc_organization",
      "from_field": "Corporate_Structure__c",
      "to_instance": "SQ_pre_land_sfdc_organization",
      "to_field": "Corporate_Structure__c"
    },
    {
      "from_instance": "pre_land_sfdc_organization",
      "from_field": "Inactivated_Date__c",
      "to_instance": "SQ_pre_land_sfdc_organization",
      "to_field": "Inactivated_Date__c"
    },
    {
      "from_instance": "pre_land_sfdc_organization",
      "from_field": "Org_Tax_ID_Number__c",
      "to_instance": "SQ_pre_land_sfdc_organization",
      "to_field": "Org_Tax_ID_Number__c"
    },
    {
      "from_instance": "pre_land_sfdc_organization",
      "from_field": "Phone",
      "to_instance": "SQ_pre_land_sfdc_organization",
      "to_field": "Phone"
    },
    {
      "from_instance": "pre_land_sfdc_organization",
      "from_field": "Fax",
      "to_instance": "SQ_pre_land_sfdc_organization",
      "to_field": "Fax"
    },
    {
      "from_instance": "pre_land_sfdc_organization",
      "from_field": "Id",
      "to_instance": "SQ_pre_land_sfdc_organization",
      "to_field": "Id"
    },
    {
      "from_instance": "pre_land_sfdc_organization",
      "from_field": "ParentId",
      "to_instance": "SQ_pre_land_sfdc_organization",
      "to_field": "ParentId"
    },
    {
      "from_instance": "pre_land_sfdc_organization",
      "from_field": "Tier__c",
      "to_instance": "SQ_pre_land_sfdc_organization",
      "to_field": "Tier__c"
    },
    {
      "from_instance": "pre_land_sfdc_organization",
      "from_field": "Status__c",
      "to_instance": "SQ_pre_land_sfdc_organization",
      "to_field": "Status__c"
    },
    {
      "from_instance": "pre_land_sfdc_organization",
      "from_field": "RecordTypeName",
      "to_instance": "SQ_pre_land_sfdc_organization",
      "to_field": "RecordTypeName"
    },
    {
      "from_instance": "pre_land_sfdc_organization",
      "from_field": "CRD__c",
      "to_instance": "SQ_pre_land_sfdc_organization",
      "to_field": "CRD__c"
    },
    {
      "from_instance": "SQ_pre_land_sfdc_organization",
      "from_field": "Id",
      "to_instance": "fltr_as_reqrd",
      "to_field": "Id"
    },
    {
      "from_instance": "SQ_pre_land_sfdc_organization",
      "from_field": "ParentId",
      "to_instance": "fltr_as_reqrd",
      "to_field": "ParentId"
    },
    {
      "from_instance": "SQ_pre_land_sfdc_organization",
      "from_field": "CreatedDate",
      "to_instance": "fltr_as_reqrd",
      "to_field": "CreatedDate"
    },
    {
      "from_instance": "SQ_pre_land_sfdc_organization",
      "from_field": "LastModifiedDate",
      "to_instance": "fltr_as_reqrd",
      "to_field": "LastModifiedDate"
    },
    {
      "from_instance": "SQ_pre_land_sfdc_organization",
      "from_field": "Status__c",
      "to_instance": "fltr_as_reqrd",
      "to_field": "Status__c"
    },
    {
      "from_instance": "SQ_pre_land_sfdc_organization",
      "from_field": "Source_System_Name",
      "to_instance": "fltr_as_reqrd",
      "to_field": "Source_System_Name"
    },
    {
      "from_instance": "SQ_pre_land_sfdc_organization",
      "from_field": "LastModifiedByAlias",
      "to_instance": "fltr_as_reqrd",
      "to_field": "LastModifiedByAlias"
    },
    {
      "from_instance": "SQ_pre_land_sfdc_organization",
      "from_field": "CreatedByAlias",
      "to_instance": "fltr_as_reqrd",
      "to_field": "CreatedByAlias"
    },
    {
      "from_instance": "SQ_pre_land_sfdc_organization",
      "from_field": "Source_System_Name",
      "to_instance": "fltr_as_reqrd",
      "to_field": "Source_System_Name1"
    },
    {
      "from_instance": "SQ_pre_land_sfdc_organization",
      "from_field": "RecordTypeName",
      "to_instance": "fltr_as_reqrd",
      "to_field": "RecordTypeName"
    },
    {
      "from_instance": "SQ_pre_land_sfdc_organization",
      "from_field": "rec_type",
      "to_instance": "fltr_as_reqrd",
      "to_field": "rec_type"
    },
    {
      "from_instance": "fltr_as_reqrd",
      "from_field": "Id",
      "to_instance": "exp_transformation",
      "to_field": "Id"
    },
    {
      "from_instance": "fltr_as_reqrd",
      "from_field": "ParentId",
      "to_instance": "exp_transformation",
      "to_field": "ParentId"
    },
    {
      "from_instance": "fltr_as_reqrd",
      "from_field": "CreatedDate",
      "to_instance": "exp_transformation",
      "to_field": "CreatedDate"
    },
    {
      "from_instance": "fltr_as_reqrd",
      "from_field": "LastModifiedDate",
      "to_instance": "exp_transformation",
      "to_field": "LastModifiedDate"
    },
    {
      "from_instance": "fltr_as_reqrd",
      "from_field": "Status__c",
      "to_instance": "exp_transformation",
      "to_field": "Status__c"
    },
    {
      "from_instance": "fltr_as_reqrd",
      "from_field": "Source_System_Name",
      "to_instance": "exp_transformation",
      "to_field": "Source_System_Name"
    },
    {
      "from_instance": "fltr_as_reqrd",
      "from_field": "LastModifiedByAlias",
      "to_instance": "exp_transformation",
      "to_field": "LastModifiedByAlias"
    },
    {
      "from_instance": "fltr_as_reqrd",
      "from_field": "CreatedByAlias",
      "to_instance": "exp_transformation",
      "to_field": "CreatedByAlias"
    },
    {
      "from_instance": "fltr_as_reqrd",
      "from_field": "rec_type",
      "to_instance": "exp_transformation",
      "to_field": "rec_type"
    }
  ],
  "mappings": [
    {
      "name": "m_landing_sfdc_to_cdm_organization_party_rel",
      "instances": [
        {
          "name": "TODAY_PARTY_REL_XFORM",
          "type": "TARGET",
          "transformation": ""
        },
        {
          "name": "pre_land_sfdc_organization",
          "type": "SOURCE",
          "transformation": ""
        },
        {
          "name": "fltr_as_reqrd",
          "type": "TRANSFORMATION",
          "transformation": ""
        },
        {
          "name": "exp_transformation",
          "type": "TRANSFORMATION",
          "transformation": ""
        },
        {
          "name": "SQ_pre_land_sfdc_organization",
          "type": "TRANSFORMATION",
          "transformation": ""
        },
        {
          "name": "lkp_values",
          "type": "TRANSFORMATION",
          "transformation": ""
        }
      ]
    }
  ]
}